[1/2122] Generating project_elf_src_esp32s3.c
[2/2122] Preprocessing linker script /home/ludovic/dev/esp-idf-6.1/components/esp_system/ld/esp32s3/sections.ld.in -> /home/ludovic/dev/matter-esp32-home-energy-manager/firmware/build/esp-idf/esp_system/ld/sections.ld.in
[3/2122] Preprocessing linker script /home/ludovic/dev/esp-idf-6.1/components/esp_system/ld/esp32s3/memory.ld.in -> /home/ludovic/dev/matter-esp32-home-energy-manager/firmware/build/esp-idf/esp_system/ld/memory.ld
[4/2122] Generating ../../ota_data_initial.bin
[5/2122] Building C object esp-idf/mbedtls/mbedtls/tf-psa-crypto/drivers/everest/CMakeFiles/everest.dir/library/x25519.c.obj
[6/2122] Building C object esp-idf/mbedtls/mbedtls/tf-psa-crypto/drivers/everest/CMakeFiles/everest.dir/library/Hacl_Curve25519_joined.c.obj
[7/2122] Generating args.gn
[8/2122] Building C object esp-idf/mbedtls/mbedtls/tf-psa-crypto/drivers/p256-m/CMakeFiles/p256-m.dir/p256-m/p256-m.c.obj
[9/2122] Building C object esp-idf/mbedtls/mbedtls/tf-psa-crypto/drivers/p256-m/CMakeFiles/p256-m.dir/p256-m_driver_entrypoints.c.obj
[10/2122] Building C object esp-idf/mbedtls/mbedtls/tf-psa-crypto/drivers/builtin/CMakeFiles/builtin.dir/src/aesni.c.obj
[11/2122] Building C object esp-idf/mbedtls/mbedtls/tf-psa-crypto/drivers/builtin/CMakeFiles/builtin.dir/src/aria.c.obj
[12/2122] Building C object esp-idf/mbedtls/mbedtls/tf-psa-crypto/drivers/builtin/CMakeFiles/builtin.dir/src/aesce.c.obj
[13/2122] Generating ../../partition_table/partition-table.bin
Partition table binary generated. Contents:
*******************************************************************************
# ESP-IDF Partition Table
# Name, Type, SubType, Offset, Size, Flags
esp_secure_cert,63,6,0xd000,8K,encrypted
nvs,data,nvs,0x10000,48K,
nvs_keys,data,nvs_keys,0x1c000,4K,encrypted
otadata,data,ota,0x1d000,8K,
phy_init,data,phy,0x1f000,4K,
ota_0,app,ota_0,0x20000,1536K,
ota_1,app,ota_1,0x1a0000,1536K,
paa_cert,data,spiffs,0x320000,128K,
storage,data,spiffs,0x340000,2M,
config,data,spiffs,0x540000,512K,
*******************************************************************************
[14/2122] Creating directories for 'bootloader'
[15/2122] Building C object esp-idf/mbedtls/mbedtls/tf-psa-crypto/drivers/builtin/CMakeFiles/builtin.dir/src/bignum_mod.c.obj
[16/2122] No download step for 'bootloader'
[17/2122] No update step for 'bootloader'
[18/2122] Building C object esp-idf/mbedtls/mbedtls/tf-psa-crypto/drivers/builtin/CMakeFiles/builtin.dir/src/bignum_mod_raw.c.obj
[19/2122] No patch step for 'bootloader'
[20/2122] Building C object esp-idf/mbedtls/mbedtls/tf-psa-crypto/drivers/builtin/CMakeFiles/builtin.dir/src/block_cipher.c.obj
[21/2122] Building C object esp-idf/mbedtls/mbedtls/tf-psa-crypto/drivers/builtin/CMakeFiles/builtin.dir/src/camellia.c.obj
[22/2122] Building C object esp-idf/mbedtls/mbedtls/tf-psa-crypto/drivers/builtin/CMakeFiles/builtin.dir/src/aes.c.obj
[23/2122] Building C object esp-idf/mbedtls/mbedtls/tf-psa-crypto/drivers/builtin/CMakeFiles/builtin.dir/src/chacha20.c.obj
[24/2122] Building C object esp-idf/mbedtls/mbedtls/tf-psa-crypto/drivers/builtin/CMakeFiles/builtin.dir/src/chacha20_neon.c.obj
[25/2122] Building C object esp-idf/mbedtls/mbedtls/tf-psa-crypto/drivers/builtin/CMakeFiles/builtin.dir/src/chachapoly.c.obj
[26/2122] Building C object esp-idf/mbedtls/mbedtls/tf-psa-crypto/drivers/builtin/CMakeFiles/builtin.dir/src/ccm.c.obj
[27/2122] Building C object esp-idf/mbedtls/mbedtls/tf-psa-crypto/drivers/builtin/CMakeFiles/builtin.dir/src/bignum_core.c.obj
[28/2122] Building C object esp-idf/mbedtls/mbedtls/tf-psa-crypto/drivers/builtin/CMakeFiles/builtin.dir/src/cipher_wrap.c.obj
[29/2122] Building C object esp-idf/mbedtls/mbedtls/tf-psa-crypto/drivers/builtin/CMakeFiles/builtin.dir/src/bignum.c.obj
[30/2122] Building C object esp-idf/mbedtls/mbedtls/tf-psa-crypto/drivers/builtin/CMakeFiles/builtin.dir/src/cmac.c.obj
[31/2122] Building C object esp-idf/mbedtls/mbedtls/tf-psa-crypto/drivers/builtin/CMakeFiles/builtin.dir/src/cipher.c.obj
[32/2122] Building C object esp-idf/mbedtls/mbedtls/tf-psa-crypto/drivers/builtin/CMakeFiles/builtin.dir/src/ecjpake.c.obj
[33/2122] Building C object esp-idf/mbedtls/mbedtls/tf-psa-crypto/drivers/builtin/CMakeFiles/builtin.dir/src/ctr_drbg.c.obj
[34/2122] Building C object esp-idf/mbedtls/mbedtls/tf-psa-crypto/drivers/builtin/CMakeFiles/builtin.dir/src/ecp_curves_new.c.obj
[35/2122] Building C object esp-idf/mbedtls/mbedtls/tf-psa-crypto/drivers/builtin/CMakeFiles/builtin.dir/src/ecdsa.c.obj
[36/2122] Building C object esp-idf/mbedtls/mbedtls/tf-psa-crypto/drivers/builtin/CMakeFiles/builtin.dir/src/entropy.c.obj
[37/2122] Building C object esp-idf/mbedtls/mbedtls/tf-psa-crypto/drivers/builtin/CMakeFiles/builtin.dir/src/entropy_poll.c.obj
[38/2122] Building C object esp-idf/mbedtls/mbedtls/tf-psa-crypto/drivers/builtin/CMakeFiles/builtin.dir/src/hmac_drbg.c.obj
[39/2122] Building C object esp-idf/mbedtls/mbedtls/tf-psa-crypto/drivers/builtin/CMakeFiles/builtin.dir/src/md5.c.obj
[40/2122] Building C object esp-idf/mbedtls/mbedtls/tf-psa-crypto/drivers/builtin/CMakeFiles/builtin.dir/src/poly1305.c.obj
[41/2122] Building C object esp-idf/mbedtls/mbedtls/tf-psa-crypto/drivers/builtin/CMakeFiles/builtin.dir/src/ecp_curves.c.obj
[42/2122] Building C object esp-idf/mbedtls/mbedtls/tf-psa-crypto/drivers/builtin/CMakeFiles/builtin.dir/src/psa_crypto_aead.c.obj
[43/2122] Building C object esp-idf/mbedtls/mbedtls/tf-psa-crypto/drivers/builtin/CMakeFiles/builtin.dir/src/gcm.c.obj
[44/2122] Building C object esp-idf/mbedtls/mbedtls/tf-psa-crypto/drivers/builtin/CMakeFiles/builtin.dir/src/psa_crypto_ecp.c.obj
[45/2122] Building C object esp-idf/mbedtls/mbedtls/tf-psa-crypto/drivers/builtin/CMakeFiles/builtin.dir/src/psa_crypto_cipher.c.obj
[46/2122] Building C object esp-idf/mbedtls/mbedtls/tf-psa-crypto/drivers/builtin/CMakeFiles/builtin.dir/src/psa_crypto_ffdh.c.obj
[47/2122] Building C object esp-idf/mbedtls/mbedtls/tf-psa-crypto/drivers/builtin/CMakeFiles/builtin.dir/src/psa_crypto_hash.c.obj
[48/2122] Building C object esp-idf/mbedtls/mbedtls/tf-psa-crypto/drivers/builtin/CMakeFiles/builtin.dir/src/ecp.c.obj
[49/2122] Building C object esp-idf/mbedtls/mbedtls/tf-psa-crypto/drivers/builtin/CMakeFiles/builtin.dir/src/psa_crypto_pake.c.obj
[50/2122] Building C object esp-idf/mbedtls/mbedtls/tf-psa-crypto/drivers/builtin/CMakeFiles/builtin.dir/src/psa_crypto_mac.c.obj
[51/2122] Building C object esp-idf/mbedtls/mbedtls/tf-psa-crypto/drivers/builtin/CMakeFiles/builtin.dir/src/ripemd160.c.obj
[52/2122] Building C object esp-idf/mbedtls/mbedtls/tf-psa-crypto/drivers/builtin/CMakeFiles/builtin.dir/src/psa_crypto_xof.c.obj
[53/2122] Building C object esp-idf/mbedtls/mbedtls/tf-psa-crypto/drivers/builtin/CMakeFiles/builtin.dir/src/psa_util_internal.c.obj
[54/2122] Building C object esp-idf/mbedtls/mbedtls/tf-psa-crypto/drivers/builtin/CMakeFiles/builtin.dir/src/sha1.c.obj
[55/2122] Building C object esp-idf/mbedtls/mbedtls/tf-psa-crypto/drivers/builtin/CMakeFiles/builtin.dir/src/rsa_alt_helpers.c.obj
[56/2122] Building C object esp-idf/mbedtls/mbedtls/tf-psa-crypto/drivers/builtin/CMakeFiles/builtin.dir/src/psa_crypto_rsa.c.obj
[57/2122] Building C object esp-idf/mbedtls/mbedtls/tf-psa-crypto/drivers/builtin/CMakeFiles/builtin.dir/src/sha512.c.obj
[58/2122] Building C object esp-idf/mbedtls/mbedtls/tf-psa-crypto/drivers/pqcp/CMakeFiles/pqcp.dir/src/psa_crypto_mldsa.c.obj
[59/2122] Building C object esp-idf/mbedtls/mbedtls/tf-psa-crypto/drivers/pqcp/CMakeFiles/pqcp.dir/src/wrap_mldsa_native.c.obj
[60/2122] Building C object esp-idf/mbedtls/mbedtls/tf-psa-crypto/extras/CMakeFiles/extras.dir/lmots.c.obj
[61/2122] Building C object esp-idf/mbedtls/mbedtls/tf-psa-crypto/drivers/builtin/CMakeFiles/builtin.dir/src/sha256.c.obj
[62/2122] Building C object esp-idf/mbedtls/mbedtls/tf-psa-crypto/extras/CMakeFiles/extras.dir/lms.c.obj
[63/2122] Building C object esp-idf/mbedtls/mbedtls/tf-psa-crypto/drivers/builtin/CMakeFiles/builtin.dir/src/sha3.c.obj
[64/2122] Building C object esp-idf/mbedtls/mbedtls/tf-psa-crypto/extras/CMakeFiles/extras.dir/nist_kw.c.obj
[65/2122] Building C object esp-idf/mbedtls/mbedtls/tf-psa-crypto/drivers/builtin/CMakeFiles/builtin.dir/src/rsa.c.obj
[66/2122] Building C object esp-idf/mbedtls/mbedtls/tf-psa-crypto/extras/CMakeFiles/extras.dir/pk_ecc.c.obj
[67/2122] Building C object esp-idf/mbedtls/mbedtls/tf-psa-crypto/extras/CMakeFiles/extras.dir/pk_rsa.c.obj
[68/2122] Building C object esp-idf/mbedtls/mbedtls/tf-psa-crypto/extras/CMakeFiles/extras.dir/md.c.obj
[69/2122] Building C object esp-idf/mbedtls/mbedtls/tf-psa-crypto/extras/CMakeFiles/extras.dir/pk_wrap.c.obj
[70/2122] Building C object esp-idf/mbedtls/mbedtls/tf-psa-crypto/platform/CMakeFiles/platform.dir/memory_buffer_alloc.c.obj
[71/2122] Building C object esp-idf/mbedtls/mbedtls/tf-psa-crypto/extras/CMakeFiles/extras.dir/pkwrite.c.obj
[72/2122] Building C object esp-idf/mbedtls/mbedtls/tf-psa-crypto/platform/CMakeFiles/platform.dir/platform.c.obj
[73/2122] Building C object esp-idf/mbedtls/mbedtls/tf-psa-crypto/extras/CMakeFiles/extras.dir/pk.c.obj
[74/2122] Building C object esp-idf/mbedtls/mbedtls/tf-psa-crypto/platform/CMakeFiles/platform.dir/platform_util.c.obj
[75/2122] Building C object esp-idf/mbedtls/mbedtls/tf-psa-crypto/extras/CMakeFiles/extras.dir/pkparse.c.obj
[76/2122] Building C object esp-idf/mbedtls/mbedtls/tf-psa-crypto/platform/CMakeFiles/platform.dir/threading.c.obj
[77/2122] Building C object esp-idf/mbedtls/mbedtls/tf-psa-crypto/utilities/CMakeFiles/utilities.dir/base64.c.obj
[78/2122] Building C object esp-idf/mbedtls/mbedtls/tf-psa-crypto/utilities/CMakeFiles/utilities.dir/asn1parse.c.obj
[79/2122] Building C object esp-idf/mbedtls/mbedtls/tf-psa-crypto/utilities/CMakeFiles/utilities.dir/constant_time.c.obj
[80/2122] Building C object esp-idf/mbedtls/mbedtls/tf-psa-crypto/utilities/CMakeFiles/utilities.dir/asn1write.c.obj
[81/2122] Building C object esp-idf/mbedtls/mbedtls/tf-psa-crypto/utilities/CMakeFiles/utilities.dir/oid.c.obj
[82/2122] Building C object esp-idf/mbedtls/mbedtls/tf-psa-crypto/utilities/CMakeFiles/utilities.dir/pem.c.obj
[83/2122] Building C object esp-idf/mbedtls/mbedtls/tf-psa-crypto/utilities/CMakeFiles/utilities.dir/pkcs5.c.obj
[84/2122] Building C object esp-idf/mbedtls/mbedtls/tf-psa-crypto/core/CMakeFiles/tfpsacrypto.dir/psa_crypto_random.c.obj
[85/2122] Building C object esp-idf/mbedtls/mbedtls/tf-psa-crypto/core/CMakeFiles/tfpsacrypto.dir/psa_crypto_client.c.obj
[86/2122] Building C object esp-idf/mbedtls/mbedtls/tf-psa-crypto/core/CMakeFiles/tfpsacrypto.dir/psa_its_file.c.obj
[87/2122] Building C object esp-idf/mbedtls/mbedtls/tf-psa-crypto/core/CMakeFiles/tfpsacrypto.dir/psa_crypto_storage.c.obj
[88/2122] Building C object esp-idf/mbedtls/mbedtls/tf-psa-crypto/core/CMakeFiles/tfpsacrypto.dir/psa_util.c.obj
[89/2122] Building C object esp-idf/mbedtls/mbedtls/tf-psa-crypto/core/CMakeFiles/tfpsacrypto.dir/psa_crypto_slot_management.c.obj
[90/2122] Building C object esp-idf/mbedtls/mbedtls/tf-psa-crypto/core/CMakeFiles/tfpsacrypto.dir/tf_psa_crypto_version.c.obj
[91/2122] Building C object esp-idf/mbedtls/mbedtls/tf-psa-crypto/core/CMakeFiles/tfpsacrypto.dir/tf_psa_crypto_config.c.obj
[92/2122] Building C object esp-idf/mbedtls/mbedtls/tf-psa-crypto/core/CMakeFiles/tfpsacrypto.dir/home/ludovic/dev/esp-idf-6.1/components/mbedtls/port/sha/core/esp_sha_gdma_impl.c.obj
[93/2122] Building C object esp-idf/mbedtls/mbedtls/tf-psa-crypto/core/CMakeFiles/tfpsacrypto.dir/psa_crypto_driver_wrappers_no_static.c.obj
[94/2122] Building C object esp-idf/mbedtls/mbedtls/tf-psa-crypto/core/CMakeFiles/tfpsacrypto.dir/home/ludovic/dev/esp-idf-6.1/components/mbedtls/port/aes/dma/esp_aes_gdma_impl.c.obj
[95/2122] Building C object esp-idf/mbedtls/mbedtls/tf-psa-crypto/core/CMakeFiles/tfpsacrypto.dir/home/ludovic/dev/esp-idf-6.1/components/mbedtls/port/psa_crypto_storage/esp_psa_its.c.obj
[96/2122] Building C object esp-idf/mbedtls/mbedtls/tf-psa-crypto/core/CMakeFiles/tfpsacrypto.dir/home/ludovic/dev/esp-idf-6.1/components/mbedtls/port/esp_hardware.c.obj
[97/2122] Building C object esp-idf/mbedtls/mbedtls/tf-psa-crypto/core/CMakeFiles/tfpsacrypto.dir/home/ludovic/dev/esp-idf-6.1/components/mbedtls/port/crypto_shared_gdma/esp_crypto_shared_gdma.c.obj
[98/2122] Building C object esp-idf/mbedtls/mbedtls/tf-psa-crypto/core/CMakeFiles/tfpsacrypto.dir/home/ludovic/dev/esp-idf-6.1/components/mbedtls/port/aes/dma/esp_aes_dma_core.c.obj
[99/2122] Building C object esp-idf/mbedtls/mbedtls/tf-psa-crypto/core/CMakeFiles/tfpsacrypto.dir/home/ludovic/dev/esp-idf-6.1/components/mbedtls/port/aes/esp_aes_xts.c.obj
[100/2122] Building C object esp-idf/mbedtls/mbedtls/tf-psa-crypto/core/CMakeFiles/tfpsacrypto.dir/home/ludovic/dev/esp-idf-6.1/components/mbedtls/port/aes/esp_aes_common.c.obj
[101/2122] Building C object esp-idf/mbedtls/mbedtls/tf-psa-crypto/core/CMakeFiles/tfpsacrypto.dir/home/ludovic/dev/esp-idf-6.1/components/mbedtls/port/psa_driver/esp_sha/psa_crypto_driver_esp_sha.c.obj
[102/2122] Building C object esp-idf/mbedtls/mbedtls/tf-psa-crypto/core/CMakeFiles/tfpsacrypto.dir/home/ludovic/dev/esp-idf-6.1/components/mbedtls/port/aes/esp_aes_gcm.c.obj
[103/2122] Building C object esp-idf/mbedtls/mbedtls/tf-psa-crypto/core/CMakeFiles/tfpsacrypto.dir/home/ludovic/dev/esp-idf-6.1/components/mbedtls/port/aes/esp_aes.c.obj
[104/2122] Building C object esp-idf/mbedtls/mbedtls/tf-psa-crypto/core/CMakeFiles/tfpsacrypto.dir/home/ludovic/dev/esp-idf-6.1/components/mbedtls/port/psa_driver/esp_sha/core/psa_crypto_driver_esp_sha256.c.obj
[105/2122] Building C object esp-idf/mbedtls/mbedtls/tf-psa-crypto/core/CMakeFiles/tfpsacrypto.dir/home/ludovic/dev/esp-idf-6.1/components/mbedtls/port/sha/esp_sha.c.obj
[106/2122] Building C object esp-idf/mbedtls/mbedtls/tf-psa-crypto/core/CMakeFiles/tfpsacrypto.dir/home/ludovic/dev/esp-idf-6.1/components/mbedtls/port/psa_driver/esp_sha/core/psa_crypto_driver_esp_sha512.c.obj
[107/2122] Building C object esp-idf/mbedtls/mbedtls/tf-psa-crypto/core/CMakeFiles/tfpsacrypto.dir/home/ludovic/dev/esp-idf-6.1/components/mbedtls/port/psa_driver/esp_mac/psa_crypto_driver_esp_hmac_transparent.c.obj
[108/2122] Building C object esp-idf/mbedtls/mbedtls/tf-psa-crypto/core/CMakeFiles/tfpsacrypto.dir/home/ludovic/dev/esp-idf-6.1/components/mbedtls/port/psa_driver/esp_sha/core/psa_crypto_driver_esp_sha1.c.obj
[109/2122] Building C object esp-idf/mbedtls/mbedtls/tf-psa-crypto/core/CMakeFiles/tfpsacrypto.dir/home/ludovic/dev/esp-idf-6.1/components/mbedtls/port/psa_driver/esp_md/psa_crypto_driver_esp_md5.c.obj
[110/2122] Building C object esp-idf/mbedtls/mbedtls/tf-psa-crypto/core/CMakeFiles/tfpsacrypto.dir/home/ludovic/dev/esp-idf-6.1/components/mbedtls/port/sha/core/sha.c.obj
[111/2122] Building C object esp-idf/mbedtls/mbedtls/tf-psa-crypto/core/CMakeFiles/tfpsacrypto.dir/home/ludovic/dev/esp-idf-6.1/components/mbedtls/port/psa_driver/esp_mac/psa_crypto_driver_esp_hmac_opaque.c.obj
[112/2122] Building C object esp-idf/mbedtls/mbedtls/tf-psa-crypto/core/CMakeFiles/tfpsacrypto.dir/home/ludovic/dev/esp-idf-6.1/components/mbedtls/port/psa_driver/esp_rsa_ds/psa_crypto_driver_esp_rsa_ds_utilities.c.obj
[113/2122] Building C object esp-idf/mbedtls/mbedtls/tf-psa-crypto/core/CMakeFiles/tfpsacrypto.dir/home/ludovic/dev/esp-idf-6.1/components/mbedtls/port/esp_hmac_pbkdf2.c.obj
[114/2122] Building C object esp-idf/mbedtls/mbedtls/tf-psa-crypto/core/CMakeFiles/tfpsacrypto.dir/home/ludovic/dev/esp-idf-6.1/components/mbedtls/port/bignum/bignum_alt.c.obj
[115/2122] Building C object esp-idf/mbedtls/mbedtls/tf-psa-crypto/core/CMakeFiles/tfpsacrypto.dir/home/ludovic/dev/esp-idf-6.1/components/mbedtls/port/bignum/esp_bignum.c.obj
[116/2122] Building C object esp-idf/mbedtls/mbedtls/tf-psa-crypto/core/CMakeFiles/tfpsacrypto.dir/home/ludovic/dev/esp-idf-6.1/components/mbedtls/port/psa_driver/esp_rsa_ds/psa_crypto_driver_esp_rsa_ds.c.obj
[117/2122] Building C object esp-idf/mbedtls/mbedtls/tf-psa-crypto/core/CMakeFiles/tfpsacrypto.dir/home/ludovic/dev/esp-idf-6.1/components/mbedtls/port/psa_driver/esp_aes/psa_crypto_driver_esp_aes_gcm.c.obj
[118/2122] Building C object esp-idf/mbedtls/mbedtls/tf-psa-crypto/core/CMakeFiles/tfpsacrypto.dir/home/ludovic/dev/esp-idf-6.1/components/mbedtls/port/psa_driver/esp_mac/psa_crypto_driver_esp_cmac.c.obj
[119/2122] Building C object esp-idf/mbedtls/mbedtls/library/CMakeFiles/mbedx509.dir/mbedtls_config.c.obj
[120/2122] Building C object esp-idf/mbedtls/mbedtls/tf-psa-crypto/core/CMakeFiles/tfpsacrypto.dir/home/ludovic/dev/esp-idf-6.1/components/mbedtls/port/psa_driver/esp_aes/psa_crypto_driver_esp_aes.c.obj
[121/2122] Building C object esp-idf/mbedtls/mbedtls/library/CMakeFiles/mbedx509.dir/error.c.obj
[122/2122] Building C object esp-idf/mbedtls/mbedtls/library/CMakeFiles/mbedx509.dir/x509_create.c.obj
[123/2122] Building C object esp-idf/mbedtls/mbedtls/library/CMakeFiles/mbedx509.dir/pkcs7.c.obj
[124/2122] Building C object esp-idf/mbedtls/mbedtls/library/CMakeFiles/mbedx509.dir/x509_crl.c.obj
[125/2122] Building C object esp-idf/mbedtls/mbedtls/tf-psa-crypto/core/CMakeFiles/tfpsacrypto.dir/psa_crypto.c.obj
[126/2122] Building C object esp-idf/mbedtls/mbedtls/library/CMakeFiles/mbedx509.dir/x509.c.obj
[127/2122] Building C object esp-idf/mbedtls/mbedtls/library/CMakeFiles/mbedx509.dir/x509_csr.c.obj
[128/2122] Building C object esp-idf/mbedtls/mbedtls/library/CMakeFiles/mbedx509.dir/x509_oid.c.obj
[129/2122] Building C object esp-idf/mbedtls/mbedtls/library/CMakeFiles/mbedx509.dir/x509write.c.obj
[130/2122] Building C object esp-idf/mbedtls/mbedtls/library/CMakeFiles/mbedx509.dir/x509write_crt.c.obj
[131/2122] Building C object esp-idf/mbedtls/mbedtls/library/CMakeFiles/mbedtls.dir/debug.c.obj
[132/2122] Building C object esp-idf/mbedtls/mbedtls/library/CMakeFiles/mbedx509.dir/x509write_csr.c.obj
[133/2122] Building C object esp-idf/mbedtls/mbedtls/library/CMakeFiles/mbedtls.dir/mps_reader.c.obj
[134/2122] Building C object esp-idf/mbedtls/mbedtls/library/CMakeFiles/mbedtls.dir/mps_trace.c.obj
[135/2122] Performing configure step for 'bootloader'
-- Found Git: /usr/bin/git (found version "2.55.0") 
-- Minimal build - OFF
-- The C compiler identification is GNU 15.2.0
-- The CXX compiler identification is GNU 15.2.0
-- The ASM compiler identification is GNU
-- Found assembler: /home/ludovic/.espressif/tools/xtensa-esp-elf/esp-15.2.0_20251204/xtensa-esp-elf/bin/xtensa-esp32s3-elf-gcc
-- Detecting C compiler ABI info
-- Detecting C compiler ABI info - done
-- Check for working C compiler: /home/ludovic/.espressif/tools/xtensa-esp-elf/esp-15.2.0_20251204/xtensa-esp-elf/bin/xtensa-esp32s3-elf-gcc - skipped
-- Detecting C compile features
-- Detecting C compile features - done
-- Detecting CXX compiler ABI info
-- Detecting CXX compiler ABI info - done
-- Check for working CXX compiler: /home/ludovic/.espressif/tools/xtensa-esp-elf/esp-15.2.0_20251204/xtensa-esp-elf/bin/xtensa-esp32s3-elf-g++ - skipped
-- Detecting CXX compile features
-- Detecting CXX compile features - done
-- Building ESP-IDF components for target esp32s3
-- KCONFIG_REPORT_VERBOSITY not set, using default
-- Project sdkconfig file /home/ludovic/dev/matter-esp32-home-energy-manager/firmware/sdkconfig
Default value for ESP_INT_WDT_TIMEOUT_MS in sdkconfig is 800 but it is 300 according to Kconfig.
Using default value from sdkconfig (800).
NOTE: Kconfig parser version: 1
NOTE: Kconfig defaults policy: use sdkconfig
NOTE: Status: Finished with notifications
NOTE: /home/ludovic/dev/esp-idf-6.1/components/esp_system/Kconfig:281: ESP_INT_WDT_TIMEOUT_MS: Kconfig default value: 300, sdkconfig default value: 800, using 800 from sdkconfig
-- Compiler supported targets: xtensa-esp-elf
-- Detecting C compiler ABI info
-- Detecting C compiler ABI info - done
-- Detecting CXX compiler ABI info
-- Detecting CXX compiler ABI info - done
-- Detecting C compiler ABI info
-- Detecting C compiler ABI info - done
-- Detecting CXX compiler ABI info
-- Detecting CXX compiler ABI info - done
-- Adding linker script /home/ludovic/dev/esp-idf-6.1/components/soc/esp32s3/ld/esp32s3.peripherals.ld
-- Adding linker script /home/ludovic/dev/esp-idf-6.1/components/esp_hal_regi2c/esp32s3/rom.regi2c.ld
-- Bootloader project name: "bootloader" version: 1
-- Adding linker script /home/ludovic/dev/esp-idf-6.1/components/esp_hal_wdt/esp32s3/rom.wdt.ld
-- Adding linker script /home/ludovic/dev/esp-idf-6.1/components/esp_rom/esp32s3/ld/esp32s3.rom.ld
-- Adding linker script /home/ludovic/dev/esp-idf-6.1/components/esp_rom/esp32s3/ld/esp32s3.rom.api.ld
-- Adding linker script /home/ludovic/dev/esp-idf-6.1/components/esp_rom/esp32s3/ld/esp32s3.rom.bt_funcs.ld
-- Adding linker script /home/ludovic/dev/esp-idf-6.1/components/esp_rom/esp32s3/ld/esp32s3.rom.libgcc.ld
-- Adding linker script /home/ludovic/dev/esp-idf-6.1/components/esp_rom/esp32s3/ld/esp32s3.rom.version.ld
-- Adding linker script /home/ludovic/dev/esp-idf-6.1/components/esp_rom/esp32s3/ld/esp32s3.rom.libc.ld
-- Components: bootloader bootloader_support efuse esp_app_format esp_blockdev esp_bootloader_format esp_common esp_hal_ana_conv esp_hal_clock esp_hal_dma esp_hal_gpio esp_hal_gpspi esp_hal_mspi esp_hal_pmu esp_hal_regi2c esp_hal_rtc_timer esp_hal_security esp_hal_systimer esp_hal_timg esp_hal_uart esp_hal_usb esp_hal_wdt esp_hw_support esp_libc esp_rom esp_security esp_stdio esp_system esptool_py freertos hal log main micro-ecc partition_table soc spi_flash xtensa
-- Component paths: /home/ludovic/dev/esp-idf-6.1/components/bootloader /home/ludovic/dev/esp-idf-6.1/components/bootloader_support /home/ludovic/dev/esp-idf-6.1/components/efuse /home/ludovic/dev/esp-idf-6.1/components/esp_app_format /home/ludovic/dev/esp-idf-6.1/components/esp_blockdev /home/ludovic/dev/esp-idf-6.1/components/esp_bootloader_format /home/ludovic/dev/esp-idf-6.1/components/esp_common /home/ludovic/dev/esp-idf-6.1/components/esp_hal_ana_conv /home/ludovic/dev/esp-idf-6.1/components/esp_hal_clock /home/ludovic/dev/esp-idf-6.1/components/esp_hal_dma /home/ludovic/dev/esp-idf-6.1/components/esp_hal_gpio /home/ludovic/dev/esp-idf-6.1/components/esp_hal_gpspi /home/ludovic/dev/esp-idf-6.1/components/esp_hal_mspi /home/ludovic/dev/esp-idf-6.1/components/esp_hal_pmu /home/ludovic/dev/esp-idf-6.1/components/esp_hal_regi2c /home/ludovic/dev/esp-idf-6.1/components/esp_hal_rtc_timer /home/ludovic/dev/esp-idf-6.1/components/esp_hal_security /home/ludovic/dev/esp-idf-6.1/components/esp_hal_systimer /home/ludovic/dev/esp-idf-6.1/components/esp_hal_timg /home/ludovic/dev/esp-idf-6.1/components/esp_hal_uart /home/ludovic/dev/esp-idf-6.1/components/esp_hal_usb /home/ludovic/dev/esp-idf-6.1/components/esp_hal_wdt /home/ludovic/dev/esp-idf-6.1/components/esp_hw_support /home/ludovic/dev/esp-idf-6.1/components/esp_libc /home/ludovic/dev/esp-idf-6.1/components/esp_rom /home/ludovic/dev/esp-idf-6.1/components/esp_security /home/ludovic/dev/esp-idf-6.1/components/esp_stdio /home/ludovic/dev/esp-idf-6.1/components/esp_system /home/ludovic/dev/esp-idf-6.1/components/esptool_py /home/ludovic/dev/esp-idf-6.1/components/freertos /home/ludovic/dev/esp-idf-6.1/components/hal /home/ludovic/dev/esp-idf-6.1/components/log /home/ludovic/dev/esp-idf-6.1/components/bootloader/subproject/main /home/ludovic/dev/esp-idf-6.1/components/bootloader/subproject/components/micro-ecc /home/ludovic/dev/esp-idf-6.1/components/partition_table /home/ludovic/dev/esp-idf-6.1/components/soc /home/ludovic/dev/esp-idf-6.1/components/spi_flash /home/ludovic/dev/esp-idf-6.1/components/xtensa
-- Adding linker script /home/ludovic/dev/esp-idf-6.1/components/bootloader/subproject/main/ld/esp32s3/bootloader.memory.ld.in
--   -> Preprocessing .in script: /home/ludovic/dev/esp-idf-6.1/components/bootloader/subproject/main/ld/esp32s3/bootloader.memory.ld.in
-- Adding linker script /home/ludovic/dev/esp-idf-6.1/components/bootloader/subproject/main/ld/esp32s3/bootloader.sections.ld.in
--   -> Preprocessing .in script: /home/ludovic/dev/esp-idf-6.1/components/bootloader/subproject/main/ld/esp32s3/bootloader.sections.ld.in
-- Configuring done (8.5s)
-- Generating done (0.3s)
-- Build files have been written to: /home/ludovic/dev/matter-esp32-home-energy-manager/firmware/build/bootloader
[136/2122] Building C object esp-idf/mbedtls/mbedtls/library/CMakeFiles/mbedtls.dir/ssl_ciphersuites.c.obj
[137/2122] Building C object esp-idf/mbedtls/mbedtls/library/CMakeFiles/mbedtls.dir/ssl_cache.c.obj
[138/2122] Building C object esp-idf/mbedtls/mbedtls/library/CMakeFiles/mbedtls.dir/ssl_cookie.c.obj
[139/2122] Building C object esp-idf/mbedtls/mbedtls/library/CMakeFiles/mbedx509.dir/x509_crt.c.obj
[140/2122] Building C object esp-idf/mbedtls/mbedtls/library/CMakeFiles/mbedtls.dir/ssl_debug_helpers_generated.c.obj
[141/2122] Building C object esp-idf/mbedtls/mbedtls/library/CMakeFiles/mbedtls.dir/ssl_client.c.obj
[142/2122] Building C object esp-idf/mbedtls/mbedtls/library/CMakeFiles/mbedtls.dir/ssl_ticket.c.obj
[143/2122] Building C object esp-idf/mbedtls/mbedtls/library/CMakeFiles/mbedtls.dir/ssl_tls12_client.c.obj
[144/2122] Building C object esp-idf/mbedtls/mbedtls/library/CMakeFiles/mbedtls.dir/ssl_msg.c.obj
[145/2122] Building C object esp-idf/mbedtls/mbedtls/library/CMakeFiles/mbedtls.dir/ssl_tls13_server.c.obj
[146/2122] Building C object esp-idf/mbedtls/mbedtls/library/CMakeFiles/mbedtls.dir/ssl_tls13_keys.c.obj
[147/2122] Building C object esp-idf/mbedtls/mbedtls/library/CMakeFiles/mbedtls.dir/ssl_tls13_client.c.obj
[148/2122] Building C object esp-idf/mbedtls/mbedtls/library/CMakeFiles/mbedtls.dir/ssl_tls13_generic.c.obj
[149/2122] Building C object esp-idf/mbedtls/mbedtls/library/CMakeFiles/mbedtls.dir/ssl_tls12_server.c.obj
[150/2122] Building C object esp-idf/mbedtls/mbedtls/library/CMakeFiles/mbedtls.dir/version_features.c.obj
[151/2122] Building C object esp-idf/mbedtls/mbedtls/library/CMakeFiles/mbedtls.dir/timing.c.obj
[152/2122] Building C object esp-idf/mbedtls/mbedtls/library/CMakeFiles/mbedtls.dir/version.c.obj
[153/2122] Building C object esp-idf/mbedtls/mbedtls/library/CMakeFiles/mbedtls.dir/home/ludovic/dev/esp-idf-6.1/components/mbedtls/port/esp_platform_time.c.obj
[154/2122] Building C object esp-idf/mbedtls/mbedtls/library/CMakeFiles/mbedtls.dir/home/ludovic/dev/esp-idf-6.1/components/mbedtls/port/mbedtls_debug.c.obj
[155/2122] Building C object esp-idf/mbedtls/mbedtls/library/CMakeFiles/mbedtls.dir/home/ludovic/dev/esp-idf-6.1/components/mbedtls/port/esp_timing.c.obj
[156/2122] Building C object esp-idf/mbedtls/mbedtls/library/CMakeFiles/mbedtls.dir/home/ludovic/dev/esp-idf-6.1/components/mbedtls/port/esp_psa_crypto_init.c.obj
[157/2122] Building C object esp-idf/esp_hal_timg/CMakeFiles/__idf_esp_hal_timg.dir/timer_hal.c.obj
[158/2122] Building C object esp-idf/esp_hal_wdt/CMakeFiles/__idf_esp_hal_wdt.dir/esp32s3/mwdt_periph.c.obj
[159/2122] Building C object esp-idf/esp_hal_timg/CMakeFiles/__idf_esp_hal_timg.dir/esp32s3/timer_periph.c.obj
[160/2122] Building C object esp-idf/esp_hal_wdt/CMakeFiles/__idf_esp_hal_wdt.dir/rom_patch.c.obj
[161/2122] Building C object esp-idf/esp_hal_ana_conv/CMakeFiles/__idf_esp_hal_ana_conv.dir/esp32s3/adc_periph.c.obj
[162/2122] Building C object esp-idf/esp_hal_wdt/CMakeFiles/__idf_esp_hal_wdt.dir/xt_wdt_hal.c.obj
[163/2122] Building C object esp-idf/mbedtls/mbedtls/library/CMakeFiles/mbedtls.dir/home/ludovic/dev/esp-idf-6.1/components/mbedtls/port/net_sockets.c.obj
[164/2122] Building C object esp-idf/esp_hal_ana_conv/CMakeFiles/__idf_esp_hal_ana_conv.dir/adc_oneshot_hal.c.obj
[165/2122] Building C object esp-idf/esp_hal_ana_conv/CMakeFiles/__idf_esp_hal_ana_conv.dir/adc_hal_common.c.obj
[166/2122] Building C object esp-idf/esp_hal_ana_conv/CMakeFiles/__idf_esp_hal_ana_conv.dir/esp32s3/temperature_sensor_periph.c.obj
[167/2122] Building C object esp-idf/mbedtls/mbedtls/library/CMakeFiles/mbedtls.dir/ssl_tls.c.obj
[168/2122] Building C object esp-idf/esp_hal_ana_conv/CMakeFiles/__idf_esp_hal_ana_conv.dir/temperature_sensor_hal.c.obj
[169/2122] Building C object esp-idf/esp_hal_ana_conv/CMakeFiles/__idf_esp_hal_ana_conv.dir/adc_hal.c.obj
[170/2122] Building C object esp-idf/bootloader_support/CMakeFiles/__idf_bootloader_support.dir/src/bootloader_common.c.obj
[171/2122] Building C object esp-idf/bootloader_support/CMakeFiles/__idf_bootloader_support.dir/src/bootloader_mem.c.obj
[172/2122] Building C object esp-idf/bootloader_support/CMakeFiles/__idf_bootloader_support.dir/src/bootloader_clock_init.c.obj
[173/2122] Building C object esp-idf/bootloader_support/CMakeFiles/__idf_bootloader_support.dir/src/bootloader_common_loader.c.obj
[174/2122] Building C object esp-idf/bootloader_support/CMakeFiles/__idf_bootloader_support.dir/src/bootloader_random.c.obj
[175/2122] Building C object esp-idf/bootloader_support/CMakeFiles/__idf_bootloader_support.dir/src/bootloader_efuse.c.obj
[176/2122] Building C object esp-idf/bootloader_support/CMakeFiles/__idf_bootloader_support.dir/src/secure_boot.c.obj
[177/2122] Building C object esp-idf/bootloader_support/CMakeFiles/__idf_bootloader_support.dir/src/bootloader_random_esp32s3.c.obj
[178/2122] Building C object esp-idf/bootloader_support/CMakeFiles/__idf_bootloader_support.dir/src/flash_encrypt.c.obj
[179/2122] Building C object esp-idf/bootloader_support/CMakeFiles/__idf_bootloader_support.dir/bootloader_flash/src/flash_qio_mode.c.obj
[180/2122] Building C object esp-idf/bootloader_support/CMakeFiles/__idf_bootloader_support.dir/bootloader_flash/src/bootloader_flash.c.obj
[181/2122] Building C object esp-idf/bootloader_support/CMakeFiles/__idf_bootloader_support.dir/bootloader_flash/src/bootloader_flash_config_esp32s3.c.obj
[182/2122] Building C object esp-idf/bootloader_support/CMakeFiles/__idf_bootloader_support.dir/src/flash_partitions.c.obj
[183/2122] Building C object esp-idf/bootloader_support/CMakeFiles/__idf_bootloader_support.dir/src/esp32s3/secure_boot_secure_features.c.obj
[184/2122] Building C object esp-idf/spi_flash/CMakeFiles/__idf_spi_flash.dir/flash_brownout_hook.c.obj
[185/2122] Building C object esp-idf/bootloader_support/CMakeFiles/__idf_bootloader_support.dir/src/bootloader_sha.c.obj
[186/2122] Building C object esp-idf/bootloader_support/CMakeFiles/__idf_bootloader_support.dir/src/bootloader_utility.c.obj
[187/2122] Building C object esp-idf/spi_flash/CMakeFiles/__idf_spi_flash.dir/spi_flash_chip_drivers.c.obj
[188/2122] Building C object esp-idf/spi_flash/CMakeFiles/__idf_spi_flash.dir/esp32s3/spi_flash_oct_flash_init.c.obj
[189/2122] Building C object esp-idf/spi_flash/CMakeFiles/__idf_spi_flash.dir/spi_flash_hpm_enable.c.obj
[190/2122] Building C object esp-idf/spi_flash/CMakeFiles/__idf_spi_flash.dir/spi_flash_chip_issi.c.obj
[191/2122] Building C object esp-idf/spi_flash/CMakeFiles/__idf_spi_flash.dir/spi_flash_chip_mxic.c.obj
[192/2122] Building C object esp-idf/spi_flash/CMakeFiles/__idf_spi_flash.dir/spi_flash_chip_gd.c.obj
[193/2122] Building C object esp-idf/bootloader_support/CMakeFiles/__idf_bootloader_support.dir/src/esp_image_format.c.obj
[194/2122] Building C object esp-idf/spi_flash/CMakeFiles/__idf_spi_flash.dir/spi_flash_chip_winbond.c.obj
[195/2122] Building C object esp-idf/spi_flash/CMakeFiles/__idf_spi_flash.dir/spi_flash_chip_boya.c.obj
[196/2122] Building C object esp-idf/spi_flash/CMakeFiles/__idf_spi_flash.dir/spi_flash_chip_th.c.obj
[197/2122] Building C object esp-idf/spi_flash/CMakeFiles/__idf_spi_flash.dir/spi_flash_chip_generic.c.obj
[198/2122] Building C object esp-idf/spi_flash/CMakeFiles/__idf_spi_flash.dir/memspi_host_driver.c.obj
[199/2122] Building C object esp-idf/spi_flash/CMakeFiles/__idf_spi_flash.dir/spi_flash_blockdev.c.obj
[200/2122] Building C object esp-idf/spi_flash/CMakeFiles/__idf_spi_flash.dir/spi_flash_chip_mxic_opi.c.obj
[201/2122] Building C object esp-idf/spi_flash/CMakeFiles/__idf_spi_flash.dir/cache_utils.c.obj
[202/2122] Building C object esp-idf/spi_flash/CMakeFiles/__idf_spi_flash.dir/spi_flash_wrap.c.obj
[203/2122] Building C object esp-idf/spi_flash/CMakeFiles/__idf_spi_flash.dir/flash_ops.c.obj
[204/2122] Building C object esp-idf/spi_flash/CMakeFiles/__idf_spi_flash.dir/flash_mmap.c.obj
[205/2122] Building C object esp-idf/spi_flash/CMakeFiles/__idf_spi_flash.dir/spi_flash_os_func_noos.c.obj
[206/2122] Building C object esp-idf/esp_system/CMakeFiles/__idf_esp_system.dir/esp_err.c.obj
[207/2122] Building C object esp-idf/spi_flash/CMakeFiles/__idf_spi_flash.dir/spi_flash_os_func_app.c.obj
[208/2122] Building C object esp-idf/esp_system/CMakeFiles/__idf_esp_system.dir/crosscore_int.c.obj
[209/2122] Building C object esp-idf/spi_flash/CMakeFiles/__idf_spi_flash.dir/esp_flash_spi_init.c.obj
[210/2122] Building C object esp-idf/esp_system/CMakeFiles/__idf_esp_system.dir/esp_ipc.c.obj
[211/2122] Building C object esp-idf/esp_system/CMakeFiles/__idf_esp_system.dir/freertos_hooks.c.obj
[212/2122] Building C object esp-idf/esp_system/CMakeFiles/__idf_esp_system.dir/esp_system.c.obj
[213/2122] Building C object esp-idf/spi_flash/CMakeFiles/__idf_spi_flash.dir/esp_flash_api.c.obj
[214/2122] Building C object esp-idf/esp_system/CMakeFiles/__idf_esp_system.dir/startup.c.obj
[215/2122] Building C object esp-idf/esp_system/CMakeFiles/__idf_esp_system.dir/startup_funcs.c.obj
[216/2122] Building C object esp-idf/esp_system/CMakeFiles/__idf_esp_system.dir/stack_check.c.obj
[217/2122] Building C object esp-idf/esp_system/CMakeFiles/__idf_esp_system.dir/system_time.c.obj
[218/2122] Building C object esp-idf/esp_system/CMakeFiles/__idf_esp_system.dir/ubsan.c.obj
[219/2122] Building C object esp-idf/esp_system/CMakeFiles/__idf_esp_system.dir/panic.c.obj
[220/2122] Building C object esp-idf/esp_system/CMakeFiles/__idf_esp_system.dir/int_wdt.c.obj
[221/2122] Building C object esp-idf/esp_system/CMakeFiles/__idf_esp_system.dir/xt_wdt.c.obj
[222/2122] Performing build step for 'bootloader'
[1/158] Generating project_elf_src_esp32s3.c
[2/158] Preprocessing linker script /home/ludovic/dev/esp-idf-6.1/components/bootloader/subproject/main/ld/esp32s3/bootloader.memory.ld.in -> /home/ludovic/dev/matter-esp32-home-energy-manager/firmware/build/bootloader/ld/bootloader.memory.ld
[3/158] Preprocessing linker script /home/ludovic/dev/esp-idf-6.1/components/bootloader/subproject/main/ld/esp32s3/bootloader.sections.ld.in -> /home/ludovic/dev/matter-esp32-home-energy-manager/firmware/build/bootloader/ld/bootloader.sections.ld
[4/158] Building C object esp-idf/xtensa/CMakeFiles/__idf_xtensa.dir/eri.c.obj
[5/158] Building C object esp-idf/xtensa/CMakeFiles/__idf_xtensa.dir/xt_trax.c.obj
[6/158] Building C object esp-idf/soc/CMakeFiles/__idf_soc.dir/lldesc.c.obj
[7/158] Building C object CMakeFiles/bootloader.elf.dir/project_elf_src_esp32s3.c.obj
[8/158] Building C object esp-idf/soc/CMakeFiles/__idf_soc.dir/dport_access_common.c.obj
[9/158] Building C object esp-idf/soc/CMakeFiles/__idf_soc.dir/esp32s3/mpi_periph.c.obj
[10/158] Building C object esp-idf/soc/CMakeFiles/__idf_soc.dir/esp32s3/interrupts.c.obj
[11/158] Building C object esp-idf/soc/CMakeFiles/__idf_soc.dir/esp32s3/gpio_periph.c.obj
[12/158] Building C object esp-idf/soc/CMakeFiles/__idf_soc.dir/esp32s3/power_supply_periph.c.obj
[13/158] Building C object esp-idf/hal/CMakeFiles/__idf_hal.dir/efuse_hal.c.obj
[14/158] Building C object esp-idf/hal/CMakeFiles/__idf_hal.dir/esp32s3/efuse_hal.c.obj
[15/158] Building C object esp-idf/hal/CMakeFiles/__idf_hal.dir/hal_utils.c.obj
[16/158] Building C object esp-idf/esp_hal_gpio/CMakeFiles/__idf_esp_hal_gpio.dir/esp32s3/dedic_gpio_periph.c.obj
[17/158] Building C object esp-idf/esp_hal_gpio/CMakeFiles/__idf_esp_hal_gpio.dir/esp32s3/rtc_io_periph.c.obj
[18/158] Building C object esp-idf/esp_hal_gpio/CMakeFiles/__idf_esp_hal_gpio.dir/gpio_hal.c.obj
[19/158] Building C object esp-idf/esp_hal_gpio/CMakeFiles/__idf_esp_hal_gpio.dir/sdm_hal.c.obj
[20/158] Building C object esp-idf/hal/CMakeFiles/__idf_hal.dir/mmu_hal.c.obj
[21/158] Building C object esp-idf/esp_hal_gpio/CMakeFiles/__idf_esp_hal_gpio.dir/rtc_io_hal.c.obj
[22/158] Building C object esp-idf/esp_hal_usb/CMakeFiles/__idf_esp_hal_usb.dir/esp32s3/usb_dwc_periph.c.obj
[23/158] Building C object esp-idf/esp_hal_gpio/CMakeFiles/__idf_esp_hal_gpio.dir/esp32s3/sdm_periph.c.obj
[24/158] Building C object esp-idf/hal/CMakeFiles/__idf_hal.dir/cache_hal.c.obj
[25/158] Building C object esp-idf/esp_hal_usb/CMakeFiles/__idf_esp_hal_usb.dir/usb_serial_jtag_hal.c.obj
[26/158] Building C object esp-idf/esp_hal_usb/CMakeFiles/__idf_esp_hal_usb.dir/usb_wrap_hal.c.obj
[27/158] Building C object esp-idf/esp_hal_uart/CMakeFiles/__idf_esp_hal_uart.dir/esp32s3/uart_periph.c.obj
[28/158] Building C object esp-idf/esp_hal_pmu/CMakeFiles/__idf_esp_hal_pmu.dir/esp32s3/rtc_cntl_hal.c.obj
[29/158] Building C object esp-idf/esp_hal_pmu/CMakeFiles/__idf_esp_hal_pmu.dir/brownout_hal.c.obj
[30/158] Building C object esp-idf/esp_hal_uart/CMakeFiles/__idf_esp_hal_uart.dir/uhci_hal.c.obj
[31/158] Building C object esp-idf/esp_hal_dma/CMakeFiles/__idf_esp_hal_dma.dir/esp32s3/gdma_periph.c.obj
[32/158] Building C object esp-idf/esp_hal_dma/CMakeFiles/__idf_esp_hal_dma.dir/gdma_hal_top.c.obj
[33/158] Building C object esp-idf/esp_hal_uart/CMakeFiles/__idf_esp_hal_uart.dir/uart_hal.c.obj
[34/158] Building C object esp-idf/esp_hal_uart/CMakeFiles/__idf_esp_hal_uart.dir/uart_hal_iram.c.obj
[35/158] Building C object esp-idf/esp_hal_gpspi/CMakeFiles/__idf_esp_hal_gpspi.dir/esp32s3/spi_periph.c.obj
[36/158] Building C object esp-idf/esp_hal_usb/CMakeFiles/__idf_esp_hal_usb.dir/usb_dwc_hal.c.obj
[37/158] Building C object esp-idf/esp_hal_gpspi/CMakeFiles/__idf_esp_hal_gpspi.dir/spi_slave_hal.c.obj
[38/158] Building C object esp-idf/esp_hal_dma/CMakeFiles/__idf_esp_hal_dma.dir/gdma_hal_ahb_v1.c.obj
[39/158] Building C object esp-idf/esp_hal_mspi/CMakeFiles/__idf_esp_hal_mspi.dir/esp32s3/mspi_periph.c.obj
[40/158] Building C object esp-idf/esp_hal_gpspi/CMakeFiles/__idf_esp_hal_gpspi.dir/spi_hal.c.obj
[41/158] Building C object esp-idf/esp_hal_gpspi/CMakeFiles/__idf_esp_hal_gpspi.dir/spi_slave_hal_iram.c.obj
[42/158] Building C object esp-idf/esp_bootloader_format/CMakeFiles/__idf_esp_bootloader_format.dir/esp_bootloader_desc.c.obj
[43/158] Building C object esp-idf/esp_hal_clock/CMakeFiles/__idf_esp_hal_clock.dir/esp32s3/clk_tree_hal.c.obj
[44/158] Building C object esp-idf/spi_flash/CMakeFiles/__idf_spi_flash.dir/spi_flash_wrap.c.obj
[45/158] Building C object esp-idf/esp_hal_timg/CMakeFiles/__idf_esp_hal_timg.dir/esp32s3/timer_periph.c.obj
[46/158] Building C object esp-idf/esp_hal_timg/CMakeFiles/__idf_esp_hal_timg.dir/timer_hal.c.obj
[47/158] Building C object esp-idf/esp_hal_wdt/CMakeFiles/__idf_esp_hal_wdt.dir/esp32s3/mwdt_periph.c.obj
[48/158] Building C object esp-idf/esp_hal_ana_conv/CMakeFiles/__idf_esp_hal_ana_conv.dir/esp32s3/adc_periph.c.obj
[49/158] Building C object esp-idf/esp_hal_wdt/CMakeFiles/__idf_esp_hal_wdt.dir/rom_patch.c.obj
[50/158] Building C object esp-idf/esp_hal_gpspi/CMakeFiles/__idf_esp_hal_gpspi.dir/spi_slave_hd_hal.c.obj
[51/158] Building C object esp-idf/esp_hal_gpspi/CMakeFiles/__idf_esp_hal_gpspi.dir/spi_hal_iram.c.obj
[52/158] Building C object esp-idf/esp_hal_wdt/CMakeFiles/__idf_esp_hal_wdt.dir/xt_wdt_hal.c.obj
[53/158] Building C object esp-idf/esp_hal_ana_conv/CMakeFiles/__idf_esp_hal_ana_conv.dir/esp32s3/temperature_sensor_periph.c.obj
[54/158] Building C object esp-idf/esp_hal_ana_conv/CMakeFiles/__idf_esp_hal_ana_conv.dir/temperature_sensor_hal.c.obj
[55/158] Building C object esp-idf/esp_hal_ana_conv/CMakeFiles/__idf_esp_hal_ana_conv.dir/adc_oneshot_hal.c.obj
[56/158] Building C object esp-idf/esp_hal_security/CMakeFiles/__idf_esp_hal_security.dir/mpu_hal.c.obj
[57/158] Building C object esp-idf/esp_security/CMakeFiles/__idf_esp_security.dir/src/esp_crypto_lock.c.obj
[58/158] Building C object esp-idf/esp_security/CMakeFiles/__idf_esp_security.dir/src/esp32s3/esp_crypto_clk.c.obj
[59/158] Building C object esp-idf/esp_hal_ana_conv/CMakeFiles/__idf_esp_hal_ana_conv.dir/adc_hal_common.c.obj
[60/158] Building C object esp-idf/esp_hal_ana_conv/CMakeFiles/__idf_esp_hal_ana_conv.dir/adc_hal.c.obj
[61/158] Building C object esp-idf/esp_security/CMakeFiles/__idf_esp_security.dir/src/esp_crypto_periph_clk.c.obj
[62/158] Building C object esp-idf/bootloader_support/CMakeFiles/__idf_bootloader_support.dir/src/bootloader_clock_init.c.obj
[63/158] Building C object esp-idf/bootloader_support/CMakeFiles/__idf_bootloader_support.dir/src/bootloader_mem.c.obj
[64/158] Building C object esp-idf/bootloader_support/CMakeFiles/__idf_bootloader_support.dir/src/bootloader_common.c.obj
[65/158] Building C object esp-idf/bootloader_support/CMakeFiles/__idf_bootloader_support.dir/src/bootloader_efuse.c.obj
[66/158] Building C object esp-idf/bootloader_support/CMakeFiles/__idf_bootloader_support.dir/src/bootloader_common_loader.c.obj
[67/158] Building C object esp-idf/bootloader_support/CMakeFiles/__idf_bootloader_support.dir/src/bootloader_random.c.obj
[68/158] Building C object esp-idf/bootloader_support/CMakeFiles/__idf_bootloader_support.dir/src/secure_boot.c.obj
[69/158] Building C object esp-idf/bootloader_support/CMakeFiles/__idf_bootloader_support.dir/src/flash_encrypt.c.obj
[70/158] Building C object esp-idf/bootloader_support/CMakeFiles/__idf_bootloader_support.dir/src/bootloader_random_esp32s3.c.obj
[71/158] Building C object esp-idf/bootloader_support/CMakeFiles/__idf_bootloader_support.dir/src/flash_partitions.c.obj
[72/158] Building C object esp-idf/bootloader_support/CMakeFiles/__idf_bootloader_support.dir/bootloader_flash/src/bootloader_flash_config_esp32s3.c.obj
[73/158] Building C object esp-idf/bootloader_support/CMakeFiles/__idf_bootloader_support.dir/bootloader_flash/src/flash_qio_mode.c.obj
[74/158] Building C object esp-idf/bootloader_support/CMakeFiles/__idf_bootloader_support.dir/src/bootloader_sha.c.obj
[75/158] Building C object esp-idf/bootloader_support/CMakeFiles/__idf_bootloader_support.dir/src/bootloader_reset_common.c.obj
[76/158] Building C object esp-idf/bootloader_support/CMakeFiles/__idf_bootloader_support.dir/src/bootloader_clock_loader.c.obj
[77/158] Building C object esp-idf/micro-ecc/CMakeFiles/__idf_micro-ecc.dir/uECC_verify_antifault.c.obj
[78/158] Building C object esp-idf/bootloader_support/CMakeFiles/__idf_bootloader_support.dir/src/bootloader_console.c.obj
[79/158] Building C object esp-idf/bootloader_support/CMakeFiles/__idf_bootloader_support.dir/src/bootloader_console_loader.c.obj
[80/158] Building C object esp-idf/bootloader_support/CMakeFiles/__idf_bootloader_support.dir/src/bootloader_utility.c.obj
[81/158] Building C object esp-idf/bootloader_support/CMakeFiles/__idf_bootloader_support.dir/src/esp32s3/bootloader_soc.c.obj
[82/158] Building C object esp-idf/bootloader_support/CMakeFiles/__idf_bootloader_support.dir/bootloader_flash/src/bootloader_flash.c.obj
[83/158] Building C object esp-idf/bootloader_support/CMakeFiles/__idf_bootloader_support.dir/src/bootloader_panic.c.obj
[84/158] Building C object esp-idf/efuse/CMakeFiles/__idf_efuse.dir/esp32s3/esp_efuse_table.c.obj
[85/158] Building C object esp-idf/bootloader_support/CMakeFiles/__idf_bootloader_support.dir/src/bootloader_init.c.obj
[86/158] Building C object esp-idf/efuse/CMakeFiles/__idf_efuse.dir/esp32s3/esp_efuse_fields.c.obj
[87/158] Building C object esp-idf/bootloader_support/CMakeFiles/__idf_bootloader_support.dir/src/esp32s3/bootloader_esp32s3.c.obj
[88/158] Building C object esp-idf/efuse/CMakeFiles/__idf_efuse.dir/esp32s3/esp_efuse_rtc_calib.c.obj
[89/158] Building C object esp-idf/efuse/CMakeFiles/__idf_efuse.dir/src/esp_efuse_fields.c.obj
[90/158] Building C object esp-idf/efuse/CMakeFiles/__idf_efuse.dir/esp32s3/esp_efuse_utility.c.obj
[91/158] Building C object esp-idf/bootloader_support/CMakeFiles/__idf_bootloader_support.dir/src/esp_image_format.c.obj
[92/158] Building C object esp-idf/esp_system/CMakeFiles/__idf_esp_system.dir/esp_err.c.obj
[93/158] Building C object esp-idf/efuse/CMakeFiles/__idf_efuse.dir/src/esp_efuse_api.c.obj
[94/158] Building C object esp-idf/esp_hal_systimer/CMakeFiles/__idf_esp_hal_systimer.dir/systimer_hal.c.obj
[95/158] Building C object esp-idf/esp_hw_support/CMakeFiles/__idf_esp_hw_support.dir/port/esp32s3/esp_cpu_intr.c.obj
[96/158] Building C object esp-idf/esp_hw_support/CMakeFiles/__idf_esp_hw_support.dir/cpu.c.obj
[97/158] Building C object esp-idf/esp_hw_support/CMakeFiles/__idf_esp_hw_support.dir/esp_memory_utils.c.obj
[98/158] Building C object esp-idf/esp_hw_support/CMakeFiles/__idf_esp_hw_support.dir/port/esp32s3/cpu_region_protect.c.obj
[99/158] Building C object esp-idf/efuse/CMakeFiles/__idf_efuse.dir/src/efuse_controller/keys/with_key_purposes/esp_efuse_api_key.c.obj
[100/158] Building C object esp-idf/efuse/CMakeFiles/__idf_efuse.dir/src/esp_efuse_utility.c.obj
[101/158] Building C object esp-idf/esp_hw_support/CMakeFiles/__idf_esp_hw_support.dir/port/esp32s3/rtc_clk_init.c.obj
[102/158] Building C object esp-idf/esp_hw_support/CMakeFiles/__idf_esp_hw_support.dir/port/esp32s3/chip_info.c.obj
[103/158] Building C object esp-idf/esp_hw_support/CMakeFiles/__idf_esp_hw_support.dir/port/esp32s3/rtc_sleep.c.obj
[104/158] Building C object esp-idf/esp_common/CMakeFiles/__idf_esp_common.dir/src/esp_err_to_name.c.obj
[105/158] Building C object esp-idf/esp_rom/CMakeFiles/__idf_esp_rom.dir/patches/esp_rom_sys.c.obj
[106/158] Building C object esp-idf/esp_rom/CMakeFiles/__idf_esp_rom.dir/patches/esp_rom_crc.c.obj
[107/158] Building C object esp-idf/esp_hw_support/CMakeFiles/__idf_esp_hw_support.dir/port/esp32s3/rtc_time.c.obj
[108/158] Building C object esp-idf/esp_hw_support/CMakeFiles/__idf_esp_hw_support.dir/port/esp32s3/rtc_init.c.obj
[109/158] Building C object esp-idf/esp_rom/CMakeFiles/__idf_esp_rom.dir/patches/esp_rom_spiflash.c.obj
[110/158] Building C object esp-idf/esp_rom/CMakeFiles/__idf_esp_rom.dir/patches/esp_rom_efuse.c.obj
[111/158] Building ASM object esp-idf/esp_rom/CMakeFiles/__idf_esp_rom.dir/patches/esp_rom_longjmp.S.obj
[112/158] Building C object esp-idf/esp_rom/CMakeFiles/__idf_esp_rom.dir/patches/esp_rom_serial_output.c.obj
[113/158] Building C object esp-idf/esp_hw_support/CMakeFiles/__idf_esp_hw_support.dir/port/esp32s3/rtc_clk.c.obj
[114/158] Building C object esp-idf/esp_rom/CMakeFiles/__idf_esp_rom.dir/patches/esp_rom_gpio.c.obj
[115/158] Building ASM object esp-idf/esp_rom/CMakeFiles/__idf_esp_rom.dir/patches/esp_rom_cache_writeback_esp32s3.S.obj
[116/158] Building C object esp-idf/esp_rom/CMakeFiles/__idf_esp_rom.dir/patches/esp_rom_cache_esp32s2_esp32s3.c.obj
[117/158] Building C object esp-idf/log/CMakeFiles/__idf_log.dir/src/log_timestamp_common.c.obj
[118/158] Building C object esp-idf/log/CMakeFiles/__idf_log.dir/src/noos/log_lock.c.obj
[119/158] Building C object esp-idf/log/CMakeFiles/__idf_log.dir/src/noos/log_timestamp.c.obj
[120/158] Building C object esp-idf/log/CMakeFiles/__idf_log.dir/src/noos/util.c.obj
[121/158] Building C object esp-idf/log/CMakeFiles/__idf_log.dir/src/util.c.obj
[122/158] Building C object esp-idf/log/CMakeFiles/__idf_log.dir/src/buffer/log_buffers.c.obj
[123/158] Building C object esp-idf/esp_rom/CMakeFiles/__idf_esp_rom.dir/patches/esp_rom_print.c.obj
[124/158] Building C object esp-idf/log/CMakeFiles/__idf_log.dir/src/log_print.c.obj
[125/158] Building C object esp-idf/main/CMakeFiles/__idf_main.dir/bootloader_start.c.obj
[126/158] Building C object esp-idf/log/CMakeFiles/__idf_log.dir/src/log_format_text.c.obj
[127/158] Building C object esp-idf/log/CMakeFiles/__idf_log.dir/src/log.c.obj
[128/158] Linking C static library esp-idf/log/liblog.a
[129/158] Linking C static library esp-idf/esp_rom/libesp_rom.a
[130/158] Linking C static library esp-idf/esp_common/libesp_common.a
[131/158] Linking C static library esp-idf/esp_hw_support/libesp_hw_support.a
[132/158] Linking C static library esp-idf/esp_system/libesp_system.a
[133/158] Linking C static library esp-idf/esp_hal_systimer/libesp_hal_systimer.a
[134/158] Linking C static library esp-idf/efuse/libefuse.a
[135/158] Linking C static library esp-idf/bootloader_support/libbootloader_support.a
[136/158] Linking C static library esp-idf/esp_security/libesp_security.a
[137/158] Linking C static library esp-idf/esp_hal_security/libesp_hal_security.a
[138/158] Linking C static library esp-idf/esp_hal_ana_conv/libesp_hal_ana_conv.a
[139/158] Linking C static library esp-idf/esp_hal_wdt/libesp_hal_wdt.a
[140/158] Linking C static library esp-idf/esp_hal_timg/libesp_hal_timg.a
[141/158] Linking C static library esp-idf/micro-ecc/libmicro-ecc.a
[142/158] Linking C static library esp-idf/esp_bootloader_format/libesp_bootloader_format.a
[143/158] Linking C static library esp-idf/spi_flash/libspi_flash.a
[144/158] Linking C static library esp-idf/esp_hal_mspi/libesp_hal_mspi.a
[145/158] Linking C static library esp-idf/esp_hal_clock/libesp_hal_clock.a
[146/158] Linking C static library esp-idf/esp_hal_gpspi/libesp_hal_gpspi.a
[147/158] Linking C static library esp-idf/esp_hal_dma/libesp_hal_dma.a
[148/158] Linking C static library esp-idf/esp_hal_uart/libesp_hal_uart.a
[149/158] Linking C static library esp-idf/esp_hal_pmu/libesp_hal_pmu.a
[150/158] Linking C static library esp-idf/esp_hal_usb/libesp_hal_usb.a
[151/158] Linking C static library esp-idf/esp_hal_gpio/libesp_hal_gpio.a
[152/158] Linking C static library esp-idf/hal/libhal.a
[153/158] Linking C static library esp-idf/soc/libsoc.a
[154/158] Linking C static library esp-idf/xtensa/libxtensa.a
[155/158] Linking C static library esp-idf/main/libmain.a
[156/158] Linking C executable bootloader.elf
[157/158] Generating binary image from built executable
esptool v5.4.0
Creating ESP32-S3 image...
Merged 2 ELF sections.
Successfully created ESP32-S3 image.
Generated /home/ludovic/dev/matter-esp32-home-energy-manager/firmware/build/bootloader/bootloader.bin
[158/158] cd /home/ludovic/dev/matter-esp32-home-energy-manager/firmware/build/bootloader && /home/ludovic/.espressif/python_env/idf6.1_py3.12_env/bin/python /home/ludovic/dev/esp-idf-6.1/components/partition_table/check_sizes.py --offset 0x8000 bootloader 0x0 /home/ludovic/dev/matter-esp32-home-energy-manager/firmware/build/bootloader/bootloader.bin
Bootloader binary size 0x5280 bytes. 0x2d80 bytes (36%) free.
[223/2122] No install step for 'bootloader'
[224/2122] Completed 'bootloader'
[225/2122] Building C object esp-idf/esp_system/CMakeFiles/__idf_esp_system.dir/task_wdt/task_wdt_impl_timergroup.c.obj
[226/2122] Building C object esp-idf/esp_system/CMakeFiles/__idf_esp_system.dir/port/panic_handler.c.obj
[227/2122] Building C object esp-idf/esp_system/CMakeFiles/__idf_esp_system.dir/port/esp_system_chip.c.obj
[228/2122] Building C object esp-idf/esp_system/CMakeFiles/__idf_esp_system.dir/task_wdt/task_wdt.c.obj
[229/2122] Building C object esp-idf/esp_system/CMakeFiles/__idf_esp_system.dir/port/image_process.c.obj
[230/2122] Building ASM object esp-idf/esp_system/CMakeFiles/__idf_esp_system.dir/port/arch/xtensa/esp_ipc_isr_handler.S.obj
[231/2122] Building C object esp-idf/esp_system/CMakeFiles/__idf_esp_system.dir/port/arch/xtensa/esp_ipc_isr_port.c.obj
[232/2122] Building ASM object esp-idf/esp_system/CMakeFiles/__idf_esp_system.dir/port/arch/xtensa/esp_ipc_isr_routines.S.obj
[233/2122] Building C object esp-idf/esp_system/CMakeFiles/__idf_esp_system.dir/port/cpu_start.c.obj
[234/2122] Building ASM object esp-idf/esp_system/CMakeFiles/__idf_esp_system.dir/port/arch/xtensa/panic_handler_asm.S.obj
[235/2122] Building C object esp-idf/esp_system/CMakeFiles/__idf_esp_system.dir/port/esp_ipc_isr.c.obj
[236/2122] Building ASM object esp-idf/esp_system/CMakeFiles/__idf_esp_system.dir/port/arch/xtensa/expression_with_stack_asm.S.obj
[237/2122] Building C object esp-idf/esp_system/CMakeFiles/__idf_esp_system.dir/port/arch/xtensa/debug_stubs.c.obj
[238/2122] Building ASM object esp-idf/esp_system/CMakeFiles/__idf_esp_system.dir/port/arch/xtensa/debug_helpers_asm.S.obj
[239/2122] Building C object esp-idf/esp_system/CMakeFiles/__idf_esp_system.dir/port/arch/xtensa/expression_with_stack.c.obj
[240/2122] Building ASM object esp-idf/esp_system/CMakeFiles/__idf_esp_system.dir/port/soc/esp32s3/highint_hdl.S.obj
[241/2122] Building C object esp-idf/esp_system/CMakeFiles/__idf_esp_system.dir/port/arch/xtensa/trax.c.obj
[242/2122] Building C object esp-idf/esp_system/CMakeFiles/__idf_esp_system.dir/port/arch/xtensa/panic_arch.c.obj
[243/2122] Building C object esp-idf/esp_system/CMakeFiles/__idf_esp_system.dir/port/soc/esp32s3/reset_reason.c.obj
[244/2122] Building C object esp-idf/esp_system/CMakeFiles/__idf_esp_system.dir/port/arch/xtensa/debug_helpers.c.obj
[245/2122] Building C object esp-idf/esp_system/CMakeFiles/__idf_esp_system.dir/port/soc/esp32s3/clk.c.obj
[246/2122] Building C object esp-idf/esp_system/CMakeFiles/__idf_esp_system.dir/port/soc/esp32s3/system_internal.c.obj
[247/2122] Building C object esp-idf/esp_rom/CMakeFiles/__idf_esp_rom.dir/patches/esp_rom_sys.c.obj
[248/2122] Building C object esp-idf/esp_system/CMakeFiles/__idf_esp_system.dir/port/soc/esp32s3/cache_err_int.c.obj
[249/2122] Building C object esp-idf/esp_rom/CMakeFiles/__idf_esp_rom.dir/patches/esp_rom_crc.c.obj
[250/2122] Building C object esp-idf/esp_rom/CMakeFiles/__idf_esp_rom.dir/patches/esp_rom_serial_output.c.obj
[251/2122] Building C object esp-idf/esp_rom/CMakeFiles/__idf_esp_rom.dir/patches/esp_rom_spiflash.c.obj
[252/2122] Building C object esp-idf/esp_system/CMakeFiles/__idf_esp_system.dir/port/soc/esp32s3/apb_backup_dma.c.obj
[253/2122] Building ASM object esp-idf/esp_rom/CMakeFiles/__idf_esp_rom.dir/patches/esp_rom_longjmp.S.obj
[254/2122] Building C object esp-idf/esp_rom/CMakeFiles/__idf_esp_rom.dir/patches/esp_rom_efuse.c.obj
[255/2122] Building C object esp-idf/esp_rom/CMakeFiles/__idf_esp_rom.dir/patches/esp_rom_gpio.c.obj
[256/2122] Building ASM object esp-idf/esp_rom/CMakeFiles/__idf_esp_rom.dir/patches/esp_rom_cache_writeback_esp32s3.S.obj
[257/2122] Building C object esp-idf/hal/CMakeFiles/__idf_hal.dir/hal_utils.c.obj
[258/2122] Building C object esp-idf/esp_rom/CMakeFiles/__idf_esp_rom.dir/patches/esp_rom_cache_esp32s2_esp32s3.c.obj
[259/2122] Building C object esp-idf/hal/CMakeFiles/__idf_hal.dir/efuse_hal.c.obj
[260/2122] Building C object esp-idf/esp_rom/CMakeFiles/__idf_esp_rom.dir/patches/esp_rom_print.c.obj
[261/2122] Building C object esp-idf/hal/CMakeFiles/__idf_hal.dir/esp32s3/efuse_hal.c.obj
[262/2122] Building C object esp-idf/hal/CMakeFiles/__idf_hal.dir/mmu_hal.c.obj
[263/2122] Building C object esp-idf/hal/CMakeFiles/__idf_hal.dir/color_hal.c.obj
[264/2122] Building C object esp-idf/log/CMakeFiles/__idf_log.dir/src/log_timestamp_common.c.obj
[265/2122] Building C object esp-idf/log/CMakeFiles/__idf_log.dir/src/os/log_lock.c.obj
[266/2122] Building C object esp-idf/hal/CMakeFiles/__idf_hal.dir/cache_hal.c.obj
[267/2122] Building C object esp-idf/log/CMakeFiles/__idf_log.dir/src/os/log_timestamp.c.obj
[268/2122] Building C object esp-idf/log/CMakeFiles/__idf_log.dir/src/util.c.obj
[269/2122] Building C object esp-idf/log/CMakeFiles/__idf_log.dir/src/os/util.c.obj
[270/2122] Building C object esp-idf/log/CMakeFiles/__idf_log.dir/src/log.c.obj
[271/2122] Building C object esp-idf/log/CMakeFiles/__idf_log.dir/src/log_format_text.c.obj
[272/2122] Building C object esp-idf/log/CMakeFiles/__idf_log.dir/src/log_print.c.obj
[273/2122] Building C object esp-idf/log/CMakeFiles/__idf_log.dir/src/buffer/log_buffers.c.obj
[274/2122] Building C object esp-idf/log/CMakeFiles/__idf_log.dir/src/os/log_write.c.obj
[275/2122] Building C object esp-idf/log/CMakeFiles/__idf_log.dir/src/log_level/log_level.c.obj
[276/2122] Building C object esp-idf/log/CMakeFiles/__idf_log.dir/src/log_level/tag_log_level/linked_list/log_linked_list.c.obj
[277/2122] Building C object esp-idf/log/CMakeFiles/__idf_log.dir/src/log_level/tag_log_level/tag_log_level.c.obj
[278/2122] Building C object esp-idf/esp_common/CMakeFiles/__idf_esp_common.dir/src/esp_err_to_name.c.obj
[279/2122] Building C object esp-idf/log/CMakeFiles/__idf_log.dir/src/log_level/tag_log_level/cache/log_binary_heap.c.obj
[280/2122] Building C object esp-idf/heap/CMakeFiles/__idf_heap.dir/heap_caps_base.c.obj
[281/2122] Building C object esp-idf/heap/CMakeFiles/__idf_heap.dir/heap_caps_init.c.obj
[282/2122] Building C object esp-idf/heap/CMakeFiles/__idf_heap.dir/port/esp32s3/memory_layout.c.obj
[283/2122] Building C object esp-idf/heap/CMakeFiles/__idf_heap.dir/port/memory_layout_utils.c.obj
[284/2122] Building C object esp-idf/heap/CMakeFiles/__idf_heap.dir/multi_heap.c.obj
[285/2122] Building C object esp-idf/soc/CMakeFiles/__idf_soc.dir/lldesc.c.obj
[286/2122] Building C object esp-idf/soc/CMakeFiles/__idf_soc.dir/esp32s3/interrupts.c.obj
[287/2122] Building C object esp-idf/soc/CMakeFiles/__idf_soc.dir/dport_access_common.c.obj
[288/2122] Building C object esp-idf/soc/CMakeFiles/__idf_soc.dir/esp32s3/gpio_periph.c.obj
[289/2122] Building C object esp-idf/soc/CMakeFiles/__idf_soc.dir/esp32s3/mpi_periph.c.obj
[290/2122] Building C object esp-idf/heap/CMakeFiles/__idf_heap.dir/heap_caps.c.obj
[291/2122] Building C object esp-idf/soc/CMakeFiles/__idf_soc.dir/esp32s3/power_supply_periph.c.obj
[292/2122] Building C object esp-idf/esp_hal_gpio/CMakeFiles/__idf_esp_hal_gpio.dir/esp32s3/rtc_io_periph.c.obj
[293/2122] Building C object esp-idf/esp_hal_gpio/CMakeFiles/__idf_esp_hal_gpio.dir/esp32s3/dedic_gpio_periph.c.obj
[294/2122] Building C object esp-idf/esp_hal_gpio/CMakeFiles/__idf_esp_hal_gpio.dir/esp32s3/sdm_periph.c.obj
[295/2122] Building C object esp-idf/esp_hal_gpio/CMakeFiles/__idf_esp_hal_gpio.dir/gpio_hal.c.obj
[296/2122] Building C object esp-idf/esp_hal_gpio/CMakeFiles/__idf_esp_hal_gpio.dir/sdm_hal.c.obj
[297/2122] Building C object esp-idf/esp_hal_usb/CMakeFiles/__idf_esp_hal_usb.dir/esp32s3/usb_dwc_periph.c.obj
[298/2122] Building C object esp-idf/esp_hal_usb/CMakeFiles/__idf_esp_hal_usb.dir/usb_wrap_hal.c.obj
[299/2122] Building C object esp-idf/esp_hal_gpio/CMakeFiles/__idf_esp_hal_gpio.dir/rtc_io_hal.c.obj
[300/2122] Building C object esp-idf/esp_hal_pmu/CMakeFiles/__idf_esp_hal_pmu.dir/brownout_hal.c.obj
[301/2122] Building C object esp-idf/esp_hal_usb/CMakeFiles/__idf_esp_hal_usb.dir/usb_serial_jtag_hal.c.obj
[302/2122] Building React app...
npm warn Unknown cli config "--emptyOutDir". This will stop working in the next major version of npm.

> html_app@0.0.0 build
> tsc -b && vite build

vite v7.3.2 building client environment for production...
transforming...
✓ 446 modules transformed.

(!) outDir /home/ludovic/dev/matter-esp32-home-energy-manager/firmware/html_compiled_app is not inside project root and will not be emptied.
Use --emptyOutDir to override.

rendering chunks...
computing gzip size...
../html_compiled_app/index.html    0.86 kB │ gzip:   0.51 kB
../html_compiled_app/app.css      20.87 kB │ gzip:   3.57 kB
../html_compiled_app/app.js      491.93 kB │ gzip: 152.83 kB
✓ built in 9.83s
[303/2122] Building C object esp-idf/esp_hal_systimer/CMakeFiles/__idf_esp_hal_systimer.dir/systimer_hal.c.obj
[304/2122] Building C object esp-idf/esp_hal_pmu/CMakeFiles/__idf_esp_hal_pmu.dir/esp32s3/rtc_cntl_hal.c.obj
[305/2122] Building C object esp-idf/esp_hal_touch_sens/CMakeFiles/__idf_esp_hal_touch_sens.dir/esp32s3/touch_sensor_periph.c.obj
[306/2122] Building C object esp-idf/esp_hal_usb/CMakeFiles/__idf_esp_hal_usb.dir/usb_dwc_hal.c.obj
[307/2122] Building C object esp-idf/esp_hw_support/CMakeFiles/__idf_esp_hw_support.dir/port/esp32s3/esp_cpu_intr.c.obj
[308/2122] Building C object esp-idf/esp_hw_support/CMakeFiles/__idf_esp_hw_support.dir/cpu.c.obj
[309/2122] Building C object esp-idf/esp_hal_touch_sens/CMakeFiles/__idf_esp_hal_touch_sens.dir/touch_sens_hal.c.obj
[310/2122] Building C object esp-idf/esp_hal_touch_sens/CMakeFiles/__idf_esp_hal_touch_sens.dir/touch_sensor_legacy_hal.c.obj
[311/2122] Building C object esp-idf/esp_hw_support/CMakeFiles/__idf_esp_hw_support.dir/esp_memory_utils.c.obj
[312/2122] Building C object esp-idf/esp_hw_support/CMakeFiles/__idf_esp_hw_support.dir/port/esp32s3/cpu_region_protect.c.obj
[313/2122] Building C object esp-idf/heap/CMakeFiles/__idf_heap.dir/tlsf/tlsf.c.obj
[314/2122] Building C object esp-idf/esp_hal_touch_sens/CMakeFiles/__idf_esp_hal_touch_sens.dir/esp32s3/touch_sensor_legacy_hal.c.obj
[315/2122] Building C object esp-idf/esp_hw_support/CMakeFiles/__idf_esp_hw_support.dir/clk_ctrl_os.c.obj
[316/2122] Building C object esp-idf/esp_hw_support/CMakeFiles/__idf_esp_hw_support.dir/esp_clk.c.obj
[317/2122] Building C object esp-idf/esp_hw_support/CMakeFiles/__idf_esp_hw_support.dir/revision.c.obj
[318/2122] Building C object esp-idf/esp_hw_support/CMakeFiles/__idf_esp_hw_support.dir/hw_random.c.obj
[319/2122] Building C object esp-idf/esp_hw_support/CMakeFiles/__idf_esp_hw_support.dir/esp_gpio_reserve.c.obj
[320/2122] Building C object esp-idf/esp_hw_support/CMakeFiles/__idf_esp_hw_support.dir/rtc_module.c.obj
[321/2122] Building C object esp-idf/esp_hw_support/CMakeFiles/__idf_esp_hw_support.dir/regi2c_ctrl.c.obj
[322/2122] Building C object esp-idf/esp_hw_support/CMakeFiles/__idf_esp_hw_support.dir/sar_periph_ctrl_common.c.obj
[323/2122] Building C object esp-idf/esp_hw_support/CMakeFiles/__idf_esp_hw_support.dir/mac_addr.c.obj
[324/2122] Building C object esp-idf/esp_hw_support/CMakeFiles/__idf_esp_hw_support.dir/intr_alloc.c.obj
[325/2122] Building C object esp-idf/esp_hw_support/CMakeFiles/__idf_esp_hw_support.dir/periph_ctrl.c.obj
[326/2122] Building C object esp-idf/esp_hw_support/CMakeFiles/__idf_esp_hw_support.dir/io_mux.c.obj
[327/2122] Building C object esp-idf/esp_hw_support/CMakeFiles/__idf_esp_hw_support.dir/port/esp32s3/io_mux.c.obj
[328/2122] Building C object esp-idf/esp_hw_support/CMakeFiles/__idf_esp_hw_support.dir/sar_tsens_ctrl.c.obj
[329/2122] Building C object esp-idf/esp_hw_support/CMakeFiles/__idf_esp_hw_support.dir/port/esp32s3/esp_clk_tree.c.obj
[330/2122] Building C object esp-idf/esp_hw_support/CMakeFiles/__idf_esp_hw_support.dir/heap_align_hw.c.obj
[331/2122] Building C object esp-idf/esp_hw_support/CMakeFiles/__idf_esp_hw_support.dir/spi_bus_lock.c.obj
[332/2122] Building C object esp-idf/esp_hw_support/CMakeFiles/__idf_esp_hw_support.dir/clk_utils.c.obj
[333/2122] Building C object esp-idf/esp_hw_support/CMakeFiles/__idf_esp_hw_support.dir/spi_share_hw_ctrl.c.obj
[334/2122] Building C object esp-idf/esp_hw_support/CMakeFiles/__idf_esp_hw_support.dir/adc_share_hw_ctrl.c.obj
[335/2122] Building C object esp-idf/esp_hw_support/CMakeFiles/__idf_esp_hw_support.dir/port/esp_clk_tree_common.c.obj
[336/2122] Building C object esp-idf/esp_hw_support/CMakeFiles/__idf_esp_hw_support.dir/sleep_cache.c.obj
[337/2122] Building C object esp-idf/esp_hw_support/CMakeFiles/__idf_esp_hw_support.dir/sleep_mspi.c.obj
[338/2122] Building C object esp-idf/esp_hw_support/CMakeFiles/__idf_esp_hw_support.dir/usb_phy/usb_phy.c.obj
[339/2122] Building C object esp-idf/esp_hw_support/CMakeFiles/__idf_esp_hw_support.dir/sleep_usb.c.obj
[340/2122] Building C object esp-idf/esp_hw_support/CMakeFiles/__idf_esp_hw_support.dir/sleep_modem.c.obj
[341/2122] Building C object esp-idf/esp_hw_support/CMakeFiles/__idf_esp_hw_support.dir/sleep_console.c.obj
[342/2122] Building C object esp-idf/esp_hw_support/CMakeFiles/__idf_esp_hw_support.dir/sleep_uart.c.obj
[343/2122] Building C object esp-idf/esp_hw_support/CMakeFiles/__idf_esp_hw_support.dir/sleep_event.c.obj
[344/2122] Building C object esp-idf/esp_hw_support/CMakeFiles/__idf_esp_hw_support.dir/port/esp32s3/systimer.c.obj
[345/2122] Building C object esp-idf/esp_hw_support/CMakeFiles/__idf_esp_hw_support.dir/sleep_wake_stub.c.obj
[346/2122] Building C object esp-idf/esp_hw_support/CMakeFiles/__idf_esp_hw_support.dir/mspi/mspi_intr/mspi_intr.c.obj
[347/2122] Building C object esp-idf/esp_hw_support/CMakeFiles/__idf_esp_hw_support.dir/sleep_gpio.c.obj
[348/2122] Building C object esp-idf/esp_hw_support/CMakeFiles/__idf_esp_hw_support.dir/port/esp32s3/rtc_clk_init.c.obj
[349/2122] Building C object esp-idf/esp_hw_support/CMakeFiles/__idf_esp_hw_support.dir/power_supply/brownout.c.obj
[350/2122] Building C object esp-idf/esp_hw_support/CMakeFiles/__idf_esp_hw_support.dir/esp_clock_output.c.obj
[351/2122] Building C object esp-idf/esp_hw_support/CMakeFiles/__idf_esp_hw_support.dir/port/esp32s3/rtc_clk.c.obj
[352/2122] Building C object esp-idf/esp_hw_support/CMakeFiles/__idf_esp_hw_support.dir/port/esp32s3/rtc_init.c.obj
[353/2122] Building C object esp-idf/esp_hw_support/CMakeFiles/__idf_esp_hw_support.dir/port/esp32s3/chip_info.c.obj
[354/2122] Building C object esp-idf/esp_hw_support/CMakeFiles/__idf_esp_hw_support.dir/port/esp32s3/rtc_sleep.c.obj
[355/2122] Building C object esp-idf/esp_hw_support/CMakeFiles/__idf_esp_hw_support.dir/mspi/mspi_timing_tuning/mspi_timing_tuning.c.obj
[356/2122] Building C object esp-idf/esp_hw_support/CMakeFiles/__idf_esp_hw_support.dir/port/esp32s3/rtc_time.c.obj
[357/2122] Building C object esp-idf/esp_hw_support/CMakeFiles/__idf_esp_hw_support.dir/port/esp_memprot_conv.c.obj
[358/2122] Building C object esp-idf/esp_hw_support/CMakeFiles/__idf_esp_hw_support.dir/mspi/mspi_timing_tuning/port/esp32s3/mspi_timing_config.c.obj
[359/2122] Building C object esp-idf/esp_hw_support/CMakeFiles/__idf_esp_hw_support.dir/port/esp32s3/sar_periph_ctrl.c.obj
[360/2122] Building C object esp-idf/esp_hw_support/CMakeFiles/__idf_esp_hw_support.dir/mspi/mspi_timing_tuning/port/esp32s3/mspi_timing_by_mspi_delay.c.obj
[361/2122] Building C object esp-idf/esp_hw_support/CMakeFiles/__idf_esp_hw_support.dir/sleep_modes.c.obj
[362/2122] Building C object esp-idf/freertos/CMakeFiles/__idf_freertos.dir/heap_idf.c.obj
[363/2122] Building C object esp-idf/esp_hw_support/CMakeFiles/__idf_esp_hw_support.dir/lowpower/port/esp32s3/sleep_cpu.c.obj
[364/2122] Building C object esp-idf/freertos/CMakeFiles/__idf_freertos.dir/FreeRTOS-Kernel/list.c.obj
[365/2122] Building C object esp-idf/freertos/CMakeFiles/__idf_freertos.dir/app_startup.c.obj
[366/2122] Building C object esp-idf/freertos/CMakeFiles/__idf_freertos.dir/port_common.c.obj
[367/2122] Building C object esp-idf/freertos/CMakeFiles/__idf_freertos.dir/port_systick.c.obj
[368/2122] Building C object esp-idf/freertos/CMakeFiles/__idf_freertos.dir/FreeRTOS-Kernel/event_groups.c.obj
[369/2122] Building C object esp-idf/freertos/CMakeFiles/__idf_freertos.dir/FreeRTOS-Kernel/timers.c.obj
[370/2122] Building ASM object esp-idf/freertos/CMakeFiles/__idf_freertos.dir/FreeRTOS-Kernel/portable/xtensa/portasm.S.obj
[371/2122] Building C object esp-idf/freertos/CMakeFiles/__idf_freertos.dir/FreeRTOS-Kernel/portable/xtensa/xtensa_init.c.obj
[372/2122] Building C object esp-idf/freertos/CMakeFiles/__idf_freertos.dir/FreeRTOS-Kernel/portable/xtensa/port.c.obj
[373/2122] Building C object esp-idf/freertos/CMakeFiles/__idf_freertos.dir/FreeRTOS-Kernel/portable/xtensa/xtensa_overlay_os_hook.c.obj
[374/2122] Building C object esp-idf/freertos/CMakeFiles/__idf_freertos.dir/FreeRTOS-Kernel/queue.c.obj
[375/2122] Building C object esp-idf/freertos/CMakeFiles/__idf_freertos.dir/esp_additions/idf_additions_event_groups.c.obj
[376/2122] Building C object esp-idf/freertos/CMakeFiles/__idf_freertos.dir/FreeRTOS-Kernel/stream_buffer.c.obj
[377/2122] Building C object esp-idf/esp_hw_support/CMakeFiles/__idf_esp_hw_support.dir/port/esp32s3/esp_memprot.c.obj
[378/2122] Building C object esp-idf/freertos/CMakeFiles/__idf_freertos.dir/esp_additions/idf_additions.c.obj
[379/2122] Building C object esp-idf/esp_libc/CMakeFiles/__idf_esp_libc.dir/src/abort.c.obj
[380/2122] Building C object esp-idf/esp_libc/CMakeFiles/__idf_esp_libc.dir/src/init.c.obj
[381/2122] Building C object esp-idf/esp_libc/CMakeFiles/__idf_esp_libc.dir/src/heap.c.obj
[382/2122] Building C object esp-idf/esp_libc/CMakeFiles/__idf_esp_libc.dir/src/poll.c.obj
[383/2122] Building C object esp-idf/esp_libc/CMakeFiles/__idf_esp_libc.dir/src/assert.c.obj
[384/2122] Building C object esp-idf/esp_libc/CMakeFiles/__idf_esp_libc.dir/src/pthread.c.obj
[385/2122] Building C object esp-idf/esp_libc/CMakeFiles/__idf_esp_libc.dir/src/getentropy.c.obj
[386/2122] Building C object esp-idf/esp_libc/CMakeFiles/__idf_esp_libc.dir/src/termios.c.obj
[387/2122] Building C object esp-idf/esp_libc/CMakeFiles/__idf_esp_libc.dir/src/random.c.obj
[388/2122] Building C object esp-idf/esp_libc/CMakeFiles/__idf_esp_libc.dir/src/locks.c.obj
[389/2122] Building C object esp-idf/esp_libc/CMakeFiles/__idf_esp_libc.dir/src/realpath.c.obj
[390/2122] Building C object esp-idf/esp_libc/CMakeFiles/__idf_esp_libc.dir/src/sysconf.c.obj
[391/2122] Building C object esp-idf/esp_libc/CMakeFiles/__idf_esp_libc.dir/src/timekeeping.c.obj
[392/2122] Building C object esp-idf/esp_libc/CMakeFiles/__idf_esp_libc.dir/src/scandir.c.obj
[393/2122] Building C object esp-idf/esp_libc/CMakeFiles/__idf_esp_libc.dir/src/reent_syscalls.c.obj
[394/2122] Building C object esp-idf/esp_libc/CMakeFiles/__idf_esp_libc.dir/src/time.c.obj
[395/2122] Building C object esp-idf/esp_libc/CMakeFiles/__idf_esp_libc.dir/src/syscalls.c.obj
[396/2122] Building C object esp-idf/esp_libc/CMakeFiles/__idf_esp_libc.dir/src/picolibc/rand.c.obj
[397/2122] Building C object esp-idf/esp_libc/CMakeFiles/__idf_esp_libc.dir/src/port/esp_time_impl.c.obj
[398/2122] Building C object esp-idf/freertos/CMakeFiles/__idf_freertos.dir/FreeRTOS-Kernel/tasks.c.obj
[399/2122] Building C object esp-idf/esp_libc/CMakeFiles/__idf_esp_libc.dir/src/picolibc/picolibc_init.c.obj
[400/2122] Building C object esp-idf/esp_libc/CMakeFiles/__idf_esp_libc.dir/src/picolibc/errno.c.obj
[401/2122] Building C object esp-idf/esp_libc/CMakeFiles/__idf_esp_libc.dir/src/picolibc/bufio_setvbuf.c.obj
[402/2122] Building C object esp-idf/esp_libc/CMakeFiles/__idf_esp_libc.dir/src/picolibc/open_memstream.c.obj
[403/2122] Building C object esp-idf/esp_libc/CMakeFiles/__idf_esp_libc.dir/src/port/xtensa/stdatomic_s32c1i.c.obj
[404/2122] Building C object esp-idf/esp_libc/CMakeFiles/__idf_esp_libc.dir/src/picolibc/getreent.c.obj
[405/2122] Building C object esp-idf/esp_libc/CMakeFiles/__idf_esp_libc.dir/src/picolibc/fopencookie.c.obj
[406/2122] Building C object esp-idf/pthread/CMakeFiles/__idf_pthread.dir/pthread_cond_var.c.obj
[407/2122] Building C object esp-idf/pthread/CMakeFiles/__idf_pthread.dir/pthread_local_storage.c.obj
[408/2122] Building C object esp-idf/esp_libc/CMakeFiles/__idf_esp_libc.dir/src/stdatomic.c.obj
[409/2122] Building C object esp-idf/pthread/CMakeFiles/__idf_pthread.dir/pthread_rwlock.c.obj
[410/2122] Building C object esp-idf/pthread/CMakeFiles/__idf_pthread.dir/pthread_semaphore.c.obj
[411/2122] Building CXX object esp-idf/cxx/CMakeFiles/__idf_cxx.dir/cxx_init.cpp.obj
[412/2122] Building C object esp-idf/pthread/CMakeFiles/__idf_pthread.dir/pthread.c.obj
[413/2122] Building C object esp-idf/esp_timer/CMakeFiles/__idf_esp_timer.dir/src/esp_timer_init.c.obj
[414/2122] Building C object esp-idf/esp_timer/CMakeFiles/__idf_esp_timer.dir/src/ets_timer_legacy.c.obj
[415/2122] Building C object esp-idf/esp_timer/CMakeFiles/__idf_esp_timer.dir/src/system_time.c.obj
[416/2122] Building C object esp-idf/esp_timer/CMakeFiles/__idf_esp_timer.dir/src/esp_timer.c.obj
[417/2122] Building C object esp-idf/esp_timer/CMakeFiles/__idf_esp_timer.dir/src/esp_timer_impl_common.c.obj
[418/2122] Building CXX object esp-idf/cxx/CMakeFiles/__idf_cxx.dir/cxx_exception_stubs.cpp.obj
[419/2122] Building C object esp-idf/esp_timer/CMakeFiles/__idf_esp_timer.dir/src/esp_timer_impl_systimer.c.obj
[420/2122] Building C object esp-idf/esp_psram/CMakeFiles/__idf_esp_psram.dir/xip_impl/mmu_psram_flash.c.obj
[421/2122] Building C object esp-idf/esp_psram/CMakeFiles/__idf_esp_psram.dir/system_layer/esp_psram_mspi.c.obj
[422/2122] Building C object esp-idf/esp_driver_uart/CMakeFiles/__idf_esp_driver_uart.dir/src/uart_wakeup.c.obj
[423/2122] Building C object esp-idf/esp_psram/CMakeFiles/__idf_esp_psram.dir/device/esp_psram_impl_ap_quad.c.obj
[424/2122] Building CXX object esp-idf/cxx/CMakeFiles/__idf_cxx.dir/cxx_guards.cpp.obj
[425/2122] Building C object esp-idf/esp_psram/CMakeFiles/__idf_esp_psram.dir/system_layer/esp_psram.c.obj
[426/2122] Building C object esp-idf/esp_ringbuf/CMakeFiles/__idf_esp_ringbuf.dir/ringbuf.c.obj
[427/2122] Building C object esp-idf/esp_event/CMakeFiles/__idf_esp_event.dir/default_event_loop.c.obj
[428/2122] Building C object esp-idf/esp_event/CMakeFiles/__idf_esp_event.dir/esp_event_private.c.obj
[429/2122] Building C object esp-idf/nvs_sec_provider/CMakeFiles/__idf_nvs_sec_provider.dir/nvs_sec_provider.c.obj
[430/2122] Building C object esp-idf/esp_event/CMakeFiles/__idf_esp_event.dir/esp_event.c.obj
[431/2122] Building C object esp-idf/esp_driver_uart/CMakeFiles/__idf_esp_driver_uart.dir/src/uart_vfs.c.obj
[432/2122] Building C object esp-idf/esp_driver_uart/CMakeFiles/__idf_esp_driver_uart.dir/src/uhci.c.obj
[433/2122] Building C object esp-idf/esp_driver_uart/CMakeFiles/__idf_esp_driver_uart.dir/src/uart.c.obj
[434/2122] Building CXX object esp-idf/nvs_flash/CMakeFiles/__idf_nvs_flash.dir/src/nvs_item_hash_list.cpp.obj
[435/2122] Building CXX object esp-idf/nvs_flash/CMakeFiles/__idf_nvs_flash.dir/src/nvs_pagemanager.cpp.obj
[436/2122] Building CXX object esp-idf/nvs_flash/CMakeFiles/__idf_nvs_flash.dir/src/nvs_cxx_api.cpp.obj
[437/2122] Building CXX object esp-idf/nvs_flash/CMakeFiles/__idf_nvs_flash.dir/src/nvs_storage.cpp.obj
[438/2122] Building CXX object esp-idf/nvs_flash/CMakeFiles/__idf_nvs_flash.dir/src/nvs_partition.cpp.obj
[439/2122] Building CXX object esp-idf/nvs_flash/CMakeFiles/__idf_nvs_flash.dir/src/nvs_page.cpp.obj
[440/2122] Building CXX object esp-idf/nvs_flash/CMakeFiles/__idf_nvs_flash.dir/src/nvs_partition_lookup.cpp.obj
[441/2122] Building CXX object esp-idf/nvs_flash/CMakeFiles/__idf_nvs_flash.dir/src/nvs_platform.cpp.obj
[442/2122] Building CXX object esp-idf/nvs_flash/CMakeFiles/__idf_nvs_flash.dir/src/nvs_api.cpp.obj
[443/2122] Building CXX object esp-idf/nvs_flash/CMakeFiles/__idf_nvs_flash.dir/src/nvs_handle_simple.cpp.obj
[444/2122] Building C object esp-idf/nvs_flash/CMakeFiles/__idf_nvs_flash.dir/src/nvs_bootloader_aes.c.obj
[445/2122] Building C object esp-idf/nvs_flash/CMakeFiles/__idf_nvs_flash.dir/src/nvs_bootloader.c.obj
[446/2122] Building C object esp-idf/nvs_flash/CMakeFiles/__idf_nvs_flash.dir/src/nvs_bootloader_xts_aes.c.obj
[447/2122] Building CXX object esp-idf/nvs_flash/CMakeFiles/__idf_nvs_flash.dir/src/nvs_handle_locked.cpp.obj
[448/2122] Building C object esp-idf/esp_phy/CMakeFiles/__idf_esp_phy.dir/src/phy_override.c.obj
[449/2122] Building C object esp-idf/esp_phy/CMakeFiles/__idf_esp_phy.dir/src/lib_printf.c.obj
[450/2122] Building CXX object esp-idf/nvs_flash/CMakeFiles/__idf_nvs_flash.dir/src/nvs_partition_manager.cpp.obj
[451/2122] Building C object esp-idf/esp_phy/CMakeFiles/__idf_esp_phy.dir/esp32s3/phy_init_data.c.obj
[452/2122] Building CXX object esp-idf/nvs_flash/CMakeFiles/__idf_nvs_flash.dir/src/nvs_types.cpp.obj
[453/2122] Building CXX object esp-idf/nvs_flash/CMakeFiles/__idf_nvs_flash.dir/src/nvs_encrypted_partition.cpp.obj
[454/2122] Building C object esp-idf/esp_driver_usb_serial_jtag/CMakeFiles/__idf_esp_driver_usb_serial_jtag.dir/src/usb_serial_jtag_connection_monitor.c.obj
[455/2122] Building C object esp-idf/esp_phy/CMakeFiles/__idf_esp_phy.dir/src/phy_common.c.obj
[456/2122] Building C object esp-idf/esp_phy/CMakeFiles/__idf_esp_phy.dir/src/btbb_init.c.obj
[457/2122] Building C object esp-idf/esp_driver_usb_serial_jtag/CMakeFiles/__idf_esp_driver_usb_serial_jtag.dir/src/usb_serial_jtag.c.obj
[458/2122] Building C object esp-idf/esp_phy/CMakeFiles/__idf_esp_phy.dir/src/phy_init.c.obj
[459/2122] Building C object esp-idf/esp_driver_usb_serial_jtag/CMakeFiles/__idf_esp_driver_usb_serial_jtag.dir/src/usb_serial_jtag_vfs.c.obj
[460/2122] Building C object esp-idf/vfs/CMakeFiles/__idf_vfs.dir/nullfs.c.obj
[461/2122] Building C object esp-idf/vfs/CMakeFiles/__idf_vfs.dir/vfs_eventfd.c.obj
[462/2122] Building C object esp-idf/vfs/CMakeFiles/__idf_vfs.dir/vfs.c.obj
[463/2122] Building C object esp-idf/vfs/CMakeFiles/__idf_vfs.dir/vfs_calls.c.obj
[464/2122] Building C object esp-idf/lwip/CMakeFiles/__idf_lwip.dir/lwip/src/api/err.c.obj
[465/2122] Building C object esp-idf/vfs/CMakeFiles/__idf_vfs.dir/vfs_semihost.c.obj
[466/2122] Building C object esp-idf/lwip/CMakeFiles/__idf_lwip.dir/lwip/src/api/netbuf.c.obj
[467/2122] Building C object esp-idf/lwip/CMakeFiles/__idf_lwip.dir/lwip/src/api/netifapi.c.obj
[468/2122] Building C object esp-idf/lwip/CMakeFiles/__idf_lwip.dir/lwip/src/api/if_api.c.obj
[469/2122] Building C object esp-idf/lwip/CMakeFiles/__idf_lwip.dir/apps/sntp/sntp.c.obj
[470/2122] Building C object esp-idf/lwip/CMakeFiles/__idf_lwip.dir/lwip/src/api/netdb.c.obj
[471/2122] Building C object esp-idf/lwip/CMakeFiles/__idf_lwip.dir/lwip/src/api/api_lib.c.obj
[472/2122] Building C object esp-idf/lwip/CMakeFiles/__idf_lwip.dir/lwip/src/api/tcpip.c.obj
[473/2122] Building C object esp-idf/lwip/CMakeFiles/__idf_lwip.dir/lwip/src/apps/sntp/sntp.c.obj
[474/2122] Building C object esp-idf/lwip/CMakeFiles/__idf_lwip.dir/lwip/src/apps/netbiosns/netbiosns.c.obj
[475/2122] Building C object esp-idf/lwip/CMakeFiles/__idf_lwip.dir/lwip/src/core/def.c.obj
[476/2122] Building C object esp-idf/lwip/CMakeFiles/__idf_lwip.dir/lwip/src/core/init.c.obj
[477/2122] Building C object esp-idf/lwip/CMakeFiles/__idf_lwip.dir/lwip/src/api/api_msg.c.obj
[478/2122] Building C object esp-idf/lwip/CMakeFiles/__idf_lwip.dir/lwip/src/core/inet_chksum.c.obj
[479/2122] Building C object esp-idf/lwip/CMakeFiles/__idf_lwip.dir/lwip/src/core/memp.c.obj
[480/2122] Building C object esp-idf/lwip/CMakeFiles/__idf_lwip.dir/lwip/src/core/mem.c.obj
[481/2122] Building C object esp-idf/lwip/CMakeFiles/__idf_lwip.dir/lwip/src/core/ip.c.obj
[482/2122] Building C object esp-idf/lwip/CMakeFiles/__idf_lwip.dir/lwip/src/core/stats.c.obj
[483/2122] Building C object esp-idf/lwip/CMakeFiles/__idf_lwip.dir/lwip/src/core/raw.c.obj
[484/2122] Building C object esp-idf/lwip/CMakeFiles/__idf_lwip.dir/lwip/src/core/sys.c.obj
[485/2122] Building C object esp-idf/lwip/CMakeFiles/__idf_lwip.dir/lwip/src/core/dns.c.obj
[486/2122] Building C object esp-idf/lwip/CMakeFiles/__idf_lwip.dir/lwip/src/core/pbuf.c.obj
[487/2122] Building C object esp-idf/lwip/CMakeFiles/__idf_lwip.dir/lwip/src/api/sockets.c.obj
[488/2122] Building C object esp-idf/lwip/CMakeFiles/__idf_lwip.dir/lwip/src/core/netif.c.obj
[489/2122] Building C object esp-idf/lwip/CMakeFiles/__idf_lwip.dir/lwip/src/core/timeouts.c.obj
[490/2122] Building C object esp-idf/lwip/CMakeFiles/__idf_lwip.dir/lwip/src/core/ipv4/autoip.c.obj
[491/2122] Building C object esp-idf/lwip/CMakeFiles/__idf_lwip.dir/lwip/src/core/tcp_out.c.obj
[492/2122] Building C object esp-idf/lwip/CMakeFiles/__idf_lwip.dir/lwip/src/core/ipv4/icmp.c.obj
[493/2122] Building C object esp-idf/lwip/CMakeFiles/__idf_lwip.dir/lwip/src/core/tcp.c.obj
[494/2122] Building C object esp-idf/lwip/CMakeFiles/__idf_lwip.dir/lwip/src/core/ipv4/etharp.c.obj
[495/2122] Building C object esp-idf/lwip/CMakeFiles/__idf_lwip.dir/lwip/src/core/tcp_in.c.obj
[496/2122] Building C object esp-idf/lwip/CMakeFiles/__idf_lwip.dir/lwip/src/core/ipv4/ip4_napt.c.obj
[497/2122] Building C object esp-idf/lwip/CMakeFiles/__idf_lwip.dir/lwip/src/core/udp.c.obj
[498/2122] Building C object esp-idf/lwip/CMakeFiles/__idf_lwip.dir/lwip/src/core/ipv4/ip4_frag.c.obj
[499/2122] Building C object esp-idf/lwip/CMakeFiles/__idf_lwip.dir/lwip/src/core/ipv6/dhcp6.c.obj
[500/2122] Building C object esp-idf/lwip/CMakeFiles/__idf_lwip.dir/lwip/src/core/ipv4/ip4.c.obj
[501/2122] Building C object esp-idf/lwip/CMakeFiles/__idf_lwip.dir/lwip/src/core/ipv4/igmp.c.obj
[502/2122] Building C object esp-idf/lwip/CMakeFiles/__idf_lwip.dir/lwip/src/core/ipv4/ip4_addr.c.obj
[503/2122] Building C object esp-idf/lwip/CMakeFiles/__idf_lwip.dir/lwip/src/core/ipv6/inet6.c.obj
[504/2122] Building C object esp-idf/lwip/CMakeFiles/__idf_lwip.dir/lwip/src/core/ipv6/ethip6.c.obj
[505/2122] Building C object esp-idf/lwip/CMakeFiles/__idf_lwip.dir/lwip/src/core/ipv4/dhcp.c.obj
[506/2122] Building C object esp-idf/lwip/CMakeFiles/__idf_lwip.dir/lwip/src/core/ipv6/icmp6.c.obj
[507/2122] Building C object esp-idf/lwip/CMakeFiles/__idf_lwip.dir/lwip/src/core/ipv6/ip6_frag.c.obj
[508/2122] Building C object esp-idf/lwip/CMakeFiles/__idf_lwip.dir/lwip/src/core/ipv6/ip6_addr.c.obj
[509/2122] Building C object esp-idf/lwip/CMakeFiles/__idf_lwip.dir/lwip/src/netif/ethernet.c.obj
[510/2122] Building C object esp-idf/lwip/CMakeFiles/__idf_lwip.dir/lwip/src/netif/bridgeif.c.obj
[511/2122] Building C object esp-idf/lwip/CMakeFiles/__idf_lwip.dir/lwip/src/netif/bridgeif_fdb.c.obj
[512/2122] Building C object esp-idf/lwip/CMakeFiles/__idf_lwip.dir/lwip/src/netif/ppp/auth.c.obj
[513/2122] Building C object esp-idf/lwip/CMakeFiles/__idf_lwip.dir/lwip/src/netif/ppp/ccp.c.obj
[514/2122] Building C object esp-idf/lwip/CMakeFiles/__idf_lwip.dir/lwip/src/core/ipv6/mld6.c.obj
[515/2122] Building C object esp-idf/lwip/CMakeFiles/__idf_lwip.dir/lwip/src/netif/ppp/chap-md5.c.obj
[516/2122] Building C object esp-idf/lwip/CMakeFiles/__idf_lwip.dir/lwip/src/netif/ppp/chap-new.c.obj
[517/2122] Building C object esp-idf/lwip/CMakeFiles/__idf_lwip.dir/lwip/src/netif/slipif.c.obj
[518/2122] Building C object esp-idf/lwip/CMakeFiles/__idf_lwip.dir/lwip/src/netif/ppp/demand.c.obj
[519/2122] Building C object esp-idf/lwip/CMakeFiles/__idf_lwip.dir/lwip/src/netif/ppp/chap_ms.c.obj
[520/2122] Building C object esp-idf/lwip/CMakeFiles/__idf_lwip.dir/lwip/src/netif/ppp/ecp.c.obj
[521/2122] Building C object esp-idf/lwip/CMakeFiles/__idf_lwip.dir/lwip/src/netif/ppp/eap.c.obj
[522/2122] Building C object esp-idf/lwip/CMakeFiles/__idf_lwip.dir/lwip/src/netif/ppp/ipcp.c.obj
[523/2122] Building C object esp-idf/lwip/CMakeFiles/__idf_lwip.dir/lwip/src/core/ipv6/ip6.c.obj
[524/2122] Building C object esp-idf/lwip/CMakeFiles/__idf_lwip.dir/lwip/src/netif/ppp/fsm.c.obj
[525/2122] Building C object esp-idf/lwip/CMakeFiles/__idf_lwip.dir/lwip/src/netif/ppp/eui64.c.obj
[526/2122] Building C object esp-idf/lwip/CMakeFiles/__idf_lwip.dir/lwip/src/netif/ppp/magic.c.obj
[527/2122] Building C object esp-idf/lwip/CMakeFiles/__idf_lwip.dir/lwip/src/netif/ppp/lcp.c.obj
[528/2122] Building C object esp-idf/lwip/CMakeFiles/__idf_lwip.dir/lwip/src/netif/ppp/mppe.c.obj
[529/2122] Building C object esp-idf/lwip/CMakeFiles/__idf_lwip.dir/lwip/src/netif/ppp/ipv6cp.c.obj
[530/2122] Building C object esp-idf/lwip/CMakeFiles/__idf_lwip.dir/lwip/src/netif/ppp/ppp.c.obj
[531/2122] Building C object esp-idf/lwip/CMakeFiles/__idf_lwip.dir/lwip/src/netif/ppp/multilink.c.obj
[532/2122] Building C object esp-idf/lwip/CMakeFiles/__idf_lwip.dir/lwip/src/netif/ppp/pppol2tp.c.obj
[533/2122] Building C object esp-idf/lwip/CMakeFiles/__idf_lwip.dir/lwip/src/netif/ppp/pppcrypt.c.obj
[534/2122] Building C object esp-idf/lwip/CMakeFiles/__idf_lwip.dir/lwip/src/netif/ppp/pppapi.c.obj
[535/2122] Building C object esp-idf/lwip/CMakeFiles/__idf_lwip.dir/lwip/src/netif/ppp/pppoe.c.obj
[536/2122] Building C object esp-idf/lwip/CMakeFiles/__idf_lwip.dir/lwip/src/netif/ppp/upap.c.obj
[537/2122] Building C object esp-idf/lwip/CMakeFiles/__idf_lwip.dir/lwip/src/netif/ppp/pppos.c.obj
[538/2122] Building C object esp-idf/lwip/CMakeFiles/__idf_lwip.dir/lwip/src/netif/ppp/vj.c.obj
[539/2122] Building C object esp-idf/lwip/CMakeFiles/__idf_lwip.dir/lwip/src/netif/ppp/utils.c.obj
[540/2122] Building C object esp-idf/lwip/CMakeFiles/__idf_lwip.dir/port/sockets_ext.c.obj
[541/2122] Building C object esp-idf/lwip/CMakeFiles/__idf_lwip.dir/port/hooks/tcp_isn_default.c.obj
[542/2122] Building C object esp-idf/lwip/CMakeFiles/__idf_lwip.dir/port/hooks/lwip_default_hooks.c.obj
[543/2122] Building C object esp-idf/lwip/CMakeFiles/__idf_lwip.dir/port/if_index.c.obj
[544/2122] Building C object esp-idf/lwip/CMakeFiles/__idf_lwip.dir/port/acd_dhcp_check.c.obj
[545/2122] Building C object esp-idf/lwip/CMakeFiles/__idf_lwip.dir/port/debug/lwip_debug.c.obj
[546/2122] Building C object esp-idf/lwip/CMakeFiles/__idf_lwip.dir/lwip/src/netif/ppp/polarssl/des.c.obj
[547/2122] Building C object esp-idf/lwip/CMakeFiles/__idf_lwip.dir/port/esp32xx/vfs_lwip.c.obj
[548/2122] Building C object esp-idf/lwip/CMakeFiles/__idf_lwip.dir/lwip/src/netif/ppp/polarssl/arc4.c.obj
[549/2122] Building C object esp-idf/lwip/CMakeFiles/__idf_lwip.dir/port/freertos/sys_arch.c.obj
[550/2122] Building C object esp-idf/lwip/CMakeFiles/__idf_lwip.dir/lwip/src/netif/ppp/polarssl/md4.c.obj
[551/2122] Building C object esp-idf/lwip/CMakeFiles/__idf_lwip.dir/lwip/src/netif/ppp/polarssl/md5.c.obj
[552/2122] Building C object esp-idf/lwip/CMakeFiles/__idf_lwip.dir/lwip/src/core/ipv6/nd6.c.obj
[553/2122] Building C object esp-idf/esp_netif/CMakeFiles/__idf_esp_netif.dir/esp_netif_defaults.c.obj
[554/2122] Building C object esp-idf/lwip/CMakeFiles/__idf_lwip.dir/lwip/src/netif/ppp/polarssl/sha1.c.obj
[555/2122] Building C object esp-idf/esp_netif/CMakeFiles/__idf_esp_netif.dir/esp_netif_handlers.c.obj
[556/2122] Building C object esp-idf/esp_netif/CMakeFiles/__idf_esp_netif.dir/esp_netif_objects.c.obj
[557/2122] Building C object esp-idf/lwip/CMakeFiles/__idf_lwip.dir/apps/ping/ping_sock.c.obj
[558/2122] Building C object esp-idf/esp_netif/CMakeFiles/__idf_esp_netif.dir/lwip/esp_netif_lwip_defaults.c.obj
[559/2122] Building C object esp-idf/esp_netif/CMakeFiles/__idf_esp_netif.dir/lwip/netif/wlanif.c.obj
[560/2122] Building C object esp-idf/esp_netif/CMakeFiles/__idf_esp_netif.dir/lwip/esp_netif_sntp.c.obj
[561/2122] Building C object esp-idf/esp_netif/CMakeFiles/__idf_esp_netif.dir/lwip/netif/ethernetif.c.obj
[562/2122] Building C object esp-idf/esp_netif/CMakeFiles/__idf_esp_netif.dir/lwip/netif/esp_pbuf_ref.c.obj
[563/2122] Building C object esp-idf/lwip/CMakeFiles/__idf_lwip.dir/apps/dhcpserver/dhcpserver.c.obj
[564/2122] Building C object esp-idf/wpa_supplicant/CMakeFiles/__idf_wpa_supplicant.dir/port/os_xtensa.c.obj
[565/2122] Building C object esp-idf/wpa_supplicant/CMakeFiles/__idf_wpa_supplicant.dir/src/ap/ap_config.c.obj
[566/2122] Building C object esp-idf/wpa_supplicant/CMakeFiles/__idf_wpa_supplicant.dir/src/ap/ieee802_1x.c.obj
[567/2122] Building C object esp-idf/wpa_supplicant/CMakeFiles/__idf_wpa_supplicant.dir/port/eloop.c.obj
[568/2122] Building C object esp-idf/wpa_supplicant/CMakeFiles/__idf_wpa_supplicant.dir/src/ap/pmksa_cache_auth.c.obj
[569/2122] Building C object esp-idf/wpa_supplicant/CMakeFiles/__idf_wpa_supplicant.dir/src/ap/wpa_auth_ie.c.obj
[570/2122] Building C object esp-idf/esp_netif/CMakeFiles/__idf_esp_netif.dir/lwip/esp_netif_lwip.c.obj
[571/2122] Building C object esp-idf/wpa_supplicant/CMakeFiles/__idf_wpa_supplicant.dir/src/ap/sta_info.c.obj
[572/2122] Building C object esp-idf/wpa_supplicant/CMakeFiles/__idf_wpa_supplicant.dir/src/common/dragonfly.c.obj
[573/2122] Building C object esp-idf/wpa_supplicant/CMakeFiles/__idf_wpa_supplicant.dir/src/ap/comeback_token.c.obj
[574/2122] Building C object esp-idf/wpa_supplicant/CMakeFiles/__idf_wpa_supplicant.dir/src/ap/ieee802_11.c.obj
[575/2122] Building C object esp-idf/wpa_supplicant/CMakeFiles/__idf_wpa_supplicant.dir/src/ap/wpa_auth.c.obj
[576/2122] Building C object esp-idf/wpa_supplicant/CMakeFiles/__idf_wpa_supplicant.dir/src/utils/bitfield.c.obj
[577/2122] Building C object esp-idf/wpa_supplicant/CMakeFiles/__idf_wpa_supplicant.dir/src/crypto/sha256-kdf.c.obj
[578/2122] Building C object esp-idf/wpa_supplicant/CMakeFiles/__idf_wpa_supplicant.dir/src/crypto/ccmp.c.obj
[579/2122] Building C object esp-idf/wpa_supplicant/CMakeFiles/__idf_wpa_supplicant.dir/src/crypto/aes-siv.c.obj
[580/2122] Building C object esp-idf/wpa_supplicant/CMakeFiles/__idf_wpa_supplicant.dir/src/crypto/crypto_ops.c.obj
[581/2122] Building C object esp-idf/wpa_supplicant/CMakeFiles/__idf_wpa_supplicant.dir/src/crypto/aes-gcm.c.obj
[582/2122] Building C object esp-idf/wpa_supplicant/CMakeFiles/__idf_wpa_supplicant.dir/src/crypto/dh_group5.c.obj
[583/2122] Building C object esp-idf/wpa_supplicant/CMakeFiles/__idf_wpa_supplicant.dir/src/crypto/dh_groups.c.obj
[584/2122] Building C object esp-idf/wpa_supplicant/CMakeFiles/__idf_wpa_supplicant.dir/src/common/wpa_common.c.obj
[585/2122] Building C object esp-idf/wpa_supplicant/CMakeFiles/__idf_wpa_supplicant.dir/src/common/sae.c.obj
[586/2122] Building C object esp-idf/wpa_supplicant/CMakeFiles/__idf_wpa_supplicant.dir/src/crypto/sha1-tlsprf.c.obj
[587/2122] Building C object esp-idf/wpa_supplicant/CMakeFiles/__idf_wpa_supplicant.dir/src/crypto/sha256-tlsprf.c.obj
[588/2122] Building C object esp-idf/wpa_supplicant/CMakeFiles/__idf_wpa_supplicant.dir/src/crypto/sha256-prf.c.obj
[589/2122] Building C object esp-idf/wpa_supplicant/CMakeFiles/__idf_wpa_supplicant.dir/src/crypto/ms_funcs.c.obj
[590/2122] Building C object esp-idf/wpa_supplicant/CMakeFiles/__idf_wpa_supplicant.dir/src/crypto/sha384-tlsprf.c.obj
[591/2122] Building C object esp-idf/wpa_supplicant/CMakeFiles/__idf_wpa_supplicant.dir/src/crypto/sha1-prf.c.obj
[592/2122] Building C object esp-idf/wpa_supplicant/CMakeFiles/__idf_wpa_supplicant.dir/src/crypto/sha384-prf.c.obj
[593/2122] Building C object esp-idf/wpa_supplicant/CMakeFiles/__idf_wpa_supplicant.dir/src/crypto/sha1-tprf.c.obj
[594/2122] Building C object esp-idf/wpa_supplicant/CMakeFiles/__idf_wpa_supplicant.dir/src/crypto/md4-internal.c.obj
[595/2122] Building C object esp-idf/wpa_supplicant/CMakeFiles/__idf_wpa_supplicant.dir/src/eap_common/eap_wsc_common.c.obj
[596/2122] Building C object esp-idf/wpa_supplicant/CMakeFiles/__idf_wpa_supplicant.dir/src/eap_peer/chap.c.obj
[597/2122] Building C object esp-idf/wpa_supplicant/CMakeFiles/__idf_wpa_supplicant.dir/src/common/ieee802_11_common.c.obj
[598/2122] Building C object esp-idf/wpa_supplicant/CMakeFiles/__idf_wpa_supplicant.dir/src/eap_peer/eap_common.c.obj
[599/2122] Building C object esp-idf/wpa_supplicant/CMakeFiles/__idf_wpa_supplicant.dir/src/eap_peer/eap_peap_common.c.obj
[600/2122] Building C object esp-idf/wpa_supplicant/CMakeFiles/__idf_wpa_supplicant.dir/src/eap_peer/eap_tls.c.obj
[601/2122] Building C object esp-idf/wpa_supplicant/CMakeFiles/__idf_wpa_supplicant.dir/src/eap_peer/eap.c.obj
[602/2122] Building C object esp-idf/wpa_supplicant/CMakeFiles/__idf_wpa_supplicant.dir/src/eap_peer/eap_mschapv2.c.obj
[603/2122] Building C object esp-idf/wpa_supplicant/CMakeFiles/__idf_wpa_supplicant.dir/src/eap_peer/eap_peap.c.obj
[604/2122] Building C object esp-idf/wpa_supplicant/CMakeFiles/__idf_wpa_supplicant.dir/src/eap_peer/mschapv2.c.obj
[605/2122] Building C object esp-idf/wpa_supplicant/CMakeFiles/__idf_wpa_supplicant.dir/src/eap_peer/eap_tls_common.c.obj
[606/2122] Building C object esp-idf/wpa_supplicant/CMakeFiles/__idf_wpa_supplicant.dir/src/eap_peer/eap_fast_common.c.obj
[607/2122] Building C object esp-idf/wpa_supplicant/CMakeFiles/__idf_wpa_supplicant.dir/src/eap_peer/eap_ttls.c.obj
[608/2122] Building C object esp-idf/wpa_supplicant/CMakeFiles/__idf_wpa_supplicant.dir/src/rsn_supp/wpa_ie.c.obj
[609/2122] Building C object esp-idf/wpa_supplicant/CMakeFiles/__idf_wpa_supplicant.dir/src/rsn_supp/pmksa_cache.c.obj
[610/2122] Building C object esp-idf/wpa_supplicant/CMakeFiles/__idf_wpa_supplicant.dir/src/utils/ext_password.c.obj
[611/2122] Building C object esp-idf/wpa_supplicant/CMakeFiles/__idf_wpa_supplicant.dir/src/eap_peer/eap_fast_pac.c.obj
[612/2122] Building C object esp-idf/wpa_supplicant/CMakeFiles/__idf_wpa_supplicant.dir/src/utils/base64.c.obj
[613/2122] Building C object esp-idf/wpa_supplicant/CMakeFiles/__idf_wpa_supplicant.dir/src/utils/uuid.c.obj
[614/2122] Building C object esp-idf/wpa_supplicant/CMakeFiles/__idf_wpa_supplicant.dir/src/utils/common.c.obj
[615/2122] Building C object esp-idf/wpa_supplicant/CMakeFiles/__idf_wpa_supplicant.dir/src/utils/wpabuf.c.obj
[616/2122] Building C object esp-idf/wpa_supplicant/CMakeFiles/__idf_wpa_supplicant.dir/src/utils/wpa_debug.c.obj
[617/2122] Building C object esp-idf/wpa_supplicant/CMakeFiles/__idf_wpa_supplicant.dir/src/wps/wps_attr_build.c.obj
[618/2122] Building C object esp-idf/wpa_supplicant/CMakeFiles/__idf_wpa_supplicant.dir/src/eap_peer/eap_fast.c.obj
[619/2122] Building C object esp-idf/wpa_supplicant/CMakeFiles/__idf_wpa_supplicant.dir/src/utils/json.c.obj
[620/2122] Building C object esp-idf/wpa_supplicant/CMakeFiles/__idf_wpa_supplicant.dir/src/wps/wps.c.obj
[621/2122] Building C object esp-idf/wpa_supplicant/CMakeFiles/__idf_wpa_supplicant.dir/src/wps/wps_attr_parse.c.obj
[622/2122] Building C object esp-idf/wpa_supplicant/CMakeFiles/__idf_wpa_supplicant.dir/src/wps/wps_dev_attr.c.obj
[623/2122] Building C object esp-idf/wpa_supplicant/CMakeFiles/__idf_wpa_supplicant.dir/src/rsn_supp/wpa.c.obj
[624/2122] Building C object esp-idf/wpa_supplicant/CMakeFiles/__idf_wpa_supplicant.dir/src/wps/wps_attr_process.c.obj
[625/2122] Building C object esp-idf/wpa_supplicant/CMakeFiles/__idf_wpa_supplicant.dir/esp_supplicant/src/esp_wpa2_api_port.c.obj
[626/2122] Building C object esp-idf/wpa_supplicant/CMakeFiles/__idf_wpa_supplicant.dir/src/common/sae_pk.c.obj
[627/2122] Building C object esp-idf/wpa_supplicant/CMakeFiles/__idf_wpa_supplicant.dir/src/wps/wps_common.c.obj
[628/2122] Building C object esp-idf/wpa_supplicant/CMakeFiles/__idf_wpa_supplicant.dir/esp_supplicant/src/esp_wpas_glue.c.obj
[629/2122] Building C object esp-idf/wpa_supplicant/CMakeFiles/__idf_wpa_supplicant.dir/esp_supplicant/src/esp_wpa_main.c.obj
[630/2122] Building C object esp-idf/wpa_supplicant/CMakeFiles/__idf_wpa_supplicant.dir/src/wps/wps_enrollee.c.obj
[631/2122] Building C object esp-idf/wpa_supplicant/CMakeFiles/__idf_wpa_supplicant.dir/esp_supplicant/src/esp_common.c.obj
[632/2122] Building C object esp-idf/wpa_supplicant/CMakeFiles/__idf_wpa_supplicant.dir/esp_supplicant/src/esp_nan_supplicant.c.obj
[633/2122] Building C object esp-idf/wpa_supplicant/CMakeFiles/__idf_wpa_supplicant.dir/esp_supplicant/src/esp_wpa3.c.obj
[634/2122] Building C object esp-idf/wpa_supplicant/CMakeFiles/__idf_wpa_supplicant.dir/esp_supplicant/src/esp_eap_client.c.obj
[635/2122] Building C object esp-idf/wpa_supplicant/CMakeFiles/__idf_wpa_supplicant.dir/esp_supplicant/src/esp_owe.c.obj
[636/2122] Building C object esp-idf/wpa_supplicant/CMakeFiles/__idf_wpa_supplicant.dir/esp_supplicant/src/crypto/tls_mbedtls.c.obj
[637/2122] Building C object esp-idf/wpa_supplicant/CMakeFiles/__idf_wpa_supplicant.dir/esp_supplicant/src/crypto/fastpsk.c.obj
[638/2122] Building C object esp-idf/wpa_supplicant/CMakeFiles/__idf_wpa_supplicant.dir/esp_supplicant/src/crypto/crypto_mbedtls-rsa.c.obj
[639/2122] Building C object esp-idf/wpa_supplicant/CMakeFiles/__idf_wpa_supplicant.dir/esp_supplicant/src/esp_wps.c.obj
[640/2122] Building C object esp-idf/wpa_supplicant/CMakeFiles/__idf_wpa_supplicant.dir/src/crypto/rc4.c.obj
[641/2122] Building C object esp-idf/wpa_supplicant/CMakeFiles/__idf_wpa_supplicant.dir/esp_supplicant/src/crypto/crypto_mbedtls.c.obj
[642/2122] Building C object esp-idf/wpa_supplicant/CMakeFiles/__idf_wpa_supplicant.dir/esp_supplicant/src/crypto/crypto_mbedtls-bignum.c.obj
[643/2122] Building C object esp-idf/wpa_supplicant/CMakeFiles/__idf_wpa_supplicant.dir/src/crypto/aes-wrap.c.obj
[644/2122] Building C object esp-idf/wpa_supplicant/CMakeFiles/__idf_wpa_supplicant.dir/src/crypto/aes-unwrap.c.obj
[645/2122] Building C object esp-idf/esp_coex/CMakeFiles/__idf_esp_coex.dir/src/coexist_debug_diagram.c.obj
[646/2122] Building C object esp-idf/esp_coex/CMakeFiles/__idf_esp_coex.dir/src/coexist_debug.c.obj
[647/2122] Building C object esp-idf/esp_wifi/CMakeFiles/__idf_esp_wifi.dir/src/lib_printf.c.obj
[648/2122] Building C object esp-idf/wpa_supplicant/CMakeFiles/__idf_wpa_supplicant.dir/src/crypto/aes-ccm.c.obj
[649/2122] Building C object esp-idf/wpa_supplicant/CMakeFiles/__idf_wpa_supplicant.dir/src/crypto/des-internal.c.obj
[650/2122] Building C object esp-idf/esp_wifi/CMakeFiles/__idf_esp_wifi.dir/src/mesh_event.c.obj
[651/2122] Building C object esp-idf/esp_coex/CMakeFiles/__idf_esp_coex.dir/esp32s3/esp_coex_adapter.c.obj
[652/2122] Building C object esp-idf/esp_wifi/CMakeFiles/__idf_esp_wifi.dir/src/smartconfig.c.obj
[653/2122] Building C object esp-idf/esp_wifi/CMakeFiles/__idf_esp_wifi.dir/src/wifi_default_ap.c.obj
[654/2122] Building C object esp-idf/esp_wifi/CMakeFiles/__idf_esp_wifi.dir/src/ftm_load_calibration.c.obj
[655/2122] Building C object esp-idf/esp_wifi/CMakeFiles/__idf_esp_wifi.dir/src/wifi_init.c.obj
[656/2122] Building C object esp-idf/esp_wifi/CMakeFiles/__idf_esp_wifi.dir/src/wifi_netif.c.obj
[657/2122] Building C object esp-idf/esp_wifi/CMakeFiles/__idf_esp_wifi.dir/regulatory/esp_wifi_regulatory.c.obj
[658/2122] Building C object esp-idf/esp_wifi/CMakeFiles/__idf_esp_wifi.dir/src/wifi_default.c.obj
[659/2122] Building C object esp-idf/esp_wifi/CMakeFiles/__idf_esp_wifi.dir/esp32s3/esp_adapter.c.obj
[660/2122] Building C object esp-idf/esp_wifi/CMakeFiles/__idf_esp_wifi.dir/remote/esp_eap_client_remote_weak.c.obj
[661/2122] Building C object esp-idf/esp_wifi/CMakeFiles/__idf_esp_wifi.dir/src/smartconfig_ack.c.obj
[662/2122] Building C object esp-idf/wpa_supplicant/CMakeFiles/__idf_wpa_supplicant.dir/esp_supplicant/src/crypto/crypto_mbedtls-ec.c.obj
[663/2122] Building C object esp-idf/esp_wifi/CMakeFiles/__idf_esp_wifi.dir/remote/esp_wifi_remote_net2.c.obj
[664/2122] Building ASM object esp-idf/esp_gdbstub/CMakeFiles/__idf_esp_gdbstub.dir/src/port/xtensa/gdbstub-entry.S.obj
[665/2122] Building C object esp-idf/esp_gdbstub/CMakeFiles/__idf_esp_gdbstub.dir/src/packet.c.obj
[666/2122] Building ASM object esp-idf/esp_gdbstub/CMakeFiles/__idf_esp_gdbstub.dir/src/port/xtensa/xt_debugexception.S.obj
[667/2122] Building C object esp-idf/esp_gdbstub/CMakeFiles/__idf_esp_gdbstub.dir/src/gdbstub_transport.c.obj
[668/2122] Building C object esp-idf/esp_gdbstub/CMakeFiles/__idf_esp_gdbstub.dir/src/port/xtensa/gdbstub_xtensa.c.obj
[669/2122] Building C object esp-idf/esp_wifi/CMakeFiles/__idf_esp_wifi.dir/remote/esp_wifi_remote_weak.c.obj
[670/2122] Building C object esp-idf/esp_gdbstub/CMakeFiles/__idf_esp_gdbstub.dir/src/gdbstub.c.obj
[671/2122] Building C object esp-idf/esp_hal_i2c/CMakeFiles/__idf_esp_hal_i2c.dir/esp32s3/i2c_periph.c.obj
[672/2122] Building C object esp-idf/esp_hal_i2c/CMakeFiles/__idf_esp_hal_i2c.dir/i2c_hal_iram.c.obj
[673/2122] Building C object esp-idf/esp-tls/CMakeFiles/__idf_esp-tls.dir/esp-tls-crypto/esp_tls_crypto.c.obj
[674/2122] Building C object esp-idf/esp_hal_i2c/CMakeFiles/__idf_esp_hal_i2c.dir/i2c_hal.c.obj
[675/2122] Building C object esp-idf/esp-tls/CMakeFiles/__idf_esp-tls.dir/esp_tls_platform_port.c.obj
[676/2122] Building C object esp-idf/esp-tls/CMakeFiles/__idf_esp-tls.dir/esp_tls_error_capture.c.obj
[677/2122] Building C object esp-idf/esp_adc/CMakeFiles/__idf_esp_adc.dir/adc_cali.c.obj
[678/2122] Building C object esp-idf/esp_adc/CMakeFiles/__idf_esp_adc.dir/adc_common.c.obj
[679/2122] Building C object esp-idf/esp_adc/CMakeFiles/__idf_esp_adc.dir/adc_cali_curve_fitting.c.obj
[680/2122] Building C object esp-idf/esp_adc/CMakeFiles/__idf_esp_adc.dir/adc_oneshot.c.obj
[681/2122] Building C object esp-idf/http_parser/CMakeFiles/__idf_http_parser.dir/http_parser.c.obj
[682/2122] Building C object esp-idf/esp-tls/CMakeFiles/__idf_esp-tls.dir/esp_tls.c.obj
[683/2122] Building C object esp-idf/esp_adc/CMakeFiles/__idf_esp_adc.dir/esp32s3/curve_fitting_coefficients.c.obj
[684/2122] Building C object esp-idf/esp-tls/CMakeFiles/__idf_esp-tls.dir/esp_tls_mbedtls.c.obj
[685/2122] Building C object esp-idf/esp_hal_i2s/CMakeFiles/__idf_esp_hal_i2s.dir/esp32s3/i2s_periph.c.obj
[686/2122] Building C object esp-idf/esp_adc/CMakeFiles/__idf_esp_adc.dir/gdma/adc_dma.c.obj
[687/2122] Building C object esp-idf/esp_adc/CMakeFiles/__idf_esp_adc.dir/adc_filter.c.obj
[688/2122] Building C object esp-idf/esp_adc/CMakeFiles/__idf_esp_adc.dir/adc_monitor.c.obj
[689/2122] Building C object esp-idf/esp_hal_i2s/CMakeFiles/__idf_esp_hal_i2s.dir/i2s_hal.c.obj
[690/2122] Building C object esp-idf/esp_adc/CMakeFiles/__idf_esp_adc.dir/adc_continuous.c.obj
[691/2122] Building C object esp-idf/esp_driver_i2s/CMakeFiles/__idf_esp_driver_i2s.dir/i2s_platform.c.obj
[692/2122] Building C object esp-idf/esp_driver_i2s/CMakeFiles/__idf_esp_driver_i2s.dir/i2s_pdm.c.obj
[693/2122] Building C object esp-idf/esp_driver_i2s/CMakeFiles/__idf_esp_driver_i2s.dir/i2s_std.c.obj
[694/2122] Building C object esp-idf/esp_driver_i2s/CMakeFiles/__idf_esp_driver_i2s.dir/i2s_tdm.c.obj
[695/2122] Building C object esp-idf/tcp_transport/CMakeFiles/__idf_tcp_transport.dir/transport_internal.c.obj
[696/2122] Building C object esp-idf/tcp_transport/CMakeFiles/__idf_tcp_transport.dir/transport.c.obj
[697/2122] Building C object esp-idf/esp_driver_i2s/CMakeFiles/__idf_esp_driver_i2s.dir/i2s_common.c.obj
[698/2122] Building C object esp-idf/tcp_transport/CMakeFiles/__idf_tcp_transport.dir/transport_socks_proxy.c.obj
[699/2122] Building C object esp-idf/tcp_transport/CMakeFiles/__idf_tcp_transport.dir/transport_ssl.c.obj
[700/2122] Building C object esp-idf/esp_http_client/CMakeFiles/__idf_esp_http_client.dir/lib/http_header.c.obj
[701/2122] Building C object esp-idf/esp_http_client/CMakeFiles/__idf_esp_http_client.dir/lib/http_utils.c.obj
[702/2122] Building C object esp-idf/esp_http_client/CMakeFiles/__idf_esp_http_client.dir/lib/http_auth.c.obj
[703/2122] Building C object esp-idf/esp_http_server/CMakeFiles/__idf_esp_http_server.dir/src/httpd_sess.c.obj
[704/2122] Building C object esp-idf/tcp_transport/CMakeFiles/__idf_tcp_transport.dir/transport_ws.c.obj
[705/2122] Building C object esp-idf/esp_http_server/CMakeFiles/__idf_esp_http_server.dir/src/httpd_main.c.obj
[706/2122] Building C object esp-idf/esp_http_server/CMakeFiles/__idf_esp_http_server.dir/src/httpd_parse.c.obj
[707/2122] Building C object esp-idf/esp_http_server/CMakeFiles/__idf_esp_http_server.dir/src/util/ctrl_sock.c.obj
[708/2122] Creating directories for 'chip_gn'
[709/2122] Building C object esp-idf/esp_http_server/CMakeFiles/__idf_esp_http_server.dir/src/httpd_txrx.c.obj
[710/2122] No download step for 'chip_gn'
[711/2122] Building C object esp-idf/esp_http_server/CMakeFiles/__idf_esp_http_server.dir/src/httpd_uri.c.obj
[712/2122] No update step for 'chip_gn'
[713/2122] No patch step for 'chip_gn'
[714/2122] Building C object esp-idf/esp_http_server/CMakeFiles/__idf_esp_http_server.dir/src/httpd_ws.c.obj
[715/2122] Building C object esp-idf/esp_http_client/CMakeFiles/__idf_esp_http_client.dir/esp_http_client.c.obj
[716/2122] cd /home/ludovic/dev/matter-esp32-home-energy-manager/firmware/build/esp-idf/main && /home/ludovic/.espressif/python_env/idf6.1_py3.12_env/bin/python /home/ludovic/dev/esp-idf-6.1/components/spiffs/spiffsgen.py 0x200000 /home/ludovic/dev/matter-esp32-home-energy-manager/firmware/html_compiled_app /home/ludovic/dev/matter-esp32-home-energy-manager/firmware/build/storage.bin --page-size=256 --obj-name-len=32 --meta-len=4 --use-magic --use-magic-len
[717/2122] Building C object esp-idf/esp_https_ota/CMakeFiles/__idf_esp_https_ota.dir/src/esp_https_ota.c.obj
[718/2122] Linking C static library esp-idf/esp_https_ota/libesp_https_ota.a
[719/2122] Linking C static library esp-idf/esp_http_server/libesp_http_server.a
[720/2122] Linking C static library esp-idf/esp_http_client/libesp_http_client.a
[721/2122] Linking C static library esp-idf/tcp_transport/libtcp_transport.a
[722/2122] Linking C static library esp-idf/esp_driver_i2s/libesp_driver_i2s.a
[723/2122] Linking C static library esp-idf/esp_hal_i2s/libesp_hal_i2s.a
[724/2122] Linking C static library esp-idf/esp_adc/libesp_adc.a
[725/2122] Linking C static library esp-idf/esp-tls/libesp-tls.a
[726/2122] Linking C static library esp-idf/http_parser/libhttp_parser.a
[727/2122] Linking C static library esp-idf/esp_hal_i2c/libesp_hal_i2c.a
[728/2122] Linking C static library esp-idf/esp_gdbstub/libesp_gdbstub.a
[729/2122] Linking C static library esp-idf/esp_wifi/libesp_wifi.a
[730/2122] Linking C static library esp-idf/esp_coex/libesp_coex.a
[731/2122] Linking C static library esp-idf/wpa_supplicant/libwpa_supplicant.a
[732/2122] Linking C static library esp-idf/esp_netif/libesp_netif.a
[733/2122] Linking C static library esp-idf/lwip/liblwip.a
[734/2122] Linking C static library esp-idf/vfs/libvfs.a
[735/2122] Linking C static library esp-idf/esp_driver_usb_serial_jtag/libesp_driver_usb_serial_jtag.a
[736/2122] Linking C static library esp-idf/esp_phy/libesp_phy.a
[737/2122] Linking C static library esp-idf/nvs_flash/libnvs_flash.a
[738/2122] Linking C static library esp-idf/nvs_sec_provider/libnvs_sec_provider.a
[739/2122] Linking C static library esp-idf/esp_event/libesp_event.a
[740/2122] Linking C static library esp-idf/esp_driver_uart/libesp_driver_uart.a
[741/2122] Linking C static library esp-idf/esp_psram/libesp_psram.a
[742/2122] Linking C static library esp-idf/esp_ringbuf/libesp_ringbuf.a
[743/2122] Linking C static library esp-idf/esp_timer/libesp_timer.a
[744/2122] Linking C static library esp-idf/cxx/libcxx.a
[745/2122] Linking C static library esp-idf/pthread/libpthread.a
[746/2122] Linking C static library esp-idf/esp_libc/libesp_libc.a
[747/2122] Linking C static library esp-idf/freertos/libfreertos.a
[748/2122] Linking C static library esp-idf/esp_hw_support/libesp_hw_support.a
[749/2122] Linking C static library esp-idf/esp_hal_touch_sens/libesp_hal_touch_sens.a
[750/2122] Linking C static library esp-idf/esp_hal_systimer/libesp_hal_systimer.a
[751/2122] Linking C static library esp-idf/esp_hal_pmu/libesp_hal_pmu.a
[752/2122] Linking C static library esp-idf/esp_hal_usb/libesp_hal_usb.a
[753/2122] Linking C static library esp-idf/esp_hal_gpio/libesp_hal_gpio.a
[754/2122] Linking C static library esp-idf/soc/libsoc.a
[755/2122] Linking C static library esp-idf/heap/libheap.a
[756/2122] Linking C static library esp-idf/log/liblog.a
[757/2122] Linking C static library esp-idf/hal/libhal.a
[758/2122] Linking C static library esp-idf/esp_rom/libesp_rom.a
[759/2122] Linking C static library esp-idf/esp_common/libesp_common.a
[760/2122] Linking C static library esp-idf/esp_system/libesp_system.a
[761/2122] Linking C static library esp-idf/spi_flash/libspi_flash.a
[762/2122] Linking C static library esp-idf/bootloader_support/libbootloader_support.a
[763/2122] Linking C static library esp-idf/esp_hal_ana_conv/libesp_hal_ana_conv.a
[764/2122] Linking C static library esp-idf/esp_hal_wdt/libesp_hal_wdt.a
[765/2122] Linking C static library esp-idf/esp_hal_timg/libesp_hal_timg.a
[766/2122] Linking CXX static library esp-idf/mbedtls/mbedtls/tf-psa-crypto/drivers/everest/libeverest.a
[767/2122] Linking CXX static library esp-idf/mbedtls/mbedtls/tf-psa-crypto/drivers/p256-m/libp256-m.a
[768/2122] Linking CXX static library esp-idf/mbedtls/mbedtls/tf-psa-crypto/drivers/builtin/libmbed-builtin.a
[769/2122] Linking CXX static library esp-idf/mbedtls/mbedtls/tf-psa-crypto/drivers/pqcp/libpqcp.a
[770/2122] Linking CXX static library esp-idf/mbedtls/mbedtls/tf-psa-crypto/extras/libextras.a
[771/2122] Linking CXX static library esp-idf/mbedtls/mbedtls/tf-psa-crypto/platform/libplatform.a
[772/2122] Linking CXX static library esp-idf/mbedtls/mbedtls/tf-psa-crypto/utilities/libutilities.a
[773/2122] Linking CXX static library esp-idf/mbedtls/mbedtls/tf-psa-crypto/core/libtfpsacrypto.a
[774/2122] Linking CXX static library esp-idf/mbedtls/mbedtls/library/libmbedtls.a
[775/2122] Linking CXX static library esp-idf/mbedtls/mbedtls/library/libmbedx509.a
[776/2122] Generating x509_crt_bundle
[777/2122] Performing configure step for 'chip_gn'
Done. Made 6233 targets from 545 files in 6197ms
[778/2122] Generating ../../x509_crt_bundle.S
[779/2122] Building C object esp-idf/xtensa/CMakeFiles/__idf_xtensa.dir/xt_trax.c.obj
[780/2122] Building C object esp-idf/xtensa/CMakeFiles/__idf_xtensa.dir/eri.c.obj
[781/2122] Building ASM object esp-idf/xtensa/CMakeFiles/__idf_xtensa.dir/xtensa_intr_asm.S.obj
[782/2122] Building C object esp-idf/xtensa/CMakeFiles/__idf_xtensa.dir/xtensa_intr.c.obj
[783/2122] Building ASM object esp-idf/xtensa/CMakeFiles/__idf_xtensa.dir/xtensa_context.S.obj
[784/2122] Building ASM object esp-idf/xtensa/CMakeFiles/__idf_xtensa.dir/xtensa_vectors.S.obj
[785/2122] Building C object esp-idf/esp_stdio/CMakeFiles/__idf_esp_stdio.dir/stdio_simple.c.obj
[786/2122] Building C object esp-idf/esp_hal_dma/CMakeFiles/__idf_esp_hal_dma.dir/gdma_hal_top.c.obj
[787/2122] Building C object esp-idf/esp_stdio/CMakeFiles/__idf_esp_stdio.dir/stdio_syscalls_simple.c.obj
[788/2122] Building C object esp-idf/esp_stdio/CMakeFiles/__idf_esp_stdio.dir/stdio_port.c.obj
[789/2122] Building C object esp-idf/esp_hal_gpspi/CMakeFiles/__idf_esp_hal_gpspi.dir/esp32s3/spi_periph.c.obj
[790/2122] Building C object esp-idf/esp_hal_dma/CMakeFiles/__idf_esp_hal_dma.dir/esp32s3/gdma_periph.c.obj
[791/2122] Building C object esp-idf/esp_hal_dma/CMakeFiles/__idf_esp_hal_dma.dir/gdma_hal_ahb_v1.c.obj
[792/2122] Building C object esp-idf/esp_hal_gpspi/CMakeFiles/__idf_esp_hal_gpspi.dir/spi_hal.c.obj
[793/2122] Building C object esp-idf/esp_hal_gpspi/CMakeFiles/__idf_esp_hal_gpspi.dir/spi_slave_hal.c.obj
[794/2122] Building C object esp-idf/esp_stdio/CMakeFiles/__idf_esp_stdio.dir/stdio_vfs.c.obj
[795/2122] Building C object esp-idf/esp_hal_gpspi/CMakeFiles/__idf_esp_hal_gpspi.dir/spi_slave_hal_iram.c.obj
[796/2122] Building C object esp-idf/esp_hal_gpspi/CMakeFiles/__idf_esp_hal_gpspi.dir/spi_hal_iram.c.obj
[797/2122] Building C object esp-idf/esp_hal_clock/CMakeFiles/__idf_esp_hal_clock.dir/esp32s3/clk_tree_hal.c.obj
[798/2122] Building C object esp-idf/esp_hal_mspi/CMakeFiles/__idf_esp_hal_mspi.dir/spi_flash_encrypt_hal_iram.c.obj
[799/2122] Building C object esp-idf/esp_hal_mspi/CMakeFiles/__idf_esp_hal_mspi.dir/spi_flash_hal.c.obj
[800/2122] Building C object esp-idf/esp_hal_gpspi/CMakeFiles/__idf_esp_hal_gpspi.dir/spi_slave_hd_hal.c.obj
[801/2122] Building C object esp-idf/esp_hal_mspi/CMakeFiles/__idf_esp_hal_mspi.dir/esp32s3/mspi_periph.c.obj
[802/2122] Building C object esp-idf/esp_hal_security/CMakeFiles/__idf_esp_hal_security.dir/sha_hal.c.obj
[803/2122] Building C object esp-idf/esp_hal_security/CMakeFiles/__idf_esp_hal_security.dir/aes_hal.c.obj
[804/2122] Building C object esp-idf/esp_hal_security/CMakeFiles/__idf_esp_hal_security.dir/mpi_hal.c.obj
[805/2122] Building C object esp-idf/esp_hal_mspi/CMakeFiles/__idf_esp_hal_mspi.dir/spi_flash_hal_gpspi.c.obj
[806/2122] Building C object esp-idf/esp_hal_mspi/CMakeFiles/__idf_esp_hal_mspi.dir/spi_flash_hal_iram.c.obj
[807/2122] Building C object esp-idf/esp_hal_security/CMakeFiles/__idf_esp_hal_security.dir/mpu_hal.c.obj
[808/2122] Building C object esp-idf/esp_bootloader_format/CMakeFiles/__idf_esp_bootloader_format.dir/esp_bootloader_desc.c.obj
[809/2122] Building C object esp-idf/esp_hal_security/CMakeFiles/__idf_esp_hal_security.dir/ds_hal.c.obj
[810/2122] Building C object esp-idf/esp_hal_security/CMakeFiles/__idf_esp_hal_security.dir/hmac_hal.c.obj
[811/2122] Building C object esp-idf/esp_app_format/CMakeFiles/__idf_esp_app_format.dir/esp_app_desc.c.obj
[812/2122] Building C object esp-idf/efuse/CMakeFiles/__idf_efuse.dir/esp32s3/esp_efuse_table.c.obj
[813/2122] Building C object esp-idf/efuse/CMakeFiles/__idf_efuse.dir/esp32s3/esp_efuse_fields.c.obj
[814/2122] Building C object esp-idf/esp_partition/CMakeFiles/__idf_esp_partition.dir/partition_target.c.obj
[815/2122] Building C object esp-idf/efuse/CMakeFiles/__idf_efuse.dir/esp32s3/esp_efuse_rtc_calib.c.obj
[816/2122] Building C object esp-idf/esp_partition/CMakeFiles/__idf_esp_partition.dir/partition.c.obj
[817/2122] Building C object esp-idf/efuse/CMakeFiles/__idf_efuse.dir/src/esp_efuse_fields.c.obj
[818/2122] Building C object esp-idf/efuse/CMakeFiles/__idf_efuse.dir/esp32s3/esp_efuse_utility.c.obj
[819/2122] Building C object esp-idf/app_update/CMakeFiles/__idf_app_update.dir/esp_ota_ops.c.obj
[820/2122] Building C object esp-idf/efuse/CMakeFiles/__idf_efuse.dir/src/esp_efuse_startup.c.obj
[821/2122] Building C object esp-idf/efuse/CMakeFiles/__idf_efuse.dir/src/efuse_controller/keys/with_key_purposes/esp_efuse_api_key.c.obj
[822/2122] Building C object esp-idf/efuse/CMakeFiles/__idf_efuse.dir/src/esp_efuse_api.c.obj
[823/2122] Building C object esp-idf/esp_security/CMakeFiles/__idf_esp_security.dir/src/esp_crypto_lock.c.obj
[824/2122] Building C object esp-idf/efuse/CMakeFiles/__idf_efuse.dir/src/esp_efuse_utility.c.obj
[825/2122] Building C object esp-idf/esp_security/CMakeFiles/__idf_esp_security.dir/src/esp_hmac.c.obj
[826/2122] Building C object esp-idf/esp_security/CMakeFiles/__idf_esp_security.dir/src/esp32s3/esp_crypto_clk.c.obj
[827/2122] Building C object esp-idf/esp_security/CMakeFiles/__idf_esp_security.dir/src/init.c.obj
[828/2122] Building C object esp-idf/esp_security/CMakeFiles/__idf_esp_security.dir/src/esp_crypto_periph_clk.c.obj
[829/2122] Building C object esp-idf/esp_security/CMakeFiles/__idf_esp_security.dir/src/esp_ds.c.obj
[830/2122] Building C object esp-idf/esp_driver_gpio/CMakeFiles/__idf_esp_driver_gpio.dir/src/gpio_glitch_filter_ops.c.obj
[831/2122] Building C object esp-idf/esp_driver_gpio/CMakeFiles/__idf_esp_driver_gpio.dir/src/gpio_pin_glitch_filter.c.obj
[832/2122] Building C object esp-idf/esp_hal_uart/CMakeFiles/__idf_esp_hal_uart.dir/uart_hal_iram.c.obj
[833/2122] Building C object esp-idf/esp_driver_gpio/CMakeFiles/__idf_esp_driver_gpio.dir/src/rtc_io.c.obj
[834/2122] Building C object esp-idf/esp_hal_uart/CMakeFiles/__idf_esp_hal_uart.dir/esp32s3/uart_periph.c.obj
[835/2122] Building C object esp-idf/esp_driver_gpio/CMakeFiles/__idf_esp_driver_gpio.dir/src/dedic_gpio.c.obj
[836/2122] Building C object esp-idf/esp_hal_uart/CMakeFiles/__idf_esp_hal_uart.dir/uart_hal.c.obj
[837/2122] Building C object esp-idf/esp_hal_uart/CMakeFiles/__idf_esp_hal_uart.dir/uhci_hal.c.obj
[838/2122] Building C object esp-idf/esp_pm/CMakeFiles/__idf_esp_pm.dir/pm_locks.c.obj
[839/2122] Building C object esp-idf/esp_pm/CMakeFiles/__idf_esp_pm.dir/pm_trace.c.obj
[840/2122] Building C object esp-idf/esp_mm/CMakeFiles/__idf_esp_mm.dir/port/esp32s3/ext_mem_layout.c.obj
[841/2122] Building C object esp-idf/esp_mm/CMakeFiles/__idf_esp_mm.dir/esp_cache_utils.c.obj
[842/2122] Building C object esp-idf/esp_driver_gpio/CMakeFiles/__idf_esp_driver_gpio.dir/src/gpio.c.obj
[843/2122] Building C object esp-idf/esp_mm/CMakeFiles/__idf_esp_mm.dir/esp_cache_msync.c.obj
[844/2122] Building C object esp-idf/esp_pm/CMakeFiles/__idf_esp_pm.dir/pm_impl.c.obj
[845/2122] Building C object esp-idf/esp_driver_dma/CMakeFiles/__idf_esp_driver_dma.dir/src/esp_dma_utils.c.obj
[846/2122] Building C object esp-idf/esp_driver_dma/CMakeFiles/__idf_esp_driver_dma.dir/src/esp_async_memcpy.c.obj
[847/2122] Building C object esp-idf/mbedtls/CMakeFiles/__idf_mbedtls.dir/port/esp_mem.c.obj
[848/2122] Building C object esp-idf/esp_driver_dma/CMakeFiles/__idf_esp_driver_dma.dir/src/gdma_link.c.obj
[849/2122] Building C object esp-idf/esp_mm/CMakeFiles/__idf_esp_mm.dir/esp_mmu_map.c.obj
[850/2122] Building C object esp-idf/esp_driver_dma/CMakeFiles/__idf_esp_driver_dma.dir/src/async_memcpy_gdma.c.obj
[851/2122] Building ASM object esp-idf/mbedtls/CMakeFiles/__idf_mbedtls.dir/__/__/x509_crt_bundle.S.obj
[852/2122] Building C object esp-idf/mbedtls/CMakeFiles/__idf_mbedtls.dir/port/psa_crypto_storage/esp_psa_key_file.c.obj
[853/2122] Building C object esp-idf/mbedtls/CMakeFiles/__idf_mbedtls.dir/esp_crt_bundle/esp_crt_bundle.c.obj
[854/2122] Linking C static library esp-idf/mbedtls/libmbedtls.a
[855/2122] Building C object esp-idf/esp_driver_gptimer/CMakeFiles/__idf_esp_driver_gptimer.dir/src/gptimer_common.c.obj
[856/2122] Building C object esp-idf/esp_driver_dma/CMakeFiles/__idf_esp_driver_dma.dir/src/gdma.c.obj
[857/2122] Building C object esp-idf/esp_driver_gptimer/CMakeFiles/__idf_esp_driver_gptimer.dir/src/gptimer.c.obj
[858/2122] Linking C static library esp-idf/esp_driver_dma/libesp_driver_dma.a
[859/2122] Linking C static library esp-idf/esp_mm/libesp_mm.a
[860/2122] Linking C static library esp-idf/esp_pm/libesp_pm.a
[861/2122] Linking C static library esp-idf/esp_hal_uart/libesp_hal_uart.a
[862/2122] Linking C static library esp-idf/esp_driver_gpio/libesp_driver_gpio.a
[863/2122] Linking C static library esp-idf/esp_security/libesp_security.a
[864/2122] Linking C static library esp-idf/efuse/libefuse.a
[865/2122] Linking C static library esp-idf/esp_partition/libesp_partition.a
[866/2122] Linking C static library esp-idf/app_update/libapp_update.a
[867/2122] Linking C static library esp-idf/esp_bootloader_format/libesp_bootloader_format.a
[868/2122] Linking C static library esp-idf/esp_app_format/libesp_app_format.a
[869/2122] Linking C static library esp-idf/esp_hal_security/libesp_hal_security.a
[870/2122] Building C object esp-idf/esp_driver_spi/CMakeFiles/__idf_esp_driver_spi.dir/src/gpspi/spi_slave.c.obj
[871/2122] Linking C static library esp-idf/esp_hal_mspi/libesp_hal_mspi.a
[872/2122] Linking C static library esp-idf/esp_hal_clock/libesp_hal_clock.a
[873/2122] Building C object esp-idf/esp_driver_spi/CMakeFiles/__idf_esp_driver_spi.dir/src/gpspi/spi_slave_hd.c.obj
[874/2122] Linking C static library esp-idf/esp_hal_gpspi/libesp_hal_gpspi.a
[875/2122] Building C object esp-idf/esp_driver_spi/CMakeFiles/__idf_esp_driver_spi.dir/src/gpspi/spi_common.c.obj
[876/2122] Linking C static library esp-idf/esp_hal_dma/libesp_hal_dma.a
[877/2122] Linking C static library esp-idf/esp_stdio/libesp_stdio.a
[878/2122] Building C object esp-idf/unity/CMakeFiles/__idf_unity.dir/unity_compat.c.obj
[879/2122] Linking C static library esp-idf/xtensa/libxtensa.a
[880/2122] Linking C static library esp-idf/esp_driver_gptimer/libesp_driver_gptimer.a
[881/2122] Building C object esp-idf/esp_driver_spi/CMakeFiles/__idf_esp_driver_spi.dir/src/gpspi/spi_master.c.obj
[882/2122] Building C object esp-idf/unity/CMakeFiles/__idf_unity.dir/unity_runner.c.obj
[883/2122] Linking C static library esp-idf/esp_driver_spi/libesp_driver_spi.a
[884/2122] Building C object esp-idf/unity/CMakeFiles/__idf_unity.dir/unity_utils_freertos.c.obj
[885/2122] Building C object esp-idf/unity/CMakeFiles/__idf_unity.dir/unity_utils_cache.c.obj
[886/2122] Building C object esp-idf/unity/CMakeFiles/__idf_unity.dir/unity_utils_memory.c.obj
[887/2122] Building C object esp-idf/unity/CMakeFiles/__idf_unity.dir/unity_port_esp32.c.obj
[888/2122] Building C object esp-idf/cmock/CMakeFiles/__idf_cmock.dir/CMock/src/cmock.c.obj
[889/2122] Building C object esp-idf/unity/CMakeFiles/__idf_unity.dir/port/esp/unity_utils_memory_esp.c.obj
[890/2122] Building C object esp-idf/console/CMakeFiles/__idf_console.dir/split_argv.c.obj
[891/2122] Building C object esp-idf/console/CMakeFiles/__idf_console.dir/esp_console_repl_chip.c.obj
[892/2122] Building C object esp-idf/console/CMakeFiles/__idf_console.dir/esp_console_common.c.obj
[893/2122] Building C object esp-idf/console/CMakeFiles/__idf_console.dir/commands.c.obj
[894/2122] Building C object esp-idf/unity/CMakeFiles/__idf_unity.dir/unity/src/unity.c.obj
[895/2122] Building C object esp-idf/console/CMakeFiles/__idf_console.dir/argtable3/arg_cmd.c.obj
[896/2122] Linking C static library esp-idf/unity/libunity.a
[897/2122] Building C object esp-idf/console/CMakeFiles/__idf_console.dir/esp_console_repl_internal.c.obj
[898/2122] Linking C static library esp-idf/cmock/libcmock.a
[899/2122] Building C object esp-idf/console/CMakeFiles/__idf_console.dir/argtable3/arg_dbl.c.obj
[900/2122] Building C object esp-idf/console/CMakeFiles/__idf_console.dir/argtable3/arg_dstr.c.obj
[901/2122] Building C object esp-idf/console/CMakeFiles/__idf_console.dir/argtable3/arg_end.c.obj
[902/2122] Building C object esp-idf/console/CMakeFiles/__idf_console.dir/argtable3/arg_file.c.obj
[903/2122] Building C object esp-idf/console/CMakeFiles/__idf_console.dir/linenoise/linenoise.c.obj
[904/2122] Building C object esp-idf/console/CMakeFiles/__idf_console.dir/argtable3/arg_date.c.obj
[905/2122] Building C object esp-idf/console/CMakeFiles/__idf_console.dir/argtable3/arg_int.c.obj
[906/2122] Building C object esp-idf/console/CMakeFiles/__idf_console.dir/argtable3/arg_rem.c.obj
[907/2122] Building C object esp-idf/console/CMakeFiles/__idf_console.dir/argtable3/arg_lit.c.obj
[908/2122] Building C object esp-idf/console/CMakeFiles/__idf_console.dir/argtable3/arg_hashtable.c.obj
[909/2122] Building C object esp-idf/console/CMakeFiles/__idf_console.dir/argtable3/arg_str.c.obj
[910/2122] Building C object esp-idf/console/CMakeFiles/__idf_console.dir/argtable3/arg_utils.c.obj
[911/2122] Building C object esp-idf/esp_hal_twai/CMakeFiles/__idf_esp_hal_twai.dir/esp32s3/twai_periph.c.obj
[912/2122] Building C object esp-idf/console/CMakeFiles/__idf_console.dir/argtable3/arg_rex.c.obj
[913/2122] Building C object esp-idf/esp_hal_twai/CMakeFiles/__idf_esp_hal_twai.dir/twai_hal_v1.c.obj
[914/2122] Linking C static library esp-idf/esp_hal_twai/libesp_hal_twai.a
[915/2122] Building C object esp-idf/driver/CMakeFiles/__idf_driver.dir/touch_sensor/touch_sensor_common.c.obj
[916/2122] Building C object esp-idf/console/CMakeFiles/__idf_console.dir/argtable3/argtable3.c.obj
[917/2122] Linking C static library esp-idf/console/libconsole.a
[918/2122] Building C object esp-idf/esp_blockdev_util/CMakeFiles/__idf_esp_blockdev_util.dir/generic_partition.c.obj
[919/2122] Building C object esp-idf/esp_blockdev_util/CMakeFiles/__idf_esp_blockdev_util.dir/memory.c.obj
[920/2122] Linking C static library esp-idf/esp_blockdev_util/libesp_blockdev_util.a
[921/2122] Building C object esp-idf/esp_hal_cam/CMakeFiles/__idf_esp_hal_cam.dir/esp32s3/cam_periph.c.obj
[922/2122] Building C object esp-idf/esp_hal_cam/CMakeFiles/__idf_esp_hal_cam.dir/cam_hal.c.obj
[923/2122] Linking C static library esp-idf/esp_hal_cam/libesp_hal_cam.a
[924/2122] Building C object esp-idf/driver/CMakeFiles/__idf_driver.dir/twai/twai.c.obj
[925/2122] Building C object esp-idf/driver/CMakeFiles/__idf_driver.dir/i2c/i2c.c.obj
[926/2122] Building C object esp-idf/esp_driver_cam/CMakeFiles/__idf_esp_driver_cam.dir/esp_cam_ctlr.c.obj
[927/2122] Building C object esp-idf/esp_driver_cam/CMakeFiles/__idf_esp_driver_cam.dir/dvp_share_ctrl.c.obj
[928/2122] Building C object esp-idf/driver/CMakeFiles/__idf_driver.dir/touch_sensor/esp32s3/touch_sensor.c.obj
[929/2122] Building C object esp-idf/esp_driver_cam/CMakeFiles/__idf_esp_driver_cam.dir/dvp/src/esp_cam_ctlr_dvp_gdma.c.obj
[930/2122] Linking C static library esp-idf/driver/libdriver.a
[931/2122] Building C object esp-idf/esp_hal_ledc/CMakeFiles/__idf_esp_hal_ledc.dir/ledc_hal.c.obj
[932/2122] Building C object esp-idf/esp_driver_i2c/CMakeFiles/__idf_esp_driver_i2c.dir/i2c_common.c.obj
[933/2122] Building C object esp-idf/esp_hal_ledc/CMakeFiles/__idf_esp_hal_ledc.dir/esp32s3/ledc_periph.c.obj
[934/2122] Building C object esp-idf/esp_hal_ledc/CMakeFiles/__idf_esp_hal_ledc.dir/ledc_hal_iram.c.obj
[935/2122] Linking C static library esp-idf/esp_hal_ledc/libesp_hal_ledc.a
[936/2122] Building C object esp-idf/esp_driver_cam/CMakeFiles/__idf_esp_driver_cam.dir/dvp/src/esp_cam_ctlr_dvp_cam.c.obj
[937/2122] Linking C static library esp-idf/esp_driver_cam/libesp_driver_cam.a
[938/2122] Building C object esp-idf/esp_driver_i2c/CMakeFiles/__idf_esp_driver_i2c.dir/i2c_slave.c.obj
[939/2122] Building C object esp-idf/esp_hal_mcpwm/CMakeFiles/__idf_esp_hal_mcpwm.dir/esp32s3/mcpwm_periph.c.obj
[940/2122] Building C object esp-idf/esp_hal_mcpwm/CMakeFiles/__idf_esp_hal_mcpwm.dir/mcpwm_hal.c.obj
[941/2122] Linking C static library esp-idf/esp_hal_mcpwm/libesp_hal_mcpwm.a
[942/2122] Building C object esp-idf/esp_driver_mcpwm/CMakeFiles/__idf_esp_driver_mcpwm.dir/src/mcpwm_cmpr.c.obj
[943/2122] Building C object esp-idf/esp_driver_i2c/CMakeFiles/__idf_esp_driver_i2c.dir/i2c_master.c.obj
[944/2122] Building C object esp-idf/esp_driver_mcpwm/CMakeFiles/__idf_esp_driver_mcpwm.dir/src/mcpwm_com.c.obj
[945/2122] Linking C static library esp-idf/esp_driver_i2c/libesp_driver_i2c.a
[946/2122] Building C object esp-idf/esp_driver_mcpwm/CMakeFiles/__idf_esp_driver_mcpwm.dir/src/mcpwm_cap.c.obj
[947/2122] Building C object esp-idf/esp_driver_mcpwm/CMakeFiles/__idf_esp_driver_mcpwm.dir/src/mcpwm_fault.c.obj
[948/2122] Building C object esp-idf/esp_driver_mcpwm/CMakeFiles/__idf_esp_driver_mcpwm.dir/src/mcpwm_gen.c.obj
[949/2122] Building C object esp-idf/esp_driver_mcpwm/CMakeFiles/__idf_esp_driver_mcpwm.dir/src/mcpwm_oper.c.obj
[950/2122] Building C object esp-idf/esp_driver_mcpwm/CMakeFiles/__idf_esp_driver_mcpwm.dir/src/mcpwm_sync.c.obj
[951/2122] Building C object esp-idf/esp_hal_pcnt/CMakeFiles/__idf_esp_hal_pcnt.dir/esp32s3/pcnt_periph.c.obj
[952/2122] Building C object esp-idf/esp_hal_pcnt/CMakeFiles/__idf_esp_hal_pcnt.dir/pcnt_hal.c.obj
[953/2122] Linking C static library esp-idf/esp_hal_pcnt/libesp_hal_pcnt.a
[954/2122] Building C object esp-idf/esp_driver_ledc/CMakeFiles/__idf_esp_driver_ledc.dir/src/ledc.c.obj
[955/2122] Linking C static library esp-idf/esp_driver_ledc/libesp_driver_ledc.a
[956/2122] Building C object esp-idf/esp_hal_rmt/CMakeFiles/__idf_esp_hal_rmt.dir/esp32s3/rmt_periph.c.obj
[957/2122] Building C object esp-idf/esp_hal_rmt/CMakeFiles/__idf_esp_hal_rmt.dir/rmt_hal.c.obj
[958/2122] Building C object esp-idf/esp_driver_mcpwm/CMakeFiles/__idf_esp_driver_mcpwm.dir/src/mcpwm_timer.c.obj
[959/2122] Linking C static library esp-idf/esp_hal_rmt/libesp_hal_rmt.a
[960/2122] Building C object esp-idf/esp_driver_rmt/CMakeFiles/__idf_esp_driver_rmt.dir/src/rmt_encoder.c.obj
[961/2122] Linking C static library esp-idf/esp_driver_mcpwm/libesp_driver_mcpwm.a
[962/2122] Building C object esp-idf/esp_driver_rmt/CMakeFiles/__idf_esp_driver_rmt.dir/src/rmt_common.c.obj
[963/2122] Building C object esp-idf/esp_driver_rmt/CMakeFiles/__idf_esp_driver_rmt.dir/src/rmt_encoder_copy.c.obj
[964/2122] Building C object esp-idf/esp_driver_rmt/CMakeFiles/__idf_esp_driver_rmt.dir/src/rmt_encoder_bytes.c.obj
[965/2122] Building C object esp-idf/esp_driver_pcnt/CMakeFiles/__idf_esp_driver_pcnt.dir/src/pulse_cnt.c.obj
[966/2122] Building C object esp-idf/esp_driver_rmt/CMakeFiles/__idf_esp_driver_rmt.dir/src/rmt_encoder_simple.c.obj
[967/2122] Linking C static library esp-idf/esp_driver_pcnt/libesp_driver_pcnt.a
[968/2122] Building C object esp-idf/esp_hal_sd/CMakeFiles/__idf_esp_hal_sd.dir/sdmmc_hal.c.obj
[969/2122] Building C object esp-idf/esp_hal_sd/CMakeFiles/__idf_esp_hal_sd.dir/esp32s3/sdmmc_periph.c.obj
[970/2122] Linking C static library esp-idf/esp_hal_sd/libesp_hal_sd.a
[971/2122] Building C object esp-idf/sdmmc/CMakeFiles/__idf_sdmmc.dir/sdmmc_init.c.obj
[972/2122] Building C object esp-idf/sdmmc/CMakeFiles/__idf_sdmmc.dir/sdmmc_common.c.obj
[973/2122] Building C object esp-idf/esp_driver_rmt/CMakeFiles/__idf_esp_driver_rmt.dir/src/rmt_rx.c.obj
[974/2122] Building C object esp-idf/sdmmc/CMakeFiles/__idf_sdmmc.dir/sdmmc_mmc.c.obj
[975/2122] Building C object esp-idf/sdmmc/CMakeFiles/__idf_sdmmc.dir/sdmmc_cmd.c.obj
[976/2122] Building C object esp-idf/sdmmc/CMakeFiles/__idf_sdmmc.dir/sdmmc_blockdev.c.obj
[977/2122] Building C object esp-idf/sdmmc/CMakeFiles/__idf_sdmmc.dir/sd_pwr_ctrl/sd_pwr_ctrl.c.obj
[978/2122] Building C object esp-idf/esp_driver_rmt/CMakeFiles/__idf_esp_driver_rmt.dir/src/rmt_tx.c.obj
[979/2122] Linking C static library esp-idf/esp_driver_rmt/libesp_driver_rmt.a
[980/2122] Building C object esp-idf/sdmmc/CMakeFiles/__idf_sdmmc.dir/sdmmc_sd.c.obj
[981/2122] Building C object esp-idf/esp_driver_sd_intf/CMakeFiles/__idf_esp_driver_sd_intf.dir/sd_host.c.obj
[982/2122] Building C object esp-idf/esp_driver_sdmmc/CMakeFiles/__idf_esp_driver_sdmmc.dir/legacy/src/sdmmc_transaction.c.obj
[983/2122] Building C object esp-idf/sdmmc/CMakeFiles/__idf_sdmmc.dir/sdmmc_io.c.obj
[984/2122] Building C object esp-idf/esp_driver_sdm/CMakeFiles/__idf_esp_driver_sdm.dir/src/sdm.c.obj
[985/2122] Linking C static library esp-idf/sdmmc/libsdmmc.a
[986/2122] Linking C static library esp-idf/esp_driver_sdm/libesp_driver_sdm.a
[987/2122] Linking C static library esp-idf/esp_driver_sd_intf/libesp_driver_sd_intf.a
[988/2122] Building C object esp-idf/esp_driver_sdspi/CMakeFiles/__idf_esp_driver_sdspi.dir/src/sdspi_crc.c.obj
[989/2122] Building C object esp-idf/esp_driver_sdmmc/CMakeFiles/__idf_esp_driver_sdmmc.dir/legacy/src/sdmmc_host.c.obj
[990/2122] Building C object esp-idf/esp_driver_sdmmc/CMakeFiles/__idf_esp_driver_sdmmc.dir/src/sd_trans_sdmmc.c.obj
[991/2122] Building C object esp-idf/esp_driver_sdspi/CMakeFiles/__idf_esp_driver_sdspi.dir/src/sdspi_transaction.c.obj
[992/2122] Building C object esp-idf/esp_driver_sdspi/CMakeFiles/__idf_esp_driver_sdspi.dir/src/sdspi_host.c.obj
[993/2122] Linking C static library esp-idf/esp_driver_sdspi/libesp_driver_sdspi.a
[994/2122] Building C object esp-idf/esp_driver_tsens/CMakeFiles/__idf_esp_driver_tsens.dir/src/temperature_sensor.c.obj
[995/2122] Building C object esp-idf/esp_driver_touch_sens/CMakeFiles/__idf_esp_driver_touch_sens.dir/hw_ver2/touch_version_specific.c.obj
[996/2122] Linking C static library esp-idf/esp_driver_tsens/libesp_driver_tsens.a
[997/2122] Building C object esp-idf/esp_driver_touch_sens/CMakeFiles/__idf_esp_driver_touch_sens.dir/common/touch_sens_common.c.obj
[998/2122] Building C object esp-idf/esp_driver_sdmmc/CMakeFiles/__idf_esp_driver_sdmmc.dir/src/sd_host_sdmmc.c.obj
[999/2122] Linking C static library esp-idf/esp_driver_touch_sens/libesp_driver_touch_sens.a
[1000/2122] Building C object esp-idf/esp_driver_twai/CMakeFiles/__idf_esp_driver_twai.dir/twai_frame_queue.c.obj
[1001/2122] Linking C static library esp-idf/esp_driver_sdmmc/libesp_driver_sdmmc.a
[1002/2122] Building C object esp-idf/esp_driver_twai/CMakeFiles/__idf_esp_driver_twai.dir/esp_twai.c.obj
[1003/2122] Building C object esp-idf/esp_eth/CMakeFiles/__idf_esp_eth.dir/src/esp_eth_netif_glue.c.obj
[1004/2122] Building C object esp-idf/esp_hal_lcd/CMakeFiles/__idf_esp_hal_lcd.dir/lcd_hal.c.obj
[1005/2122] Building C object esp-idf/esp_hal_lcd/CMakeFiles/__idf_esp_hal_lcd.dir/esp32s3/lcd_periph.c.obj
[1006/2122] Linking C static library esp-idf/esp_hal_lcd/libesp_hal_lcd.a
[1007/2122] Building C object esp-idf/esp_eth/CMakeFiles/__idf_esp_eth.dir/src/esp_eth.c.obj
[1008/2122] Building C object esp-idf/esp_driver_twai/CMakeFiles/__idf_esp_driver_twai.dir/esp_twai_onchip.c.obj
[1009/2122] Building C object esp-idf/esp_hid/CMakeFiles/__idf_esp_hid.dir/src/esp_hidd.c.obj
[1010/2122] Linking C static library esp-idf/esp_driver_twai/libesp_driver_twai.a
[1011/2122] Building C object esp-idf/esp_lcd/CMakeFiles/__idf_esp_lcd.dir/src/esp_lcd_common.c.obj
[1012/2122] Building C object esp-idf/esp_eth/CMakeFiles/__idf_esp_eth.dir/src/phy/esp_eth_phy_802_3.c.obj
[1013/2122] Building C object esp-idf/esp_hid/CMakeFiles/__idf_esp_hid.dir/src/esp_hid_common.c.obj
[1014/2122] Linking C static library esp-idf/esp_eth/libesp_eth.a
[1015/2122] Building C object esp-idf/esp_lcd/CMakeFiles/__idf_esp_lcd.dir/src/esp_lcd_panel_io.c.obj
[1016/2122] Building C object esp-idf/esp_https_server/CMakeFiles/__idf_esp_https_server.dir/src/https_server.c.obj
[1017/2122] Linking C static library esp-idf/esp_https_server/libesp_https_server.a
[1018/2122] Building C object esp-idf/esp_lcd/CMakeFiles/__idf_esp_lcd.dir/src/esp_lcd_panel_ssd1306.c.obj
[1019/2122] Building C object esp-idf/esp_hid/CMakeFiles/__idf_esp_hid.dir/src/esp_hidh.c.obj
[1020/2122] Linking C static library esp-idf/esp_hid/libesp_hid.a
[1021/2122] Building C object esp-idf/esp_lcd/CMakeFiles/__idf_esp_lcd.dir/src/esp_lcd_panel_ops.c.obj
[1022/2122] Building C object esp-idf/esp_lcd/CMakeFiles/__idf_esp_lcd.dir/src/esp_lcd_panel_st7789.c.obj
[1023/2122] Building C object esp-idf/esp_lcd/CMakeFiles/__idf_esp_lcd.dir/i2c/esp_lcd_panel_io_i2c.c.obj
[1024/2122] Building C object esp-idf/esp_lcd/CMakeFiles/__idf_esp_lcd.dir/spi/esp_lcd_panel_io_spi.c.obj
[1025/2122] Building C object esp-idf/protocomm/CMakeFiles/__idf_protocomm.dir/proto-c/constants.pb-c.c.obj
[1026/2122] Building C object esp-idf/protocomm/CMakeFiles/__idf_protocomm.dir/proto-c/sec0.pb-c.c.obj
[1027/2122] Building C object esp-idf/protocomm/CMakeFiles/__idf_protocomm.dir/src/common/protocomm.c.obj
[1028/2122] Building C object esp-idf/protocomm/CMakeFiles/__idf_protocomm.dir/proto-c/sec1.pb-c.c.obj
[1029/2122] Building C object esp-idf/esp_lcd/CMakeFiles/__idf_esp_lcd.dir/i80/esp_lcd_panel_io_i80.c.obj
[1030/2122] Building C object esp-idf/protocomm/CMakeFiles/__idf_protocomm.dir/proto-c/session.pb-c.c.obj
[1031/2122] Building C object esp-idf/protocomm/CMakeFiles/__idf_protocomm.dir/proto-c/sec2.pb-c.c.obj
[1032/2122] Building C object esp-idf/protocomm/CMakeFiles/__idf_protocomm.dir/src/transports/protocomm_console.c.obj
[1033/2122] Building C object esp-idf/protocomm/CMakeFiles/__idf_protocomm.dir/src/transports/protocomm_httpd.c.obj
[1034/2122] Building C object esp-idf/protocomm/CMakeFiles/__idf_protocomm.dir/src/crypto/srp6a/esp_srp_mpi.c.obj
[1035/2122] Building C object esp-idf/esp_lcd/CMakeFiles/__idf_esp_lcd.dir/rgb/esp_lcd_panel_rgb.c.obj
[1036/2122] Linking C static library esp-idf/esp_lcd/libesp_lcd.a
[1037/2122] Building C object esp-idf/protocomm/CMakeFiles/__idf_protocomm.dir/src/security/security2.c.obj
[1038/2122] Building C object esp-idf/protocomm/CMakeFiles/__idf_protocomm.dir/src/crypto/srp6a/esp_srp.c.obj
[1039/2122] Building C object esp-idf/esp_local_ctrl/CMakeFiles/__idf_esp_local_ctrl.dir/src/esp_local_ctrl.c.obj
[1040/2122] Building C object esp-idf/protobuf-c/CMakeFiles/__idf_protobuf-c.dir/protobuf-c/protobuf-c/protobuf-c.c.obj
[1041/2122] Linking C static library esp-idf/protobuf-c/libprotobuf-c.a
[1042/2122] Building C object esp-idf/esp_local_ctrl/CMakeFiles/__idf_esp_local_ctrl.dir/proto-c/esp_local_ctrl.pb-c.c.obj
[1043/2122] Linking C static library esp-idf/protocomm/libprotocomm.a
[1044/2122] Building C object esp-idf/esp_local_ctrl/CMakeFiles/__idf_esp_local_ctrl.dir/src/esp_local_ctrl_handler.c.obj
[1045/2122] Building C object esp-idf/esp_local_ctrl/CMakeFiles/__idf_esp_local_ctrl.dir/src/esp_local_ctrl_transport_httpd.c.obj
[1046/2122] Building CXX object esp-idf/wear_levelling/CMakeFiles/__idf_wear_levelling.dir/Partition.cpp.obj
[1047/2122] Building CXX object esp-idf/wear_levelling/CMakeFiles/__idf_wear_levelling.dir/BDL_Access.cpp.obj
[1048/2122] Building CXX object esp-idf/wear_levelling/CMakeFiles/__idf_wear_levelling.dir/SPI_Flash.cpp.obj
[1049/2122] Building CXX object esp-idf/wear_levelling/CMakeFiles/__idf_wear_levelling.dir/WL_Ext_Safe.cpp.obj
[1050/2122] Building CXX object esp-idf/wear_levelling/CMakeFiles/__idf_wear_levelling.dir/crc32.cpp.obj
[1051/2122] Building CXX object esp-idf/wear_levelling/CMakeFiles/__idf_wear_levelling.dir/WL_Ext_Perf.cpp.obj
[1052/2122] Building C object esp-idf/fatfs/CMakeFiles/__idf_fatfs.dir/diskio/diskio.c.obj
[1053/2122] Building CXX object esp-idf/wear_levelling/CMakeFiles/__idf_wear_levelling.dir/wl_blockdev.cpp.obj
[1054/2122] Building CXX object esp-idf/wear_levelling/CMakeFiles/__idf_wear_levelling.dir/wear_levelling.cpp.obj
[1055/2122] Building C object esp-idf/fatfs/CMakeFiles/__idf_fatfs.dir/diskio/diskio_rawflash.c.obj
[1056/2122] Building C object esp-idf/fatfs/CMakeFiles/__idf_fatfs.dir/diskio/diskio_wl.c.obj
[1057/2122] Building C object esp-idf/fatfs/CMakeFiles/__idf_fatfs.dir/port/freertos/ffsystem.c.obj
[1058/2122] Building C object esp-idf/fatfs/CMakeFiles/__idf_fatfs.dir/src/ffunicode.c.obj
[1059/2122] Building C object esp-idf/fatfs/CMakeFiles/__idf_fatfs.dir/diskio/diskio_bdl.c.obj
[1060/2122] Building C object esp-idf/fatfs/CMakeFiles/__idf_fatfs.dir/diskio/diskio_sdmmc.c.obj
[1061/2122] Building C object esp-idf/fatfs/CMakeFiles/__idf_fatfs.dir/vfs/vfs_fat_sdmmc.c.obj
[1062/2122] Building CXX object esp-idf/wear_levelling/CMakeFiles/__idf_wear_levelling.dir/WL_Flash.cpp.obj
[1063/2122] Linking C static library esp-idf/wear_levelling/libwear_levelling.a
[1064/2122] Building C object esp-idf/fatfs/CMakeFiles/__idf_fatfs.dir/vfs/vfs_fat_bdl.c.obj
[1065/2122] Building C object esp-idf/perfmon/CMakeFiles/__idf_perfmon.dir/xtensa_perfmon_access.c.obj
[1066/2122] Building C object esp-idf/perfmon/CMakeFiles/__idf_perfmon.dir/xtensa_perfmon_masks.c.obj
[1067/2122] Building C object esp-idf/perfmon/CMakeFiles/__idf_perfmon.dir/xtensa_perfmon_apis.c.obj
[1068/2122] Building C object esp-idf/fatfs/CMakeFiles/__idf_fatfs.dir/vfs/vfs_fat_spiflash.c.obj
[1069/2122] Linking C static library esp-idf/perfmon/libperfmon.a
[1070/2122] Building C object esp-idf/rt/CMakeFiles/__idf_rt.dir/FreeRTOS_POSIX_mqueue.c.obj
[1071/2122] Building C object esp-idf/fatfs/CMakeFiles/__idf_fatfs.dir/vfs/vfs_fat.c.obj
[1072/2122] Building C object esp-idf/rt/CMakeFiles/__idf_rt.dir/FreeRTOS_POSIX_utils.c.obj
[1073/2122] Building C object esp-idf/spiffs/CMakeFiles/__idf_spiffs.dir/spiffs_api.c.obj
[1074/2122] Linking C static library esp-idf/rt/librt.a
[1075/2122] Building C object esp-idf/spiffs/CMakeFiles/__idf_spiffs.dir/spiffs/src/spiffs_cache.c.obj
[1076/2122] Building C object esp-idf/spiffs/CMakeFiles/__idf_spiffs.dir/spiffs/src/spiffs_gc.c.obj
[1077/2122] Building C object esp-idf/spiffs/CMakeFiles/__idf_spiffs.dir/spiffs/src/spiffs_check.c.obj
[1078/2122] Building C object esp-idf/fatfs/CMakeFiles/__idf_fatfs.dir/src/ff.c.obj
[1079/2122] Linking C static library esp-idf/fatfs/libfatfs.a
[1080/2122] Building C object esp-idf/spiffs/CMakeFiles/__idf_spiffs.dir/spiffs/src/spiffs_hydrogen.c.obj
[1081/2122] Building C object esp-idf/ethernet_init/CMakeFiles/__idf_ethernet_init.dir/ethernet_init.c.obj
[1082/2122] Linking C static library esp-idf/ethernet_init/libethernet_init.a
[1083/2122] Building C object esp-idf/spiffs/CMakeFiles/__idf_spiffs.dir/esp_spiffs.c.obj
[1084/2122] Building C object esp-idf/espressif__button/CMakeFiles/__idf_espressif__button.dir/button_gpio.c.obj
[1085/2122] Building C object esp-idf/espressif__cjson/CMakeFiles/__idf_espressif__cjson.dir/cJSON/cJSON_Utils.c.obj
[1086/2122] Building C object esp-idf/espressif__button/CMakeFiles/__idf_espressif__button.dir/button_matrix.c.obj
[1087/2122] Building C object esp-idf/espressif__button/CMakeFiles/__idf_espressif__button.dir/button_rtc.c.obj
[1088/2122] Building C object esp-idf/espressif__esp_delta_ota/CMakeFiles/__idf_espressif__esp_delta_ota.dir/src/esp_delta_ota.c.obj
[1089/2122] Building C object esp-idf/spiffs/CMakeFiles/__idf_spiffs.dir/spiffs/src/spiffs_nucleus.c.obj
[1090/2122] Linking C static library esp-idf/spiffs/libspiffs.a
[1091/2122] Building C object esp-idf/espressif__esp_delta_ota/CMakeFiles/__idf_espressif__esp_delta_ota.dir/detools/c/heatshrink/heatshrink_decoder.c.obj
[1092/2122] Building C object esp-idf/espressif__button/CMakeFiles/__idf_espressif__button.dir/iot_button.c.obj
[1093/2122] Building C object esp-idf/espressif__button/CMakeFiles/__idf_espressif__button.dir/button_adc.c.obj
[1094/2122] Linking C static library esp-idf/espressif__button/libespressif__button.a
[1095/2122] Building C object esp-idf/espressif__cjson/CMakeFiles/__idf_espressif__cjson.dir/cJSON/cJSON.c.obj
[1096/2122] Linking C static library esp-idf/espressif__cjson/libespressif__cjson.a
[1097/2122] Building C object esp-idf/espressif__esp_delta_ota/CMakeFiles/__idf_espressif__esp_delta_ota.dir/detools/c/detools.c.obj
[1098/2122] Linking C static library esp-idf/espressif__esp_delta_ota/libespressif__esp_delta_ota.a
[1099/2122] Building C object esp-idf/espressif__esp_secure_cert_mgr/CMakeFiles/__idf_espressif__esp_secure_cert_mgr.dir/srcs/esp_secure_cert_tlv_read.c.obj
[1100/2122] Building C object esp-idf/espressif__esp_secure_cert_mgr/CMakeFiles/__idf_espressif__esp_secure_cert_mgr.dir/srcs/esp_secure_cert_crypto.c.obj
[1101/2122] Building C object esp-idf/espressif__esp_secure_cert_mgr/CMakeFiles/__idf_espressif__esp_secure_cert_mgr.dir/srcs/esp_secure_cert_tlv_write.c.obj
[1102/2122] Linking C static library esp-idf/espressif__esp_secure_cert_mgr/libespressif__esp_secure_cert_mgr.a
[1103/2122] Building C object esp-idf/espressif__esp_encrypted_img/CMakeFiles/__idf_espressif__esp_encrypted_img.dir/src/esp_encrypted_img.c.obj
[1104/2122] Building C object esp-idf/espressif__mdns/CMakeFiles/__idf_espressif__mdns.dir/mdns_utils.c.obj
[1105/2122] Linking C static library esp-idf/espressif__esp_encrypted_img/libespressif__esp_encrypted_img.a
[1106/2122] Building C object esp-idf/espressif__mdns/CMakeFiles/__idf_espressif__mdns.dir/mdns_debug.c.obj
[1107/2122] Building C object esp-idf/espressif__mdns/CMakeFiles/__idf_espressif__mdns.dir/mdns_netif.c.obj
[1108/2122] Building C object esp-idf/espressif__mdns/CMakeFiles/__idf_espressif__mdns.dir/mdns_receive.c.obj
[1109/2122] Building C object esp-idf/espressif__mdns/CMakeFiles/__idf_espressif__mdns.dir/mdns_responder.c.obj
[1110/2122] Building C object esp-idf/espressif__mdns/CMakeFiles/__idf_espressif__mdns.dir/mdns_pcb.c.obj
[1111/2122] Building C object esp-idf/espressif__mdns/CMakeFiles/__idf_espressif__mdns.dir/mdns_service.c.obj
[1112/2122] Building C object esp-idf/espressif__mdns/CMakeFiles/__idf_espressif__mdns.dir/mdns_querier.c.obj
[1113/2122] Building C object esp-idf/espressif__mdns/CMakeFiles/__idf_espressif__mdns.dir/mdns_mem_caps.c.obj
[1114/2122] Building C object esp-idf/espressif__mdns/CMakeFiles/__idf_espressif__mdns.dir/mdns_browser.c.obj
[1115/2122] Building C object esp-idf/lcd_display/CMakeFiles/__idf_lcd_display.dir/lcd_display.c.obj
FAILED: esp-idf/lcd_display/CMakeFiles/__idf_lcd_display.dir/lcd_display.c.obj 
/home/ludovic/.espressif/tools/xtensa-esp-elf/esp-15.2.0_20251204/xtensa-esp-elf/bin/xtensa-esp32s3-elf-gcc -DESP_PLATFORM -DIDF_VER=\"v6.1\" -DSOC_MMU_PAGE_SIZE=CONFIG_MMU_PAGE_SIZE -DSOC_XTAL_FREQ_MHZ=CONFIG_XTAL_FREQ -D_GLIBCXX_HAVE_POSIX_SEMAPHORE -D_GLIBCXX_USE_POSIX_SEMAPHORE -D_GNU_SOURCE -D_POSIX_READER_WRITER_LOCKS -I/home/ludovic/dev/matter-esp32-home-energy-manager/firmware/build/config -I/home/ludovic/dev/matter-esp32-home-energy-manager/firmware/components/lcd_display -I/home/ludovic/dev/esp-idf-6.1/components/esp_libc/platform_include -I/home/ludovic/dev/esp-idf-6.1/components/freertos/config/include -I/home/ludovic/dev/esp-idf-6.1/components/freertos/config/include/freertos -I/home/ludovic/dev/esp-idf-6.1/components/freertos/config/xtensa/include -I/home/ludovic/dev/esp-idf-6.1/components/freertos/FreeRTOS-Kernel/include -I/home/ludovic/dev/esp-idf-6.1/components/freertos/FreeRTOS-Kernel/portable/xtensa/include -I/home/ludovic/dev/esp-idf-6.1/components/freertos/FreeRTOS-Kernel/portable/xtensa/include/freertos -I/home/ludovic/dev/esp-idf-6.1/components/freertos/esp_additions/include -I/home/ludovic/dev/esp-idf-6.1/components/esp_hw_support/include -I/home/ludovic/dev/esp-idf-6.1/components/esp_hw_support/include/soc -I/home/ludovic/dev/esp-idf-6.1/components/esp_hw_support/ldo/include -I/home/ludovic/dev/esp-idf-6.1/components/esp_hw_support/debug_probe/include -I/home/ludovic/dev/esp-idf-6.1/components/esp_hw_support/etm/include -I/home/ludovic/dev/esp-idf-6.1/components/esp_hw_support/mspi/mspi_timing_tuning/include -I/home/ludovic/dev/esp-idf-6.1/components/esp_hw_support/mspi/mspi_timing_tuning/tuning_scheme_impl/include -I/home/ludovic/dev/esp-idf-6.1/components/esp_hw_support/mspi/mspi_intr/include -I/home/ludovic/dev/esp-idf-6.1/components/esp_hw_support/power_supply/include -I/home/ludovic/dev/esp-idf-6.1/components/esp_hw_support/modem/include -I/home/ludovic/dev/esp-idf-6.1/components/esp_hw_support/include/soc/esp32s3 -I/home/ludovic/dev/esp-idf-6.1/components/esp_hw_support/port/esp32s3/. -I/home/ludovic/dev/esp-idf-6.1/components/esp_hw_support/port/esp32s3/include -I/home/ludovic/dev/esp-idf-6.1/components/esp_hw_support/mspi/mspi_timing_tuning/port/esp32s3/. -I/home/ludovic/dev/esp-idf-6.1/components/esp_hw_support/mspi/mspi_timing_tuning/port/esp32s3/include -I/home/ludovic/dev/esp-idf-6.1/components/heap/include -I/home/ludovic/dev/esp-idf-6.1/components/heap/tlsf -I/home/ludovic/dev/esp-idf-6.1/components/log/include -I/home/ludovic/dev/esp-idf-6.1/components/soc/include -I/home/ludovic/dev/esp-idf-6.1/components/soc/esp32s3 -I/home/ludovic/dev/esp-idf-6.1/components/soc/esp32s3/include -I/home/ludovic/dev/esp-idf-6.1/components/soc/esp32s3/register -I/home/ludovic/dev/esp-idf-6.1/components/hal/platform_port/include -I/home/ludovic/dev/esp-idf-6.1/components/hal/esp32s3/include -I/home/ludovic/dev/esp-idf-6.1/components/hal/include -I/home/ludovic/dev/esp-idf-6.1/components/esp_rom/include -I/home/ludovic/dev/esp-idf-6.1/components/esp_rom/esp32s3/include -I/home/ludovic/dev/esp-idf-6.1/components/esp_rom/esp32s3/include/esp32s3 -I/home/ludovic/dev/esp-idf-6.1/components/esp_rom/esp32s3 -I/home/ludovic/dev/esp-idf-6.1/components/esp_common/include -I/home/ludovic/dev/esp-idf-6.1/components/esp_system/include -I/home/ludovic/dev/esp-idf-6.1/components/esp_system/port/soc -I/home/ludovic/dev/esp-idf-6.1/components/esp_system/port/include/private -I/home/ludovic/dev/esp-idf-6.1/components/esp_stdio/include -I/home/ludovic/dev/esp-idf-6.1/components/xtensa/esp32s3/include -I/home/ludovic/dev/esp-idf-6.1/components/xtensa/include -I/home/ludovic/dev/esp-idf-6.1/components/xtensa/deprecated_include -I/home/ludovic/dev/esp-idf-6.1/components/esp_hal_gpio/include -I/home/ludovic/dev/esp-idf-6.1/components/esp_hal_gpio/esp32s3/include -I/home/ludovic/dev/esp-idf-6.1/components/esp_hal_usb/include -I/home/ludovic/dev/esp-idf-6.1/components/esp_hal_usb/esp32s3/include -I/home/ludovic/dev/esp-idf-6.1/components/esp_hal_pmu/include -I/home/ludovic/dev/esp-idf-6.1/components/esp_hal_pmu/esp32s3/include -I/home/ludovic/dev/esp-idf-6.1/components/esp_hal_regi2c/include -I/home/ludovic/dev/esp-idf-6.1/components/esp_hal_regi2c/esp32s3/include -I/home/ludovic/dev/esp-idf-6.1/components/esp_hal_uart/include -I/home/ludovic/dev/esp-idf-6.1/components/esp_hal_uart/esp32s3/include -I/home/ludovic/dev/esp-idf-6.1/components/esp_hal_ana_conv/include -I/home/ludovic/dev/esp-idf-6.1/components/esp_hal_ana_conv/esp32s3/include -I/home/ludovic/dev/esp-idf-6.1/components/esp_hal_dma/include -I/home/ludovic/dev/esp-idf-6.1/components/esp_hal_dma/esp32s3/include -I/home/ludovic/dev/esp-idf-6.1/components/lwip/include -I/home/ludovic/dev/esp-idf-6.1/components/lwip/include/apps -I/home/ludovic/dev/esp-idf-6.1/components/lwip/lwip/src/include -I/home/ludovic/dev/esp-idf-6.1/components/lwip/port/include -I/home/ludovic/dev/esp-idf-6.1/components/lwip/port/freertos/include -I/home/ludovic/dev/esp-idf-6.1/components/lwip/port/esp32xx/include -I/home/ludovic/dev/esp-idf-6.1/components/lwip/port/esp32xx/include/arch -I/home/ludovic/dev/esp-idf-6.1/components/lwip/port/esp32xx/include/sys -I/home/ludovic/dev/esp-idf-6.1/components/driver/i2c/include -I/home/ludovic/dev/esp-idf-6.1/components/driver/touch_sensor/include -I/home/ludovic/dev/esp-idf-6.1/components/driver/twai/include -I/home/ludovic/dev/esp-idf-6.1/components/driver/touch_sensor/esp32s3/include -I/home/ludovic/dev/esp-idf-6.1/components/esp_hal_i2c/esp32s3/include -I/home/ludovic/dev/esp-idf-6.1/components/esp_hal_i2c/include -I/home/ludovic/dev/esp-idf-6.1/components/esp_hal_twai/include -I/home/ludovic/dev/esp-idf-6.1/components/esp_hal_twai/esp32s3/include -I/home/ludovic/dev/esp-idf-6.1/components/esp_hal_touch_sens/esp32s3/include -I/home/ludovic/dev/esp-idf-6.1/components/esp_hal_touch_sens/include -I/home/ludovic/dev/esp-idf-6.1/components/esp_lcd/include -I/home/ludovic/dev/esp-idf-6.1/components/esp_lcd/interface -I/home/ludovic/dev/esp-idf-6.1/components/esp_lcd/rgb/include -I/home/ludovic/dev/esp-idf-6.1/components/esp_driver_gpio/include -I/home/ludovic/dev/esp-idf-6.1/components/esp_driver_i2c/include -I/home/ludovic/dev/esp-idf-6.1/components/esp_driver_spi/include -I/home/ludovic/dev/esp-idf-6.1/components/esp_pm/include -I/home/ludovic/dev/esp-idf-6.1/components/esp_hal_gpspi/include -I/home/ludovic/dev/esp-idf-6.1/components/esp_hal_gpspi/esp32s3/include -I/home/ludovic/dev/esp-idf-6.1/components/esp_driver_dma/include -I/home/ludovic/dev/esp-idf-6.1/components/esp_driver_parlio/include -I/home/ludovic/dev/esp-idf-6.1/components/esp_hal_parlio/include -I/home/ludovic/dev/esp-idf-6.1/components/esp_hal_lcd/include -I/home/ludovic/dev/esp-idf-6.1/components/esp_hal_lcd/esp32s3/include @"/home/ludovic/dev/matter-esp32-home-energy-manager/firmware/build/toolchain/cflags" -fdiagnostics-color=always -fdiagnostics-color=always -ffunction-sections -fdata-sections -Wall -Werror -Wno-error=unused-function -Wno-error=unused-variable -Wno-error=unused-but-set-variable -Wno-error=deprecated-declarations -Wextra -Wno-error=extra -Wno-unused-parameter -Wno-sign-compare -Wno-enum-conversion -gdwarf-4 -ggdb -Og -fno-shrink-wrap -fmacro-prefix-map=/home/ludovic/dev/matter-esp32-home-energy-manager/firmware=. -fmacro-prefix-map=/home/ludovic/dev/esp-idf-6.1=/IDF -fstrict-volatile-bitfields -fno-jump-tables -fno-tree-switch-conversion -Wno-error=uninitialized -Wno-error=maybe-uninitialized -Wno-missing-field-initializers -Wno-error=array-bounds -Wno-write-strings -Wno-format-nonliteral -Wno-format-security -Wformat=0 -std=gnu23 -Wno-old-style-declaration -fzero-init-padding-bits=all -fno-malloc-dce -Os -MD -MT esp-idf/lcd_display/CMakeFiles/__idf_lcd_display.dir/lcd_display.c.obj -MF esp-idf/lcd_display/CMakeFiles/__idf_lcd_display.dir/lcd_display.c.obj.d -o esp-idf/lcd_display/CMakeFiles/__idf_lcd_display.dir/lcd_display.c.obj -c /home/ludovic/dev/matter-esp32-home-energy-manager/firmware/components/lcd_display/lcd_display.c
In file included from /home/ludovic/dev/matter-esp32-home-energy-manager/firmware/components/lcd_display/lcd_display.c:1:
/home/ludovic/dev/matter-esp32-home-energy-manager/firmware/components/lcd_display/lcd_display.h:15:2: error: '#endif' without '#if'
   15 | #endif /* LCD_DISPLAY_H */
      |  ^~~~~
/home/ludovic/dev/matter-esp32-home-energy-manager/firmware/components/lcd_display/lcd_display.c:9:10: fatal error: boards/waveshare_esp32_s3_touch_lcd_4_3.h: No such file or directory
    9 | #include "boards/waveshare_esp32_s3_touch_lcd_4_3.h"
      |          ^~~~~~~~~~~~~~~~~~~~~~~~~~~~~~~~~~~~~~~~~~~
compilation terminated.
[1116/2122] Building C object esp-idf/espressif__mdns/CMakeFiles/__idf_espressif__mdns.dir/mdns_networking_lwip.c.obj
[1117/2122] Building C object esp-idf/espressif__mdns/CMakeFiles/__idf_espressif__mdns.dir/mdns_send.c.obj
[1118/2122] Building C object esp-idf/espressif__mdns/CMakeFiles/__idf_espressif__mdns.dir/mdns_cache.c.obj
[1119/2122] Building C object esp-idf/espressif__mdns/CMakeFiles/__idf_espressif__mdns.dir/mdns_console.c.obj
[1120/2122] Performing build step for 'chip_gn'
[1/1549] stamp obj/mbedtls/mbedtls.stamp
[2/1549] stamp obj/third_party/connectedhomeip/src/app/event-reporter.stamp
[3/1549] stamp obj/third_party/connectedhomeip/src/app/test-event-trigger.stamp
[4/1549] stamp obj/third_party/connectedhomeip/src/app/clusters/general-commissioning-server/bread-crumb-tracker.stamp
[5/1549] stamp obj/third_party/connectedhomeip/src/app/clusters/identify-server/delegates.stamp
[6/1549] stamp obj/third_party/connectedhomeip/src/app/clusters/mode-base-server/mode-base-server.stamp
[7/1549] stamp obj/third_party/connectedhomeip/src/app/clusters/network-commissioning/constants.stamp
[8/1549] stamp obj/third_party/connectedhomeip/src/app/clusters/operational-state-server/operational-state-server.stamp
[9/1549] stamp obj/third_party/connectedhomeip/src/app/common/attribute-type.stamp
[10/1549] stamp obj/third_party/connectedhomeip/src/app/icd/server/observer.stamp
[11/1549] stamp obj/third_party/connectedhomeip/src/ble/ble.stamp
[12/1549] stamp obj/third_party/connectedhomeip/src/controller/delegates.stamp
[13/1549] ACTION //third_party/connectedhomeip/src/app/icd/server:gen_icd-server-buildconfig(//third_party/connectedhomeip/config/esp32/toolchain:esp32)
[14/1549] ACTION //third_party/connectedhomeip/src/app:gen_app_buildconfig(//third_party/connectedhomeip/config/esp32/toolchain:esp32)
[15/1549] stamp obj/third_party/connectedhomeip/src/app/icd/server/gen_icd-server-buildconfig.stamp
[16/1549] ACTION //third_party/connectedhomeip/src/ble:gen_ble_buildconfig(//third_party/connectedhomeip/config/esp32/toolchain:esp32)
[17/1549] stamp obj/third_party/connectedhomeip/src/app/gen_app_buildconfig.stamp
[18/1549] stamp obj/third_party/connectedhomeip/src/app/icd/server/icd-server-buildconfig.stamp
[19/1549] stamp obj/third_party/connectedhomeip/src/ble/gen_ble_buildconfig.stamp
[20/1549] ACTION //third_party/connectedhomeip/src/access:gen_access_buildconfig(//third_party/connectedhomeip/config/esp32/toolchain:esp32)
[21/1549] ACTION //third_party/connectedhomeip/src/crypto:gen_crypto_buildconfig(//third_party/connectedhomeip/config/esp32/toolchain:esp32)
[22/1549] stamp obj/third_party/connectedhomeip/src/app/app_buildconfig.stamp
[23/1549] stamp obj/third_party/connectedhomeip/src/app/icd/server/icd-server-config.stamp
[24/1549] stamp obj/third_party/connectedhomeip/src/ble/ble_buildconfig.stamp
[25/1549] stamp obj/third_party/connectedhomeip/src/access/gen_access_buildconfig.stamp
[26/1549] stamp obj/third_party/connectedhomeip/src/crypto/gen_crypto_buildconfig.stamp
[27/1549] stamp obj/third_party/connectedhomeip/src/app/app_config.stamp
[28/1549] stamp obj/third_party/connectedhomeip/src/crypto/crypto_buildconfig.stamp
[29/1549] stamp obj/third_party/connectedhomeip/src/access/access_buildconfig.stamp
[30/1549] stamp obj/third_party/connectedhomeip/src/access/access_config.stamp
[31/1549] stamp obj/third_party/connectedhomeip/src/lib/dnssd/types.stamp
[32/1549] ACTION //third_party/connectedhomeip/src/data-model-providers/codegen:gen_processing-buildconfig(//third_party/connectedhomeip/config/esp32/toolchain:esp32)
[33/1549] stamp obj/third_party/connectedhomeip/src/data-model-providers/codegen/gen_processing-buildconfig.stamp
[34/1549] ACTION //third_party/connectedhomeip/src/lib/core:gen_chip_buildconfig(//third_party/connectedhomeip/config/esp32/toolchain:esp32)
[35/1549] stamp obj/third_party/connectedhomeip/src/data-model-providers/codegen/processing-buildconfig.stamp
[36/1549] ACTION //third_party/connectedhomeip/src/inet:gen_inet_buildconfig(//third_party/connectedhomeip/config/esp32/toolchain:esp32)
[37/1549] stamp obj/third_party/connectedhomeip/src/lib/core/gen_chip_buildconfig.stamp
[38/1549] ACTION //third_party/connectedhomeip/src/lib/dnssd/minimal_mdns:gen_minmdns_buildconfig(//third_party/connectedhomeip/config/esp32/toolchain:esp32)
[39/1549] stamp obj/third_party/connectedhomeip/src/data-model-providers/codegen/processing-config.stamp
[40/1549] stamp obj/third_party/connectedhomeip/src/inet/gen_inet_buildconfig.stamp
[41/1549] stamp obj/third_party/connectedhomeip/src/lib/core/chip_buildconfig.stamp
[42/1549] stamp obj/third_party/connectedhomeip/src/lib/dnssd/minimal_mdns/gen_minmdns_buildconfig.stamp
[43/1549] stamp obj/third_party/connectedhomeip/src/lib/support/attributes.stamp
[44/1549] stamp obj/third_party/connectedhomeip/src/inet/inet_buildconfig.stamp
[45/1549] stamp obj/third_party/connectedhomeip/src/lib/support/fixedbuffer.stamp
[46/1549] ACTION //third_party/connectedhomeip/src/credentials:gen_build_time_header(//third_party/connectedhomeip/config/esp32/toolchain:esp32)
[47/1549] stamp obj/third_party/connectedhomeip/src/lib/dnssd/minimal_mdns/minmdns_buildconfig.stamp
[48/1549] stamp obj/third_party/connectedhomeip/src/lib/support/logging_constants.stamp
[49/1549] stamp obj/third_party/connectedhomeip/src/lib/support/safeint.stamp
[50/1549] stamp obj/third_party/connectedhomeip/src/credentials/gen_build_time_header.stamp
[51/1549] stamp obj/third_party/connectedhomeip/src/lib/dnssd/minimal_mdns/config.stamp
[52/1549] stamp obj/third_party/connectedhomeip/src/lib/support/static-support.stamp
[53/1549] stamp obj/third_party/connectedhomeip/src/lib/support/testing.stamp
[54/1549] stamp obj/third_party/connectedhomeip/src/credentials/build_time_header.stamp
[55/1549] stamp obj/third_party/connectedhomeip/src/lib/support/type-traits.stamp
[56/1549] stamp obj/third_party/connectedhomeip/src/platform/logging/headers.stamp
[57/1549] ACTION //third_party/connectedhomeip/src/lib/asn1:gen_asn1oid(//third_party/connectedhomeip/config/esp32/toolchain:esp32)
[58/1549] stamp obj/third_party/connectedhomeip/src/protocols/type_definitions.stamp
[59/1549] stamp obj/third_party/connectedhomeip/src/lib/asn1/gen_asn1oid.stamp
[60/1549] stamp obj/third_party/connectedhomeip/src/lib/asn1/asn1oid_header.stamp
[61/1549] ACTION //third_party/connectedhomeip/src/setup_payload:gen_additional_data_payload_buildconfig(//third_party/connectedhomeip/config/esp32/toolchain:esp32)
[62/1549] stamp obj/third_party/connectedhomeip/src/setup_payload/gen_additional_data_payload_buildconfig.stamp
[63/1549] stamp obj/third_party/connectedhomeip/src/setup_payload/additional_data_payload_buildconfig.stamp
[64/1549] ACTION //third_party/connectedhomeip/src/lwip:gen_lwip_buildconfig(//third_party/connectedhomeip/config/esp32/toolchain:esp32)
[65/1549] stamp obj/third_party/connectedhomeip/src/tracing/none/none.stamp
[66/1549] stamp obj/third_party/connectedhomeip/src/lwip/gen_lwip_buildconfig.stamp
[67/1549] stamp obj/third_party/connectedhomeip/third_party/mbedtls/mbedtls.stamp
[68/1549] stamp obj/third_party/connectedhomeip/src/lwip/lwip_buildconfig.stamp
[69/1549] ACTION //third_party/connectedhomeip/src/tracing:gen_tracing_buildconfig(//third_party/connectedhomeip/config/esp32/toolchain:esp32)
[70/1549] stamp obj/third_party/connectedhomeip/src/lwip/lwip.stamp
[71/1549] stamp obj/third_party/connectedhomeip/third_party/nlio/nlio.stamp
[72/1549] stamp obj/third_party/connectedhomeip/src/tracing/gen_tracing_buildconfig.stamp
[73/1549] stamp obj/third_party/connectedhomeip/third_party/lwip/lwip.stamp
[74/1549] stamp obj/third_party/connectedhomeip/src/lib/core/encoding.stamp
[75/1549] stamp obj/third_party/connectedhomeip/src/tracing/tracing_buildconfig.stamp
[76/1549] ACTION //third_party/connectedhomeip/src/platform:gen_platform_buildconfig(//third_party/connectedhomeip/config/esp32/toolchain:esp32)
[77/1549] stamp obj/third_party/connectedhomeip/src/platform/gen_platform_buildconfig.stamp
[78/1549] stamp obj/third_party/connectedhomeip/src/platform/platform_buildconfig.stamp
[79/1549] stamp obj/third_party/connectedhomeip/src/platform/platform_config_header.stamp
[80/1549] ACTION //third_party/connectedhomeip/src/system:gen_system_buildconfig(//third_party/connectedhomeip/config/esp32/toolchain:esp32)
[81/1549] stamp obj/third_party/connectedhomeip/src/system/gen_system_buildconfig.stamp
[82/1549] stamp obj/third_party/connectedhomeip/src/credentials/test_paa_store.inputdeps.stamp
[83/1549] ACTION //third_party/connectedhomeip/src/lib/support:gen_chip_version(//third_party/connectedhomeip/config/esp32/toolchain:esp32)
[84/1549] stamp obj/third_party/connectedhomeip/src/lib/core/error.inputdeps.stamp
[85/1549] cc obj/third_party/connectedhomeip/third_party/uriparser/repo/src/uriparser.UriCompare.c.o
[86/1549] cc obj/third_party/connectedhomeip/third_party/uriparser/repo/src/uriparser.UriEscape.c.o
[87/1549] stamp obj/third_party/connectedhomeip/src/lib/support/gen_chip_version.stamp
[88/1549] stamp obj/third_party/connectedhomeip/src/access/access.inputdeps.stamp
[89/1549] cc obj/third_party/connectedhomeip/third_party/uriparser/repo/src/uriparser.UriCopy.c.o
[90/1549] c++ obj/third_party/connectedhomeip/src/lib/core/error.CHIPError.cpp.o
[91/1549] cc obj/third_party/connectedhomeip/third_party/uriparser/repo/src/uriparser.UriCommon.c.o
[92/1549] c++ obj/third_party/connectedhomeip/src/lib/core/error.ErrorStr.cpp.o
[93/1549] stamp obj/third_party/connectedhomeip/src/app/app.inputdeps.stamp
[94/1549] c++ obj/third_party/connectedhomeip/src/credentials/attestation_verifier/test_paa_store.TestPAAStore.cpp.o
[95/1549] c++ obj/third_party/connectedhomeip/src/access/examples/libaccess.PermissiveAccessControlDelegate.cpp.o
[96/1549] c++ obj/third_party/connectedhomeip/src/access/examples/libaccess.ExampleAccessControlDelegate.cpp.o
[97/1549] c++ obj/third_party/connectedhomeip/src/access/libaccess.AccessControl.cpp.o
[98/1549] c++ obj/third_party/connectedhomeip/src/access/examples/libaccess.GroupAuxiliaryAccessControlDelegateImpl.cpp.o
[99/1549] c++ obj/third_party/connectedhomeip/src/app/libCHIPDataModel.ChunkedWriteCallback.cpp.o
[100/1549] c++ obj/third_party/connectedhomeip/src/app/libCHIPDataModel.FailSafeContext.cpp.o
[101/1549] c++ obj/third_party/connectedhomeip/src/app/libCHIPDataModel.CommandResponseSender.cpp.o
[102/1549] stamp obj/third_party/connectedhomeip/src/app/attribute-access.inputdeps.stamp
[103/1549] c++ obj/third_party/connectedhomeip/src/app/libCHIPDataModel.EventManagement.cpp.o
[104/1549] c++ obj/third_party/connectedhomeip/src/app/libCHIPDataModel.ReadHandler.cpp.o
[105/1549] c++ obj/third_party/connectedhomeip/src/app/attribute-access.AttributeAccessInterfaceRegistry.cpp.o
[106/1549] stamp obj/third_party/connectedhomeip/src/app/attribute-persistence.inputdeps.stamp
[107/1549] c++ obj/third_party/connectedhomeip/src/app/libCHIPDataModel.WriteHandler.cpp.o
[108/1549] stamp obj/third_party/connectedhomeip/src/app/command-handler.inputdeps.stamp
[109/1549] c++ obj/third_party/connectedhomeip/src/app/libCHIPDataModel.BufferedReadCallback.cpp.o
[110/1549] stamp obj/third_party/connectedhomeip/src/app/command-handler-impl.inputdeps.stamp
[111/1549] c++ obj/third_party/connectedhomeip/src/app/attribute-access.AttributeReportBuilder.cpp.o
[112/1549] stamp obj/third_party/connectedhomeip/src/app/command-handler-interface.inputdeps.stamp
[113/1549] c++ obj/third_party/connectedhomeip/src/app/attribute-persistence.SafeAttributePersistenceProvider.cpp.o
[114/1549] stamp obj/third_party/connectedhomeip/src/app/global-attributes.inputdeps.stamp
[115/1549] c++ obj/third_party/connectedhomeip/src/app/attribute-access.AttributeValueEncoder.cpp.o
[116/1549] stamp obj/third_party/connectedhomeip/src/app/interaction-model.inputdeps.stamp
[117/1549] c++ obj/third_party/connectedhomeip/src/app/command-handler.CommandHandler.cpp.o
[118/1549] c++ obj/third_party/connectedhomeip/src/app/command-handler-interface.CommandHandlerInterfaceRegistry.cpp.o
[119/1549] c++ obj/third_party/connectedhomeip/src/app/interaction-model.CASEClient.cpp.o
[120/1549] c++ obj/third_party/connectedhomeip/src/app/global-attributes.GlobalAttributes.cpp.o
[121/1549] c++ obj/third_party/connectedhomeip/src/app/interaction-model.CASESessionManager.cpp.o
[122/1549] c++ obj/third_party/connectedhomeip/src/app/interaction-model.DeviceProxy.cpp.o
[123/1549] c++ obj/third_party/connectedhomeip/src/app/libCHIPDataModel.ClusterStateCache.cpp.o
[124/1549] c++ obj/third_party/connectedhomeip/src/app/interaction-model.CommandSender.cpp.o
[125/1549] c++ obj/third_party/connectedhomeip/src/app/interaction-model.InteractionModelDelegatePointers.cpp.o
[126/1549] c++ obj/third_party/connectedhomeip/src/app/interaction-model.PendingResponseTrackerImpl.cpp.o
[127/1549] c++ obj/third_party/connectedhomeip/src/app/interaction-model.TimedHandler.cpp.o
[128/1549] c++ obj/third_party/connectedhomeip/src/app/interaction-model.TimedRequest.cpp.o
[129/1549] c++ obj/third_party/connectedhomeip/src/app/interaction-model.OperationalSessionSetup.cpp.o
[130/1549] c++ obj/third_party/connectedhomeip/src/app/command-handler-impl.CommandHandlerImpl.cpp.o
[131/1549] c++ obj/third_party/connectedhomeip/src/app/interaction-model.WriteClient.cpp.o
[132/1549] c++ obj/third_party/connectedhomeip/src/app/reporting/interaction-model.ReportSchedulerImpl.cpp.o
[133/1549] c++ obj/third_party/connectedhomeip/src/app/reporting/interaction-model.SynchronizedReportSchedulerImpl.cpp.o
[134/1549] c++ obj/third_party/connectedhomeip/src/app/reporting/interaction-model.reporting.cpp.o
[135/1549] stamp obj/third_party/connectedhomeip/src/app/path-expansion.inputdeps.stamp
[136/1549] c++ obj/third_party/connectedhomeip/src/app/interaction-model.SimpleSubscriptionResumptionStorage.cpp.o
[137/1549] stamp obj/third_party/connectedhomeip/src/app/status-response.inputdeps.stamp
[138/1549] c++ obj/third_party/connectedhomeip/src/app/interaction-model.SubscriptionResumptionSessionEstablisher.cpp.o
[139/1549] stamp obj/third_party/connectedhomeip/src/app/storage-wrapper.inputdeps.stamp
[140/1549] c++ obj/third_party/connectedhomeip/src/app/path-expansion.AttributePathExpandIterator.cpp.o
[141/1549] stamp obj/third_party/connectedhomeip/src/app/MessageDef/MessageDef.inputdeps.stamp
[142/1549] c++ obj/third_party/connectedhomeip/src/app/storage-wrapper.StorageDelegateWrapper.cpp.o
[143/1549] c++ obj/third_party/connectedhomeip/src/app/status-response.StatusResponse.cpp.o
[144/1549] c++ obj/third_party/connectedhomeip/src/app/MessageDef/MessageDef.ArrayBuilder.cpp.o
[145/1549] c++ obj/third_party/connectedhomeip/src/app/MessageDef/MessageDef.ArrayParser.cpp.o
[146/1549] c++ obj/third_party/connectedhomeip/src/app/interaction-model.InteractionModelEngine.cpp.o
[147/1549] c++ obj/third_party/connectedhomeip/src/app/reporting/interaction-model.Engine.cpp.o
[148/1549] c++ obj/third_party/connectedhomeip/src/app/MessageDef/MessageDef.AttributeDataIBs.cpp.o
[149/1549] c++ obj/third_party/connectedhomeip/src/app/MessageDef/MessageDef.AttributeReportIB.cpp.o
[150/1549] c++ obj/third_party/connectedhomeip/src/app/MessageDef/MessageDef.AttributeDataIB.cpp.o
[151/1549] c++ obj/third_party/connectedhomeip/src/app/MessageDef/MessageDef.AttributePathIBs.cpp.o
[152/1549] c++ obj/third_party/connectedhomeip/src/app/MessageDef/MessageDef.AttributePathIB.cpp.o
[153/1549] c++ obj/third_party/connectedhomeip/src/app/MessageDef/MessageDef.AttributeReportIBs.cpp.o
[154/1549] c++ obj/third_party/connectedhomeip/src/app/MessageDef/MessageDef.AttributeStatusIB.cpp.o
[155/1549] c++ obj/third_party/connectedhomeip/src/app/MessageDef/MessageDef.AttributeStatusIBs.cpp.o
[156/1549] c++ obj/third_party/connectedhomeip/src/app/MessageDef/MessageDef.Builder.cpp.o
[157/1549] c++ obj/third_party/connectedhomeip/src/app/MessageDef/MessageDef.ClusterPathIB.cpp.o
[158/1549] c++ obj/third_party/connectedhomeip/src/app/MessageDef/MessageDef.CommandDataIB.cpp.o
[159/1549] c++ obj/third_party/connectedhomeip/src/app/MessageDef/MessageDef.CommandPathIB.cpp.o
[160/1549] c++ obj/third_party/connectedhomeip/src/app/MessageDef/MessageDef.CommandStatusIB.cpp.o
[161/1549] c++ obj/third_party/connectedhomeip/src/app/MessageDef/MessageDef.DataVersionFilterIB.cpp.o
[162/1549] c++ obj/third_party/connectedhomeip/src/app/MessageDef/MessageDef.EventFilterIB.cpp.o
[163/1549] c++ obj/third_party/connectedhomeip/src/app/MessageDef/MessageDef.EventDataIB.cpp.o
[164/1549] c++ obj/third_party/connectedhomeip/src/app/interaction-model.ReadClient.cpp.o
[165/1549] c++ obj/third_party/connectedhomeip/src/app/MessageDef/MessageDef.DataVersionFilterIBs.cpp.o
[166/1549] c++ obj/third_party/connectedhomeip/src/app/MessageDef/MessageDef.EventFilterIBs.cpp.o
[167/1549] c++ obj/third_party/connectedhomeip/src/app/MessageDef/MessageDef.EventPathIB.cpp.o
[168/1549] c++ obj/third_party/connectedhomeip/src/app/MessageDef/MessageDef.EventPathIBs.cpp.o
[169/1549] c++ obj/third_party/connectedhomeip/src/app/MessageDef/MessageDef.EventReportIB.cpp.o
[170/1549] c++ obj/third_party/connectedhomeip/src/app/MessageDef/MessageDef.EventReportIBs.cpp.o
[171/1549] c++ obj/third_party/connectedhomeip/src/app/MessageDef/MessageDef.EventStatusIB.cpp.o
[172/1549] c++ obj/third_party/connectedhomeip/src/app/MessageDef/MessageDef.InvokeRequestMessage.cpp.o
[173/1549] c++ obj/third_party/connectedhomeip/src/app/MessageDef/MessageDef.InvokeRequests.cpp.o
[174/1549] c++ obj/third_party/connectedhomeip/src/app/MessageDef/MessageDef.InvokeResponseIB.cpp.o
[175/1549] c++ obj/third_party/connectedhomeip/src/app/MessageDef/MessageDef.InvokeResponseMessage.cpp.o
[176/1549] c++ obj/third_party/connectedhomeip/src/app/MessageDef/MessageDef.ListBuilder.cpp.o
[177/1549] c++ obj/third_party/connectedhomeip/src/app/MessageDef/MessageDef.InvokeResponseIBs.cpp.o
[178/1549] c++ obj/third_party/connectedhomeip/src/app/MessageDef/MessageDef.ListParser.cpp.o
[179/1549] c++ obj/third_party/connectedhomeip/src/app/MessageDef/MessageDef.MessageDefHelper.cpp.o
[180/1549] c++ obj/third_party/connectedhomeip/src/app/MessageDef/MessageDef.MessageBuilder.cpp.o
[181/1549] c++ obj/third_party/connectedhomeip/src/app/MessageDef/MessageDef.MessageParser.cpp.o
[182/1549] c++ obj/third_party/connectedhomeip/src/app/MessageDef/MessageDef.Parser.cpp.o
[183/1549] c++ obj/third_party/connectedhomeip/src/app/MessageDef/MessageDef.ReadRequestMessage.cpp.o
[184/1549] c++ obj/third_party/connectedhomeip/src/app/MessageDef/MessageDef.ReportDataMessage.cpp.o
[185/1549] c++ obj/third_party/connectedhomeip/src/app/MessageDef/MessageDef.StatusIB.cpp.o
[186/1549] c++ obj/third_party/connectedhomeip/src/app/MessageDef/MessageDef.StructBuilder.cpp.o
[187/1549] c++ obj/third_party/connectedhomeip/src/app/MessageDef/MessageDef.StatusResponseMessage.cpp.o
[188/1549] c++ obj/third_party/connectedhomeip/src/app/MessageDef/MessageDef.StructParser.cpp.o
[189/1549] stamp obj/third_party/connectedhomeip/src/app/clusters/access-control-server/access-control-event-helper.inputdeps.stamp
[190/1549] c++ obj/third_party/connectedhomeip/src/app/MessageDef/MessageDef.SubscribeResponseMessage.cpp.o
[191/1549] stamp obj/third_party/connectedhomeip/src/app/clusters/access-control-server/access-control-server.inputdeps.stamp
[192/1549] c++ obj/third_party/connectedhomeip/src/app/MessageDef/MessageDef.TimedRequestMessage.cpp.o
[193/1549] stamp obj/third_party/connectedhomeip/src/app/clusters/access-control-server/arl-encoder.inputdeps.stamp
[194/1549] c++ obj/third_party/connectedhomeip/src/app/MessageDef/MessageDef.SubscribeRequestMessage.cpp.o
[195/1549] stamp obj/third_party/connectedhomeip/src/app/clusters/actions-server/actions-server.inputdeps.stamp
[196/1549] c++ obj/third_party/connectedhomeip/src/app/MessageDef/MessageDef.WriteRequestMessage.cpp.o
[197/1549] stamp obj/third_party/connectedhomeip/src/app/clusters/administrator-commissioning-server/administrator-commissioning-server.inputdeps.stamp
[198/1549] c++ obj/third_party/connectedhomeip/src/app/MessageDef/MessageDef.WriteResponseMessage.cpp.o
[199/1549] c++ obj/third_party/connectedhomeip/src/app/clusters/access-control-server/access-control-event-helper.AccessControlEventHelper.cpp.o
[200/1549] stamp obj/third_party/connectedhomeip/src/app/clusters/air-quality-server/air-quality-server.inputdeps.stamp
[201/1549] c++ obj/third_party/connectedhomeip/src/app/clusters/actions-server/actions-server.ActionsCluster.cpp.o
[202/1549] stamp obj/third_party/connectedhomeip/src/app/clusters/boolean-state-configuration-server/boolean-state-configuration-server.inputdeps.stamp
[203/1549] c++ obj/third_party/connectedhomeip/src/app/clusters/administrator-commissioning-server/administrator-commissioning-server.AdministratorCommissioningCluster.cpp.o
[204/1549] stamp obj/third_party/connectedhomeip/src/app/clusters/boolean-state-server/boolean-state-server.inputdeps.stamp
[205/1549] c++ obj/third_party/connectedhomeip/src/app/clusters/air-quality-server/air-quality-server.AirQualityCluster.cpp.o
[206/1549] stamp obj/third_party/connectedhomeip/src/app/clusters/bridged-device-basic-information-server/bridged-device-basic-information-server.inputdeps.stamp
[207/1549] c++ obj/third_party/connectedhomeip/src/app/clusters/administrator-commissioning-server/administrator-commissioning-server.AdministratorCommissioningLogic.cpp.o
[208/1549] stamp obj/third_party/connectedhomeip/src/app/clusters/camera-av-settings-user-level-management-server/camera-av-settings-user-level-management-server.inputdeps.stamp
[209/1549] c++ obj/third_party/connectedhomeip/src/app/clusters/boolean-state-configuration-server/boolean-state-configuration-server.BooleanStateConfigurationCluster.cpp.o
[210/1549] c++ obj/third_party/connectedhomeip/src/app/clusters/access-control-server/arl-encoder.ArlEncoder.cpp.o
[211/1549] stamp obj/third_party/connectedhomeip/src/app/clusters/chime-server/chime-server.inputdeps.stamp
[212/1549] c++ obj/third_party/connectedhomeip/src/app/clusters/bridged-device-basic-information-server/bridged-device-basic-information-server.BridgedDeviceBasicInformationCluster.cpp.o
[213/1549] stamp obj/third_party/connectedhomeip/src/app/clusters/closure-control-server/closure-control-server.inputdeps.stamp
[214/1549] c++ obj/third_party/connectedhomeip/src/app/clusters/access-control-server/access-control-server.access-control-cluster.cpp.o
[215/1549] stamp obj/third_party/connectedhomeip/src/app/clusters/closure-dimension-server/closure-dimension-server.inputdeps.stamp
[216/1549] c++ obj/third_party/connectedhomeip/src/app/clusters/chime-server/chime-server.ChimeCluster.cpp.o
[217/1549] stamp obj/third_party/connectedhomeip/src/app/clusters/commissioner-control-server/commissioner-control-server.inputdeps.stamp
[218/1549] c++ obj/third_party/connectedhomeip/src/app/clusters/boolean-state-server/boolean-state-server.BooleanStateCluster.cpp.o
[219/1549] stamp obj/third_party/connectedhomeip/src/app/clusters/concentration-measurement-server/concentration-measurement-server.inputdeps.stamp
[220/1549] c++ obj/third_party/connectedhomeip/src/app/clusters/closure-control-server/closure-control-server.ClosureControlCluster.cpp.o
[221/1549] stamp obj/third_party/connectedhomeip/src/app/clusters/descriptor/descriptor.inputdeps.stamp
[222/1549] c++ obj/third_party/connectedhomeip/src/app/clusters/camera-av-settings-user-level-management-server/camera-av-settings-user-level-management-server.CameraAvSettingsUserLevelManagementCluster.cpp.o
[223/1549] stamp obj/third_party/connectedhomeip/src/app/clusters/fan-control-server/fan-control-server.inputdeps.stamp
[224/1549] c++ obj/third_party/connectedhomeip/src/app/clusters/descriptor/descriptor.DescriptorCluster.cpp.o
[225/1549] stamp obj/third_party/connectedhomeip/src/app/clusters/flow-measurement-server/flow-measurement-server.inputdeps.stamp
[226/1549] c++ obj/third_party/connectedhomeip/src/app/clusters/camera-av-settings-user-level-management-server/camera-av-settings-user-level-management-server.CameraAvSettingsUserLevelManagementLogic.cpp.o
[227/1549] stamp obj/third_party/connectedhomeip/src/app/clusters/general-commissioning-server/general-commissioning-server.inputdeps.stamp
[228/1549] c++ obj/third_party/connectedhomeip/src/app/clusters/fan-control-server/fan-control-server.FanControlCluster.cpp.o
[229/1549] stamp obj/third_party/connectedhomeip/src/app/clusters/general-diagnostics-server/general-diagnostics-server.inputdeps.stamp
[230/1549] c++ obj/third_party/connectedhomeip/src/app/clusters/flow-measurement-server/flow-measurement-server.FlowMeasurementCluster.cpp.o
[231/1549] stamp obj/third_party/connectedhomeip/src/app/clusters/group-key-mgmt-server/group-key-mgmt-server.inputdeps.stamp
[232/1549] c++ obj/third_party/connectedhomeip/src/app/clusters/closure-dimension-server/closure-dimension-server.ClosureDimensionCluster.cpp.o
[233/1549] stamp obj/third_party/connectedhomeip/src/app/clusters/groupcast/groupcast.inputdeps.stamp
[234/1549] c++ obj/third_party/connectedhomeip/src/app/clusters/commissioner-control-server/commissioner-control-server.CommissionerControlCluster.cpp.o
[235/1549] stamp obj/third_party/connectedhomeip/src/app/clusters/groups-server/groups-server.inputdeps.stamp
[236/1549] c++ obj/third_party/connectedhomeip/src/app/clusters/concentration-measurement-server/concentration-measurement-server.ConcentrationMeasurementCluster.cpp.o
[237/1549] stamp obj/third_party/connectedhomeip/src/app/clusters/humidistat-server/humidistat-server.inputdeps.stamp
[238/1549] c++ obj/third_party/connectedhomeip/src/app/clusters/groupcast/groupcast.GroupcastCluster.cpp.o
[239/1549] stamp obj/third_party/connectedhomeip/src/app/clusters/identify-server/identify-server.inputdeps.stamp
[240/1549] c++ obj/third_party/connectedhomeip/src/app/clusters/groups-server/groups-server.GroupsCluster.cpp.o
[241/1549] c++ obj/third_party/connectedhomeip/src/app/clusters/humidistat-server/humidistat-server.HumidistatCluster.cpp.o
[242/1549] stamp obj/third_party/connectedhomeip/src/app/clusters/illuminance-measurement-server/illuminance-measurement-server.inputdeps.stamp
[243/1549] stamp obj/third_party/connectedhomeip/src/app/clusters/level-control/level-control.inputdeps.stamp
[244/1549] c++ obj/third_party/connectedhomeip/src/app/clusters/general-diagnostics-server/general-diagnostics-server.GeneralDiagnosticsCluster.cpp.o
[245/1549] stamp obj/third_party/connectedhomeip/src/app/clusters/microwave-oven-control-server/microwave-oven-control-server.inputdeps.stamp
[246/1549] c++ obj/third_party/connectedhomeip/src/app/clusters/illuminance-measurement-server/illuminance-measurement-server.IlluminanceMeasurementCluster.cpp.o
[247/1549] stamp obj/third_party/connectedhomeip/src/app/clusters/network-commissioning/network-commissioning.inputdeps.stamp
[248/1549] c++ obj/third_party/connectedhomeip/src/app/clusters/general-commissioning-server/general-commissioning-server.GeneralCommissioningCluster.cpp.o
[249/1549] stamp obj/third_party/connectedhomeip/src/app/clusters/network-commissioning/thread-response-encoding.inputdeps.stamp
[250/1549] c++ obj/third_party/connectedhomeip/src/app/clusters/group-key-mgmt-server/group-key-mgmt-server.GroupKeyManagementCluster.cpp.o
[251/1549] stamp obj/third_party/connectedhomeip/src/app/clusters/network-commissioning/wifi-response-encoding.inputdeps.stamp
[252/1549] c++ obj/third_party/connectedhomeip/src/app/clusters/microwave-oven-control-server/microwave-oven-control-server.MicrowaveOvenControlCluster.cpp.o
[253/1549] stamp obj/third_party/connectedhomeip/src/app/clusters/network-identity-management-server/network-identity-management-server.inputdeps.stamp
[254/1549] c++ obj/third_party/connectedhomeip/src/app/clusters/network-commissioning/thread-response-encoding.ThreadScanResponse.cpp.o
[255/1549] c++ obj/third_party/connectedhomeip/src/app/clusters/network-commissioning/wifi-response-encoding.WifiScanResponse.cpp.o
[256/1549] c++ obj/third_party/connectedhomeip/src/app/clusters/network-identity-management-server/network-identity-management-server.NetworkAdministratorSecret.cpp.o
[257/1549] c++ obj/third_party/connectedhomeip/src/app/clusters/identify-server/identify-server.IdentifyCluster.cpp.o
[258/1549] stamp obj/third_party/connectedhomeip/src/app/clusters/occupancy-sensor-server/occupancy-sensor-server.inputdeps.stamp
[259/1549] c++ obj/third_party/connectedhomeip/src/app/clusters/network-identity-management-server/network-identity-management-server.DefaultNetworkIdentityStorage.cpp.o
[260/1549] stamp obj/third_party/connectedhomeip/src/app/clusters/on-off-server/on-off-server.inputdeps.stamp
[261/1549] c++ obj/third_party/connectedhomeip/src/app/clusters/network-identity-management-server/network-identity-management-server.NetworkIdentityStorage.cpp.o
[262/1549] c++ obj/third_party/connectedhomeip/src/app/clusters/level-control/level-control.LevelControlCluster.cpp.o
[263/1549] stamp obj/third_party/connectedhomeip/src/app/clusters/operational-credentials-server/operational-credentials-server.inputdeps.stamp
[264/1549] c++ obj/third_party/connectedhomeip/src/app/clusters/network-identity-management-server/network-identity-management-server.NetworkIdentityManagementCluster.cpp.o
[265/1549] stamp obj/third_party/connectedhomeip/src/app/clusters/pressure-measurement-server/pressure-measurement-server.inputdeps.stamp
[266/1549] c++ obj/third_party/connectedhomeip/src/app/clusters/network-commissioning/network-commissioning.NetworkCommissioningCluster.cpp.o
[267/1549] stamp obj/third_party/connectedhomeip/src/app/clusters/proximity-ranging-server/proximity-ranging-server.inputdeps.stamp
[268/1549] c++ obj/third_party/connectedhomeip/src/app/clusters/pressure-measurement-server/pressure-measurement-server.PressureMeasurementCluster.cpp.o
[269/1549] stamp obj/third_party/connectedhomeip/src/app/clusters/push-av-stream-transport-server/push-av-stream-transport-server.inputdeps.stamp
[270/1549] c++ obj/third_party/connectedhomeip/src/app/clusters/proximity-ranging-server/proximity-ranging-server.ProximityRangingCluster.cpp.o
[271/1549] c++ obj/third_party/connectedhomeip/src/app/clusters/on-off-server/on-off-server.OnOffLightingCluster.cpp.o
[272/1549] stamp obj/third_party/connectedhomeip/src/app/clusters/relative-humidity-measurement-server/relative-humidity-measurement-server.inputdeps.stamp
[273/1549] c++ obj/third_party/connectedhomeip/src/app/clusters/occupancy-sensor-server/occupancy-sensor-server.OccupancySensingCluster.cpp.o
[274/1549] stamp obj/third_party/connectedhomeip/src/app/clusters/resource-monitoring-server/resource-monitoring-server.inputdeps.stamp
[275/1549] c++ obj/third_party/connectedhomeip/src/app/clusters/on-off-server/on-off-server.OnOffCluster.cpp.o
[276/1549] c++ obj/third_party/connectedhomeip/src/app/clusters/resource-monitoring-server/resource-monitoring-server.MigrateResourceMonitoringServerStorage.cpp.o
[277/1549] c++ obj/third_party/connectedhomeip/src/app/clusters/relative-humidity-measurement-server/relative-humidity-measurement-server.RelativeHumidityMeasurementCluster.cpp.o
[278/1549] stamp obj/third_party/connectedhomeip/src/app/clusters/scenes-server/scenes.inputdeps.stamp
[279/1549] c++ obj/third_party/connectedhomeip/src/app/clusters/scenes-server/scenes.ExtensionFieldSetsImpl.cpp.o
[280/1549] c++ obj/third_party/connectedhomeip/src/app/clusters/push-av-stream-transport-server/push-av-stream-transport-server.PushAVStreamTransportCluster.cpp.o
[281/1549] c++ obj/third_party/connectedhomeip/src/app/clusters/operational-credentials-server/operational-credentials-server.OperationalCredentialsCluster.cpp.o
[282/1549] stamp obj/third_party/connectedhomeip/src/app/clusters/scenes-server/scenes-server.inputdeps.stamp
[283/1549] c++ obj/third_party/connectedhomeip/src/app/clusters/resource-monitoring-server/resource-monitoring-server.ResourceMonitoringCluster.cpp.o
[284/1549] stamp obj/third_party/connectedhomeip/src/app/clusters/smoke-co-alarm-server/smoke-co-alarm-server.inputdeps.stamp
[285/1549] c++ obj/third_party/connectedhomeip/src/app/clusters/resource-monitoring-server/resource-monitoring-server.resource-monitoring-cluster-objects.cpp.o
[286/1549] stamp obj/third_party/connectedhomeip/src/app/clusters/software-diagnostics-server/software-diagnostics-server.inputdeps.stamp
[287/1549] c++ obj/third_party/connectedhomeip/src/app/clusters/smoke-co-alarm-server/smoke-co-alarm-server.SmokeCoAlarmCluster.cpp.o
[288/1549] stamp obj/third_party/connectedhomeip/src/app/clusters/software-diagnostics-server/software-fault-listener.inputdeps.stamp
[289/1549] c++ obj/third_party/connectedhomeip/src/app/clusters/push-av-stream-transport-server/push-av-stream-transport-server.PushAVStreamTransportLogic.cpp.o
[290/1549] stamp obj/third_party/connectedhomeip/src/app/clusters/soil-measurement-server/soil-measurement-server.inputdeps.stamp
[291/1549] c++ obj/third_party/connectedhomeip/src/app/clusters/scenes-server/scenes.SceneHandlerImpl.cpp.o
[292/1549] stamp obj/third_party/connectedhomeip/src/app/clusters/temperature-control-server/temperature-control-server.inputdeps.stamp
[293/1549] c++ obj/third_party/connectedhomeip/src/app/clusters/software-diagnostics-server/software-fault-listener.software-fault-listener.cpp.o
[294/1549] stamp obj/third_party/connectedhomeip/src/app/clusters/temperature-measurement-server/temperature-measurement-server.inputdeps.stamp
[295/1549] c++ obj/third_party/connectedhomeip/src/app/clusters/scenes-server/scenes.SceneTableImpl.cpp.o
[296/1549] stamp obj/third_party/connectedhomeip/src/app/clusters/thread-border-router-management-server/thread-border-router-management-server.inputdeps.stamp
[297/1549] c++ obj/third_party/connectedhomeip/src/app/clusters/scenes-server/scenes-server.ScenesManagementCluster.cpp.o
[298/1549] stamp obj/third_party/connectedhomeip/src/app/clusters/thread-network-diagnostics-server/thread-network-diagnostics-server.inputdeps.stamp
[299/1549] c++ obj/third_party/connectedhomeip/src/app/clusters/temperature-measurement-server/temperature-measurement-server.TemperatureMeasurementCluster.cpp.o
[300/1549] c++ obj/third_party/connectedhomeip/src/app/clusters/software-diagnostics-server/software-diagnostics-server.SoftwareDiagnosticsCluster.cpp.o
[301/1549] stamp obj/third_party/connectedhomeip/src/app/clusters/thread-network-directory-server/thread-network-directory-server.inputdeps.stamp
[302/1549] c++ obj/third_party/connectedhomeip/src/app/clusters/thread-border-router-management-server/thread-border-router-management-server.ThreadBorderRouterManagementCluster.cpp.o
[303/1549] c++ obj/third_party/connectedhomeip/src/app/clusters/thread-network-directory-server/thread-network-directory-server.DefaultThreadNetworkDirectoryStorage.cpp.o
[304/1549] c++ obj/third_party/connectedhomeip/src/app/clusters/temperature-control-server/temperature-control-server.TemperatureControlCluster.cpp.o
[305/1549] stamp obj/third_party/connectedhomeip/src/app/clusters/tls-certificate-management-server/tls-certificate-management-server.inputdeps.stamp
[306/1549] c++ obj/third_party/connectedhomeip/src/app/clusters/soil-measurement-server/soil-measurement-server.SoilMeasurementCluster.cpp.o
[307/1549] stamp obj/third_party/connectedhomeip/src/app/clusters/tls-client-management-server/tls-client-management-server.inputdeps.stamp
[308/1549] c++ obj/third_party/connectedhomeip/src/app/clusters/thread-network-diagnostics-server/thread-network-diagnostics-server.DirectThreadNetworkDiagnosticsProvider.cpp.o
[309/1549] stamp obj/third_party/connectedhomeip/src/app/clusters/water-heater-management-server/water-heater-management-server.inputdeps.stamp
[310/1549] c++ obj/third_party/connectedhomeip/src/app/clusters/thread-network-directory-server/thread-network-directory-server.ThreadNetworkDirectoryCluster.cpp.o
[311/1549] c++ obj/third_party/connectedhomeip/src/app/clusters/tls-certificate-management-server/tls-certificate-management-server.TLSCertificateManagementCluster.cpp.o
[312/1549] stamp obj/third_party/connectedhomeip/src/app/clusters/webrtc-transport-provider-server/webrtc-transport-provider-server.inputdeps.stamp
[313/1549] c++ obj/third_party/connectedhomeip/src/app/clusters/tls-client-management-server/tls-client-management-server.TLSClientManagementCluster.cpp.o
[314/1549] stamp obj/third_party/connectedhomeip/src/app/clusters/wifi-network-diagnostics-server/wifi-network-diagnostics-server.inputdeps.stamp
[315/1549] c++ obj/third_party/connectedhomeip/src/app/clusters/thread-network-diagnostics-server/thread-network-diagnostics-server.ThreadNetworkDiagnosticsCluster.cpp.o
[316/1549] stamp obj/third_party/connectedhomeip/src/app/clusters/wifi-network-management-server/wifi-network-management-server.inputdeps.stamp
[317/1549] c++ obj/third_party/connectedhomeip/src/app/clusters/wifi-network-management-server/wifi-network-management-server.WiFiNetworkManagementCluster.cpp.o
[318/1549] stamp obj/third_party/connectedhomeip/src/app/common/cluster-objects.inputdeps.stamp
[319/1549] c++ obj/third_party/connectedhomeip/src/app/clusters/water-heater-management-server/water-heater-management-server.Delegate.cpp.o
[320/1549] stamp obj/third_party/connectedhomeip/src/app/data-model-provider/data-model-provider.inputdeps.stamp
[321/1549] c++ obj/third_party/connectedhomeip/src/app/clusters/water-heater-management-server/water-heater-management-server.WaterHeaterManagementCluster.cpp.o
[322/1549] c++ obj/third_party/connectedhomeip/src/app/data-model-provider/data-model-provider.ActionReturnStatus.cpp.o
[323/1549] c++ obj/third_party/connectedhomeip/src/app/clusters/tls-certificate-management-server/certificate-table.CertificateTableImpl.cpp.o
[324/1549] c++ obj/third_party/connectedhomeip/src/app/data-model-provider/data-model-provider.EventsGenerator.cpp.o
[325/1549] c++ obj/third_party/connectedhomeip/src/app/data-model-provider/data-model-provider.MetadataLookup.cpp.o
[326/1549] stamp obj/third_party/connectedhomeip/src/app/data-model/data-model.inputdeps.stamp
[327/1549] c++ obj/third_party/connectedhomeip/src/app/clusters/wifi-network-diagnostics-server/wifi-network-diagnostics-server.WiFiNetworkDiagnosticsCluster.cpp.o
[328/1549] c++ obj/third_party/connectedhomeip/src/app/data-model/data-model.FabricScopedPreEncodedValue.cpp.o
[329/1549] stamp obj/third_party/connectedhomeip/src/app/data-model/encode-decode.inputdeps.stamp
[330/1549] c++ obj/third_party/connectedhomeip/src/app/data-model-provider/data-model-provider.ProviderMetadataTree.cpp.o
[331/1549] c++ obj/third_party/connectedhomeip/src/app/data-model-provider/data-model-provider.Provider.cpp.o
[332/1549] stamp obj/third_party/connectedhomeip/src/app/persistence/default.inputdeps.stamp
[333/1549] c++ obj/third_party/connectedhomeip/src/app/data-model/data-model.PreEncodedValue.cpp.o
[334/1549] stamp obj/third_party/connectedhomeip/src/app/persistence/migration.inputdeps.stamp
[335/1549] c++ obj/third_party/connectedhomeip/src/app/data-model/encode-decode.StructDecodeIterator.cpp.o
[336/1549] stamp obj/third_party/connectedhomeip/src/app/persistence/persistence.inputdeps.stamp
[337/1549] c++ obj/third_party/connectedhomeip/src/app/clusters/webrtc-transport-provider-server/webrtc-transport-provider-server.WebRTCTransportProviderCluster.cpp.o
[338/1549] c++ obj/third_party/connectedhomeip/src/app/data-model/encode-decode.WrappedStructEncoder.cpp.o
[339/1549] stamp obj/third_party/connectedhomeip/src/app/persistence/singleton.inputdeps.stamp
[340/1549] c++ obj/third_party/connectedhomeip/src/app/persistence/default.DefaultAttributePersistenceProvider.cpp.o
[341/1549] stamp obj/third_party/connectedhomeip/src/app/server-cluster/server-cluster.inputdeps.stamp
[342/1549] c++ obj/third_party/connectedhomeip/src/app/persistence/migration.AttributePersistenceMigration.cpp.o
[343/1549] c++ obj/third_party/connectedhomeip/src/app/persistence/singleton.AttributePersistenceProviderInstance.cpp.o
[344/1549] c++ obj/third_party/connectedhomeip/src/app/persistence/persistence.AttributePersistence.cpp.o
[345/1549] c++ obj/third_party/connectedhomeip/src/app/persistence/persistence.String.cpp.o
[346/1549] stamp obj/third_party/connectedhomeip/src/app/server/server.inputdeps.stamp
[347/1549] c++ obj/third_party/connectedhomeip/src/app/server-cluster/server-cluster.AttributeListBuilder.cpp.o
[348/1549] c++ obj/third_party/connectedhomeip/src/app/server-cluster/server-cluster.DefaultServerCluster.cpp.o
[349/1549] c++ obj/third_party/connectedhomeip/src/app/server-cluster/server-cluster.ServerClusterInterface.cpp.o
[350/1549] c++ obj/third_party/connectedhomeip/src/app/server-cluster/server-cluster.ServerClusterExtension.cpp.o
[351/1549] c++ obj/third_party/connectedhomeip/src/app/server/libCHIPAppServer.EchoHandler.cpp.o
[352/1549] c++ obj/third_party/connectedhomeip/src/app/server/libCHIPAppServer.Dnssd.cpp.o
[353/1549] stamp obj/third_party/connectedhomeip/src/app/util/callbacks.inputdeps.stamp
[354/1549] c++ obj/third_party/connectedhomeip/src/app/util/callbacks.MatterCallbacks.cpp.o
[355/1549] stamp obj/third_party/connectedhomeip/src/app/util/types.inputdeps.stamp
[356/1549] c++ obj/third_party/connectedhomeip/src/app/util/types.attribute-metadata.cpp.o
[357/1549] c++ obj/third_party/connectedhomeip/src/app/server/libCHIPAppServer.AclStorage.cpp.o
[358/1549] stamp obj/third_party/connectedhomeip/src/controller/controller.inputdeps.stamp
[359/1549] c++ obj/third_party/connectedhomeip/src/app/util/types.ember-strings.cpp.o
[360/1549] c++ obj/third_party/connectedhomeip/src/app/server/libCHIPAppServer.DefaultAclStorage.cpp.o
[361/1549] c++ obj/third_party/connectedhomeip/src/controller/libChipController.AbstractDnssdDiscoveryController.cpp.o
[362/1549] c++ obj/third_party/connectedhomeip/src/controller/libChipController.CHIPCommissionableNodeController.cpp.o
[363/1549] c++ obj/third_party/connectedhomeip/src/app/server/libCHIPAppServer.CommissioningWindowManager.cpp.o
[364/1549] c++ obj/third_party/connectedhomeip/src/controller/libChipController.CommissionerDiscoveryController.cpp.o
[365/1549] c++ obj/third_party/connectedhomeip/src/controller/libChipController.CommissioneeDeviceProxy.cpp.o
[366/1549] c++ obj/third_party/connectedhomeip/src/controller/libChipController.ExampleOperationalCredentialsIssuer.cpp.o
[367/1549] c++ obj/third_party/connectedhomeip/src/app/server/libCHIPAppServer.Server.cpp.o
[368/1549] c++ obj/third_party/connectedhomeip/src/controller/libChipController.AutoCommissioner.cpp.o
[369/1549] c++ obj/third_party/connectedhomeip/src/controller/libChipController.CHIPDeviceControllerFactory.cpp.o
[370/1549] c++ obj/third_party/connectedhomeip/src/controller/libChipController.CommissioningDelegate.cpp.o
[371/1549] stamp obj/third_party/connectedhomeip/src/credentials/credentials.inputdeps.stamp
[372/1549] c++ obj/third_party/connectedhomeip/src/credentials/libCredentials.CHIPCert.cpp.o
[373/1549] c++ obj/third_party/connectedhomeip/src/controller/libChipController.SetUpCodePairer.cpp.o
[374/1549] c++ obj/third_party/connectedhomeip/src/credentials/libCredentials.CHIPCertFromX509.cpp.o
[375/1549] c++ obj/third_party/connectedhomeip/src/credentials/libCredentials.CHIPCertToX509.cpp.o
[376/1549] c++ obj/third_party/connectedhomeip/src/credentials/libCredentials.CertificationDeclaration.cpp.o
[377/1549] c++ obj/third_party/connectedhomeip/src/credentials/libCredentials.DeviceAttestationConstructor.cpp.o
[378/1549] c++ obj/third_party/connectedhomeip/src/credentials/libCredentials.DeviceAttestationCredsProvider.cpp.o
[379/1549] c++ obj/third_party/connectedhomeip/src/credentials/libCredentials.GenerateChipX509Cert.cpp.o
[380/1549] c++ obj/third_party/connectedhomeip/src/controller/libChipController.CurrentFabricRemover.cpp.o
[381/1549] c++ obj/third_party/connectedhomeip/src/controller/libChipController.CommissioningWindowOpener.cpp.o
[382/1549] c++ obj/third_party/connectedhomeip/src/credentials/libCredentials.FabricTable.cpp.o
[383/1549] c++ obj/third_party/connectedhomeip/src/credentials/attestation_verifier/libCredentials.DeviceAttestationVerifier.cpp.o
[384/1549] c++ obj/third_party/connectedhomeip/src/credentials/libCredentials.GroupDataProviderImpl.cpp.o
[385/1549] c++ obj/third_party/connectedhomeip/src/credentials/libCredentials.PersistentStorageOpCertStore.cpp.o
[386/1549] c++ obj/third_party/connectedhomeip/src/credentials/libCredentials.LastKnownGoodTime.cpp.o
[387/1549] stamp obj/third_party/connectedhomeip/src/credentials/default_attestation_verifier.inputdeps.stamp
[388/1549] c++ obj/third_party/connectedhomeip/src/credentials/examples/libCredentials.ExamplePAI.cpp.o
[389/1549] c++ obj/third_party/connectedhomeip/src/credentials/examples/libCredentials.DeviceAttestationCredsExample.cpp.o
[390/1549] stamp obj/third_party/connectedhomeip/src/credentials/jcm/jcm.inputdeps.stamp
[391/1549] c++ obj/third_party/connectedhomeip/src/credentials/examples/libCredentials.ExampleDACs.cpp.o
[392/1549] c++ obj/third_party/connectedhomeip/src/credentials/attestation_verifier/libDefaultAttestationVerifier.DacOnlyPartialAttestationVerifier.cpp.o
[393/1549] stamp obj/third_party/connectedhomeip/src/crypto/crypto.inputdeps.stamp
[394/1549] c++ obj/third_party/connectedhomeip/src/credentials/attestation_verifier/libDefaultAttestationVerifier.DefaultDeviceAttestationVerifier.cpp.o
[395/1549] c++ obj/third_party/connectedhomeip/src/crypto/libChipCrypto.RandUtils.cpp.o
[396/1549] c++ obj/third_party/connectedhomeip/src/crypto/libChipCrypto.CHIPCryptoPAL.cpp.o
[397/1549] c++ obj/third_party/connectedhomeip/src/crypto/libChipCrypto.PSAOperationalKeystore.cpp.o
[398/1549] c++ obj/third_party/connectedhomeip/src/crypto/libChipCrypto.PSASessionKeystore.cpp.o
[399/1549] stamp obj/third_party/connectedhomeip/src/crypto/cryptopal_psa.inputdeps.stamp
[400/1549] c++ obj/third_party/connectedhomeip/src/crypto/libChipCrypto.PersistentStorageOperationalKeystore.cpp.o
[401/1549] c++ obj/third_party/connectedhomeip/src/crypto/cryptopal_psa.CHIPCryptoPALPSA.cpp.o
[402/1549] stamp obj/third_party/connectedhomeip/src/inet/inet.inputdeps.stamp
[403/1549] c++ obj/third_party/connectedhomeip/src/crypto/cryptopal_psa.CHIPCryptoPALmbedTLSCert.cpp.o
[404/1549] c++ obj/third_party/connectedhomeip/src/controller/libChipController.CHIPDeviceController.cpp.o
[405/1549] c++ obj/third_party/connectedhomeip/src/inet/libInetLayer.IPAddress-StringFuncts.cpp.o
[406/1549] c++ obj/third_party/connectedhomeip/src/credentials/jcm/jcm.VendorIdVerificationClient.cpp.o
[407/1549] c++ obj/third_party/connectedhomeip/src/inet/libInetLayer.IPPacketInfo.cpp.o
[408/1549] c++ obj/third_party/connectedhomeip/src/inet/libInetLayer.IPAddress.cpp.o
[409/1549] c++ obj/third_party/connectedhomeip/src/inet/libInetLayer.IPPrefix.cpp.o
[410/1549] c++ obj/third_party/connectedhomeip/src/inet/libInetLayer.InetError.cpp.o
[411/1549] c++ obj/third_party/connectedhomeip/src/inet/libInetLayer.InetInterface.cpp.o
[412/1549] c++ obj/third_party/connectedhomeip/src/inet/libInetLayer.EndPointStateLwIP.cpp.o
[413/1549] stamp obj/third_party/connectedhomeip/src/lib/address_resolve/address_resolve.inputdeps.stamp
[414/1549] c++ obj/third_party/connectedhomeip/src/credentials/jcm/jcm.TrustVerification.cpp.o
[415/1549] c++ obj/third_party/connectedhomeip/src/inet/libInetLayer.InetInterfaceImplDefault.cpp.o
[416/1549] stamp obj/third_party/connectedhomeip/src/lib/asn1/asn1.inputdeps.stamp
[417/1549] c++ obj/third_party/connectedhomeip/src/inet/libInetLayer.UDPEndPoint.cpp.o
[418/1549] c++ obj/third_party/connectedhomeip/src/lib/asn1/libASN1.ASN1OID.cpp.o
[419/1549] c++ obj/third_party/connectedhomeip/src/lib/asn1/libASN1.ASN1Error.cpp.o
[420/1549] c++ obj/third_party/connectedhomeip/src/lib/asn1/libASN1.ASN1Time.cpp.o
[421/1549] c++ obj/third_party/connectedhomeip/src/lib/address_resolve/address_resolve.AddressResolve_DefaultImpl.cpp.o
[422/1549] stamp obj/third_party/connectedhomeip/src/lib/core/core.inputdeps.stamp
[423/1549] c++ obj/third_party/connectedhomeip/src/lib/address_resolve/address_resolve.AddressResolve.cpp.o
[424/1549] c++ obj/third_party/connectedhomeip/src/inet/libInetLayer.UDPEndPointImplLwIP.cpp.o
[425/1549] c++ obj/third_party/connectedhomeip/src/lib/asn1/libASN1.ASN1Reader.cpp.o
[426/1549] c++ obj/third_party/connectedhomeip/src/lib/core/libChipCore.CHIPKeyIds.cpp.o
[427/1549] c++ obj/third_party/connectedhomeip/src/lib/core/libChipCore.TLVCircularBuffer.cpp.o
[428/1549] c++ obj/third_party/connectedhomeip/src/lib/core/libChipCore.OTAImageHeader.cpp.o
[429/1549] c++ obj/third_party/connectedhomeip/src/lib/core/libChipCore.TLVDebug.cpp.o
[430/1549] c++ obj/third_party/connectedhomeip/src/lib/asn1/libASN1.ASN1Writer.cpp.o
[431/1549] c++ obj/third_party/connectedhomeip/src/lib/core/libChipCore.TLVTags.cpp.o
[432/1549] stamp obj/third_party/connectedhomeip/src/lib/dnssd/dnssd.inputdeps.stamp
[433/1549] c++ obj/third_party/connectedhomeip/src/lib/core/libChipCore.TLVUpdater.cpp.o
[434/1549] c++ obj/third_party/connectedhomeip/src/lib/core/libChipCore.TLVReader.cpp.o
[435/1549] c++ obj/third_party/connectedhomeip/src/lib/core/libChipCore.TLVUtilities.cpp.o
[436/1549] c++ obj/third_party/connectedhomeip/src/lib/dnssd/dnssd.IPAddressSorter.cpp.o
[437/1549] c++ obj/third_party/connectedhomeip/src/lib/core/libChipCore.TLVWriter.cpp.o
[438/1549] c++ obj/third_party/connectedhomeip/src/lib/dnssd/dnssd.Advertiser.cpp.o
[439/1549] c++ obj/third_party/connectedhomeip/src/lib/dnssd/dnssd.Resolver.cpp.o
[440/1549] c++ obj/third_party/connectedhomeip/src/lib/dnssd/dnssd.ResolverProxy.cpp.o
[441/1549] c++ obj/third_party/connectedhomeip/src/lib/dnssd/dnssd.ActiveResolveAttempts.cpp.o
[442/1549] c++ obj/third_party/connectedhomeip/src/lib/dnssd/dnssd.TxtFields.cpp.o
[443/1549] stamp obj/third_party/connectedhomeip/src/lib/dnssd/naming.inputdeps.stamp
[444/1549] c++ obj/third_party/connectedhomeip/zzz_generated/app-common/app-common/zap-generated/libClusterObjects.cluster-objects.cpp.o
[445/1549] stamp obj/third_party/connectedhomeip/src/lib/dnssd/minimal_mdns/address_policy.inputdeps.stamp
[446/1549] c++ obj/third_party/connectedhomeip/src/lib/dnssd/dnssd.MinimalMdnsServer.cpp.o
[447/1549] stamp obj/third_party/connectedhomeip/src/lib/dnssd/minimal_mdns/default_policy.inputdeps.stamp
[448/1549] c++ obj/third_party/connectedhomeip/src/lib/dnssd/naming.ServiceNaming.cpp.o
[449/1549] stamp obj/third_party/connectedhomeip/src/lib/dnssd/minimal_mdns/minimal_mdns.inputdeps.stamp
[450/1549] c++ obj/third_party/connectedhomeip/src/lib/dnssd/dnssd.IncrementalResolve.cpp.o
[451/1549] c++ obj/third_party/connectedhomeip/src/lib/dnssd/minimal_mdns/default_policy.AddressPolicy_DefaultImpl.cpp.o
[452/1549] c++ obj/third_party/connectedhomeip/src/lib/dnssd/dnssd.Advertiser_ImplMinimalMdns.cpp.o
[453/1549] c++ obj/third_party/connectedhomeip/src/lib/dnssd/minimal_mdns/address_policy.AddressPolicy.cpp.o
[454/1549] stamp obj/third_party/connectedhomeip/src/lib/dnssd/minimal_mdns/core/core.inputdeps.stamp
[455/1549] c++ obj/third_party/connectedhomeip/src/lib/dnssd/minimal_mdns/minimal_mdns.Parser.cpp.o
[456/1549] c++ obj/third_party/connectedhomeip/src/lib/dnssd/minimal_mdns/minimal_mdns.RecordData.cpp.o
[457/1549] c++ obj/third_party/connectedhomeip/src/lib/dnssd/dnssd.Resolver_ImplMinimalMdns.cpp.o
[458/1549] stamp obj/third_party/connectedhomeip/src/lib/dnssd/minimal_mdns/records/records.inputdeps.stamp
[459/1549] c++ obj/third_party/connectedhomeip/src/lib/dnssd/minimal_mdns/core/core.QName.cpp.o
[460/1549] c++ obj/third_party/connectedhomeip/src/lib/dnssd/minimal_mdns/core/core.QNameString.cpp.o
[461/1549] stamp obj/third_party/connectedhomeip/src/lib/dnssd/minimal_mdns/responders/responders.inputdeps.stamp
[462/1549] c++ obj/third_party/connectedhomeip/src/lib/dnssd/minimal_mdns/core/core.RecordWriter.cpp.o
[463/1549] c++ obj/third_party/connectedhomeip/src/lib/dnssd/minimal_mdns/records/records.IP.cpp.o
[464/1549] stamp obj/third_party/connectedhomeip/src/lib/shell/shell.inputdeps.stamp
[465/1549] c++ obj/third_party/connectedhomeip/src/lib/dnssd/minimal_mdns/records/records.ResourceRecord.cpp.o
[466/1549] c++ obj/third_party/connectedhomeip/src/lib/dnssd/minimal_mdns/minimal_mdns.ResponseSender.cpp.o
[467/1549] stamp obj/third_party/connectedhomeip/src/lib/shell/shell_core.inputdeps.stamp
[468/1549] c++ obj/third_party/connectedhomeip/src/lib/dnssd/minimal_mdns/responders/responders.IP.cpp.o
[469/1549] c++ obj/third_party/connectedhomeip/src/lib/dnssd/minimal_mdns/minimal_mdns.Server.cpp.o
[470/1549] c++ obj/third_party/connectedhomeip/src/lib/shell/libCHIPShell.streamer_esp32.cpp.o
[471/1549] stamp obj/third_party/connectedhomeip/src/lib/shell/commands/commands.inputdeps.stamp
[472/1549] c++ obj/third_party/connectedhomeip/src/lib/shell/shell_core.streamer.cpp.o
[473/1549] c++ obj/third_party/connectedhomeip/src/lib/shell/shell_core.CommandSet.cpp.o
[474/1549] c++ obj/third_party/connectedhomeip/src/lib/dnssd/minimal_mdns/responders/responders.QueryResponder.cpp.o
[475/1549] c++ obj/third_party/connectedhomeip/src/lib/shell/commands/commands.Help.cpp.o
[476/1549] c++ obj/third_party/connectedhomeip/src/lib/shell/libCHIPShell.MainLoopESP32.cpp.o
[477/1549] c++ obj/third_party/connectedhomeip/src/lib/shell/shell_core.Engine.cpp.o
[478/1549] c++ obj/third_party/connectedhomeip/src/lib/shell/commands/commands.Config.cpp.o
[479/1549] c++ obj/third_party/connectedhomeip/src/lib/shell/commands/commands.Meta.cpp.o
[480/1549] stamp obj/third_party/connectedhomeip/src/lib/support/arg_parser.inputdeps.stamp
[481/1549] c++ obj/third_party/connectedhomeip/src/lib/shell/commands/commands.Device.cpp.o
[482/1549] stamp obj/third_party/connectedhomeip/src/lib/support/chip_version_header.stamp
[483/1549] stamp obj/third_party/connectedhomeip/src/lib/support/memory.inputdeps.stamp
[484/1549] c++ obj/third_party/connectedhomeip/src/lib/shell/commands/commands.OnboardingCodes.cpp.o
[485/1549] c++ obj/third_party/connectedhomeip/src/lib/support/memory.CHIPPlatformMemory.cpp.o
[486/1549] stamp obj/third_party/connectedhomeip/src/lib/support/support.inputdeps.stamp
[487/1549] c++ obj/third_party/connectedhomeip/src/lib/support/memory.CHIPMem.cpp.o
[488/1549] c++ obj/third_party/connectedhomeip/src/lib/support/libSupportLayer.Base64.cpp.o
[489/1549] c++ obj/third_party/connectedhomeip/src/lib/shell/commands/commands.WiFi.cpp.o
[490/1549] c++ obj/third_party/connectedhomeip/src/lib/support/arg_parser.CHIPArgParser.cpp.o
[491/1549] c++ obj/third_party/connectedhomeip/src/lib/support/libSupportLayer.Base85.cpp.o
[492/1549] c++ obj/third_party/connectedhomeip/src/lib/support/libSupportLayer.BufferWriter.cpp.o
[493/1549] c++ obj/third_party/connectedhomeip/src/lib/support/libSupportLayer.FibonacciUtils.cpp.o
[494/1549] c++ obj/third_party/connectedhomeip/src/lib/shell/commands/commands.Dns.cpp.o
[495/1549] c++ obj/third_party/connectedhomeip/src/lib/support/libSupportLayer.FixedBufferAllocator.cpp.o
[496/1549] c++ obj/third_party/connectedhomeip/src/lib/support/libSupportLayer.BufferReader.cpp.o
[497/1549] c++ obj/third_party/connectedhomeip/src/lib/support/libSupportLayer.BytesToHex.cpp.o
[498/1549] c++ obj/third_party/connectedhomeip/src/lib/support/libSupportLayer.BytesCircularBuffer.cpp.o
[499/1549] c++ obj/third_party/connectedhomeip/src/lib/support/libSupportLayer.PersistentStorageAudit.cpp.o
[500/1549] c++ obj/third_party/connectedhomeip/src/lib/support/libSupportLayer.PrivateHeap.cpp.o
[501/1549] c++ obj/third_party/connectedhomeip/src/lib/support/libSupportLayer.Pool.cpp.o
[502/1549] c++ obj/third_party/connectedhomeip/src/lib/support/libSupportLayer.ReadOnlyBuffer.cpp.o
[503/1549] c++ obj/third_party/connectedhomeip/src/lib/support/libSupportLayer.IniEscaping.cpp.o
[504/1549] c++ obj/third_party/connectedhomeip/src/lib/support/libSupportLayer.ThreadDiscoveryCode.cpp.o
[505/1549] c++ obj/third_party/connectedhomeip/src/lib/support/libSupportLayer.StringBuilder.cpp.o
[506/1549] c++ obj/third_party/connectedhomeip/src/lib/support/libSupportLayer.ZclString.cpp.o
[507/1549] c++ obj/third_party/connectedhomeip/src/lib/support/verhoeff/libSupportLayer.Verhoeff.cpp.o
[508/1549] c++ obj/third_party/connectedhomeip/src/lib/support/verhoeff/libSupportLayer.Verhoeff10.cpp.o
[509/1549] stamp obj/third_party/connectedhomeip/src/lib/support/text_only_logging.inputdeps.stamp
[510/1549] c++ obj/third_party/connectedhomeip/src/lib/support/logging/libSupportLayer.BinaryLogging.cpp.o
[511/1549] stamp obj/third_party/connectedhomeip/src/messaging/messaging.inputdeps.stamp
[512/1549] c++ obj/third_party/connectedhomeip/src/lib/support/libSupportLayer.ThreadOperationalDataset.cpp.o
[513/1549] c++ obj/third_party/connectedhomeip/src/lib/support/logging/text_only_logging.TextOnlyLogging.cpp.o
[514/1549] c++ obj/third_party/connectedhomeip/src/lib/support/libSupportLayer.TimeUtils.cpp.o
[515/1549] c++ obj/third_party/connectedhomeip/src/lib/support/libSupportLayer.utf8.cpp.o
[516/1549] c++ obj/third_party/connectedhomeip/src/messaging/libMessagingLayer.ErrorCategory.cpp.o
[517/1549] c++ obj/third_party/connectedhomeip/src/lib/shell/commands/commands.Stat.cpp.o
[518/1549] c++ obj/third_party/connectedhomeip/src/messaging/libMessagingLayer.ApplicationExchangeDispatch.cpp.o
[519/1549] c++ obj/third_party/connectedhomeip/src/messaging/libMessagingLayer.ExchangeMessageDispatch.cpp.o
[520/1549] stamp obj/third_party/connectedhomeip/src/platform/platform.inputdeps.stamp
[521/1549] c++ obj/third_party/connectedhomeip/src/messaging/libMessagingLayer.ExchangeContext.cpp.o
[522/1549] c++ obj/third_party/connectedhomeip/src/messaging/libMessagingLayer.ReliableMessageContext.cpp.o
[523/1549] c++ obj/third_party/connectedhomeip/src/messaging/libMessagingLayer.ExchangeMgr.cpp.o
[524/1549] c++ obj/third_party/connectedhomeip/src/platform/libDeviceLayer.CommissionableDataProvider.cpp.o
[525/1549] c++ obj/third_party/connectedhomeip/src/platform/libDeviceLayer.DeviceInstanceInfoProvider.cpp.o
[526/1549] c++ obj/third_party/connectedhomeip/src/platform/libDeviceLayer.DefaultTimerDelegate.cpp.o
[527/1549] c++ obj/third_party/connectedhomeip/src/platform/libDeviceLayer.DeviceControlServer.cpp.o
[528/1549] c++ obj/third_party/connectedhomeip/src/messaging/libMessagingLayer.ReliableMessageProtocolConfig.cpp.o
[529/1549] c++ obj/third_party/connectedhomeip/src/messaging/libMessagingLayer.ReliableMessageMgr.cpp.o
[530/1549] c++ obj/third_party/connectedhomeip/src/platform/libDeviceLayer.Entropy.cpp.o
[531/1549] c++ obj/third_party/connectedhomeip/src/platform/libDeviceLayer.GeneralUtils.cpp.o
[532/1549] c++ obj/third_party/connectedhomeip/src/platform/libDeviceLayer.Globals.cpp.o
[533/1549] c++ obj/third_party/connectedhomeip/src/platform/libDeviceLayer.LockTracker.cpp.o
[534/1549] stamp obj/third_party/connectedhomeip/src/platform/ESP32/ESP32.inputdeps.stamp
[535/1549] c++ obj/third_party/connectedhomeip/src/platform/libDeviceLayer.RuntimeOptionsProvider.cpp.o
[536/1549] c++ obj/third_party/connectedhomeip/src/platform/libDeviceLayer.PersistedStorage.cpp.o
[537/1549] c++ obj/third_party/connectedhomeip/src/platform/libDeviceLayer.PlatformEventSupport.cpp.o
[538/1549] c++ obj/third_party/connectedhomeip/src/platform/ESP32.SingletonConfigurationManager.cpp.o
[539/1549] c++ obj/third_party/connectedhomeip/src/platform/ESP32/ESP32.ConfigurationManagerImpl.cpp.o
[540/1549] c++ obj/third_party/connectedhomeip/src/platform/libDeviceLayer.DeviceInfoProvider.cpp.o
[541/1549] c++ obj/third_party/connectedhomeip/src/platform/ESP32/ESP32.ConnectivityManagerImpl.cpp.o
[542/1549] c++ obj/third_party/connectedhomeip/src/platform/libDeviceLayer.DiagnosticDataProvider.cpp.o
[543/1549] c++ obj/third_party/connectedhomeip/src/platform/ESP32/ESP32.ESP32Utils.cpp.o
[544/1549] c++ obj/third_party/connectedhomeip/src/platform/ESP32/ESP32.ESP32Config.cpp.o
[545/1549] c++ obj/third_party/connectedhomeip/src/platform/ESP32/ESP32.KeyValueStoreManagerImpl.cpp.o
[546/1549] c++ obj/third_party/connectedhomeip/src/platform/ESP32/ESP32.SystemTimeSupport.cpp.o
[547/1549] c++ obj/third_party/connectedhomeip/src/platform/ESP32/ESP32.CHIPMem-PlatformDefault.cpp.o
[548/1549] c++ obj/third_party/connectedhomeip/src/platform/ESP32/ESP32.ESP32Utils_LwIP.cpp.o
[549/1549] c++ obj/third_party/connectedhomeip/src/platform/ESP32/ESP32.PlatformManagerImpl_LwIP.cpp.o
[550/1549] c++ obj/third_party/connectedhomeip/src/platform/ESP32/logging.Logging.cpp.o
[551/1549] stamp obj/third_party/connectedhomeip/src/protocols/protocols.inputdeps.stamp
[552/1549] c++ obj/third_party/connectedhomeip/src/platform/ESP32/ESP32.NetworkCommissioningDriver.cpp.o
[553/1549] c++ obj/third_party/connectedhomeip/src/platform/ESP32/ESP32.DiagnosticDataProviderImpl.cpp.o
[554/1549] c++ obj/third_party/connectedhomeip/src/protocols/libChipProtocols.Protocols.cpp.o
[555/1549] c++ obj/third_party/connectedhomeip/src/platform/ESP32/ESP32.DiagnosticDataProviderImpl_LwIP.cpp.o
[556/1549] c++ obj/third_party/connectedhomeip/src/protocols/echo/libChipProtocols.EchoClient.cpp.o
[557/1549] c++ obj/third_party/connectedhomeip/src/platform/ESP32/ESP32.PlatformManagerImpl.cpp.o
[558/1549] stamp obj/third_party/connectedhomeip/src/protocols/bdx/bdx.inputdeps.stamp
[559/1549] c++ obj/third_party/connectedhomeip/src/protocols/echo/libChipProtocols.EchoServer.cpp.o
[560/1549] c++ obj/third_party/connectedhomeip/src/protocols/bdx/libBdx.BdxMessages.cpp.o
[561/1549] c++ obj/third_party/connectedhomeip/src/protocols/user_directed_commissioning/libChipProtocols.UserDirectedCommissioningClient.cpp.o
[562/1549] c++ obj/third_party/connectedhomeip/src/protocols/secure_channel/libChipProtocols.MessageCounterManager.cpp.o
[563/1549] c++ obj/third_party/connectedhomeip/src/protocols/bdx/libBdx.AsyncTransferFacilitator.cpp.o
[564/1549] c++ obj/third_party/connectedhomeip/src/protocols/user_directed_commissioning/libChipProtocols.UserDirectedCommissioningServer.cpp.o
[565/1549] c++ obj/third_party/connectedhomeip/src/protocols/bdx/libBdx.BdxTransferProxyDiagnosticLog.cpp.o
[566/1549] c++ obj/third_party/connectedhomeip/src/platform/ESP32/ESP32.ConnectivityManagerImpl_WiFi.cpp.o
[567/1549] c++ obj/third_party/connectedhomeip/src/protocols/bdx/libBdx.StatusCode.cpp.o
[568/1549] stamp obj/third_party/connectedhomeip/src/protocols/interaction_model/interaction_model.inputdeps.stamp
[569/1549] c++ obj/third_party/connectedhomeip/src/protocols/bdx/libBdx.BdxTransferDiagnosticLog.cpp.o
[570/1549] stamp obj/third_party/connectedhomeip/src/protocols/secure_channel/check-in-counter.inputdeps.stamp
[571/1549] c++ obj/third_party/connectedhomeip/src/protocols/bdx/libBdx.BdxUri.cpp.o
[572/1549] stamp obj/third_party/connectedhomeip/src/protocols/secure_channel/check-in-message.inputdeps.stamp
[573/1549] c++ obj/third_party/connectedhomeip/src/protocols/bdx/libBdx.BdxTransferServer.cpp.o
[574/1549] stamp obj/third_party/connectedhomeip/src/protocols/secure_channel/secure_channel.inputdeps.stamp
[575/1549] c++ obj/third_party/connectedhomeip/src/protocols/interaction_model/libInteractionModel.StatusCode.cpp.o
[576/1549] c++ obj/third_party/connectedhomeip/src/protocols/bdx/libBdx.BdxTransferSession.cpp.o
[577/1549] c++ obj/third_party/connectedhomeip/src/protocols/secure_channel/check-in-counter.CheckInCounter.cpp.o
[578/1549] c++ obj/third_party/connectedhomeip/src/protocols/secure_channel/check-in-message.CheckinMessage.cpp.o
[579/1549] c++ obj/third_party/connectedhomeip/src/protocols/secure_channel/libSecureChannel.DefaultSessionResumptionStorage.cpp.o
[580/1549] c++ obj/third_party/connectedhomeip/src/protocols/secure_channel/libSecureChannel.CASEDestinationId.cpp.o
[581/1549] c++ obj/third_party/connectedhomeip/src/protocols/bdx/libBdx.TransferFacilitator.cpp.o
[582/1549] c++ obj/third_party/connectedhomeip/src/protocols/secure_channel/libSecureChannel.SimpleSessionResumptionStorage.cpp.o
[583/1549] c++ obj/third_party/connectedhomeip/src/protocols/secure_channel/libSecureChannel.CASEServer.cpp.o
[584/1549] stamp obj/third_party/connectedhomeip/src/protocols/secure_channel/type_definitions.inputdeps.stamp
[585/1549] c++ obj/third_party/connectedhomeip/src/protocols/secure_channel/libSecureChannel.SessionEstablishmentExchangeDispatch.cpp.o
[586/1549] stamp obj/third_party/connectedhomeip/src/setup_payload/additional_data_payload.inputdeps.stamp
[587/1549] c++ obj/third_party/connectedhomeip/src/protocols/secure_channel/libSecureChannel.PairingSession.cpp.o
[588/1549] c++ obj/third_party/connectedhomeip/src/protocols/secure_channel/libSecureChannelTypes.StatusReport.cpp.o
[589/1549] stamp obj/third_party/connectedhomeip/src/setup_payload/onboarding-codes-utils.inputdeps.stamp
[590/1549] c++ obj/third_party/connectedhomeip/src/protocols/secure_channel/libSecureChannel.PASESession.cpp.o
[591/1549] stamp obj/third_party/connectedhomeip/src/setup_payload/setup_payload.inputdeps.stamp
[592/1549] c++ obj/third_party/connectedhomeip/src/protocols/secure_channel/libSecureChannel.UnsolicitedStatusHandler.cpp.o
[593/1549] c++ obj/third_party/connectedhomeip/src/setup_payload/additional_data_payload.AdditionalDataPayloadParser.cpp.o
[594/1549] c++ obj/third_party/connectedhomeip/src/setup_payload/additional_data_payload.AdditionalDataPayloadGenerator.cpp.o
[595/1549] c++ obj/third_party/connectedhomeip/src/setup_payload/libSetupPayload.Base38Encode.cpp.o
[596/1549] c++ obj/third_party/connectedhomeip/src/protocols/secure_channel/libSecureChannel.CASESession.cpp.o
[597/1549] c++ obj/third_party/connectedhomeip/src/setup_payload/libSetupPayload.Base38Decode.cpp.o
[598/1549] c++ obj/third_party/connectedhomeip/src/setup_payload/libSetupPayload.ManualSetupPayloadGenerator.cpp.o
[599/1549] stamp obj/third_party/connectedhomeip/src/system/system.inputdeps.stamp
[600/1549] c++ obj/third_party/connectedhomeip/src/setup_payload/onboarding-codes-utils.OnboardingCodesUtil.cpp.o
[601/1549] c++ obj/third_party/connectedhomeip/src/setup_payload/libSetupPayload.ManualSetupPayloadParser.cpp.o
[602/1549] c++ obj/third_party/connectedhomeip/src/system/libSystemLayer.SystemClock.cpp.o
[603/1549] c++ obj/third_party/connectedhomeip/src/system/libSystemLayer.SystemError.cpp.o
[604/1549] c++ obj/third_party/connectedhomeip/src/setup_payload/libSetupPayload.QRCodeSetupPayloadGenerator.cpp.o
[605/1549] c++ obj/third_party/connectedhomeip/src/system/libSystemLayer.SystemMutex.cpp.o
[606/1549] c++ obj/third_party/connectedhomeip/src/setup_payload/libSetupPayload.QRCodeSetupPayloadParser.cpp.o
[607/1549] c++ obj/third_party/connectedhomeip/src/system/libSystemLayer.SystemLayer.cpp.o
[608/1549] c++ obj/third_party/connectedhomeip/src/system/libSystemLayer.SystemPacketBuffer.cpp.o
[609/1549] stamp obj/third_party/connectedhomeip/src/system/system_buildconfig.stamp
[610/1549] stamp obj/third_party/connectedhomeip/src/system/system_config_header.stamp
[611/1549] stamp obj/third_party/connectedhomeip/src/ble/ble_config_header.stamp
[612/1549] stamp obj/third_party/connectedhomeip/src/inet/impl_header.stamp
[613/1549] stamp obj/third_party/connectedhomeip/src/inet/inet_config_header.stamp
[614/1549] stamp obj/third_party/connectedhomeip/src/lib/core/chip_config_header.stamp
[615/1549] stamp obj/third_party/connectedhomeip/src/lib/core/error.stamp
[616/1549] stamp obj/third_party/connectedhomeip/src/lib/support/assertions.stamp
[617/1549] stamp obj/third_party/connectedhomeip/src/lib/support/memory.stamp
[618/1549] stamp obj/third_party/connectedhomeip/src/lib/support/text_only_logging.stamp
[619/1549] stamp obj/third_party/connectedhomeip/src/lib/support/codeutils.stamp
[620/1549] stamp obj/third_party/connectedhomeip/src/lib/core/types.stamp
[621/1549] stamp obj/third_party/connectedhomeip/src/app/common/global-ids.stamp
[622/1549] stamp obj/third_party/connectedhomeip/src/lib/support/span.stamp
[623/1549] stamp obj/third_party/connectedhomeip/src/credentials/test_paa_store.stamp
[624/1549] stamp obj/third_party/connectedhomeip/src/tracing/tracing.inputdeps.stamp
[625/1549] c++ obj/third_party/connectedhomeip/src/system/libSystemLayer.SystemStats.cpp.o
[626/1549] stamp obj/third_party/connectedhomeip/src/transport/transport.inputdeps.stamp
[627/1549] c++ obj/third_party/connectedhomeip/src/system/libSystemLayer.TLVPacketBufferBackingStore.cpp.o
[628/1549] c++ obj/third_party/connectedhomeip/src/system/libSystemLayer.SystemTimer.cpp.o
[629/1549] c++ obj/third_party/connectedhomeip/src/setup_payload/libSetupPayload.SetupPayload.cpp.o
[630/1549] c++ obj/third_party/connectedhomeip/src/tracing/tracing.registry_disabled.cpp.o
[631/1549] c++ obj/third_party/connectedhomeip/src/system/libSystemLayer.SystemLayerImplFreeRTOS.cpp.o
[632/1549] c++ obj/third_party/connectedhomeip/src/transport/libTransportLayer.GroupPeerMessageCounter.cpp.o
[633/1549] c++ obj/third_party/connectedhomeip/src/transport/libTransportLayer.CryptoContext.cpp.o
[634/1549] c++ obj/third_party/connectedhomeip/src/transport/libTransportLayer.SecureMessageCodec.cpp.o
[635/1549] c++ obj/third_party/connectedhomeip/src/transport/libTransportLayer.SecureSession.cpp.o
[636/1549] stamp obj/third_party/connectedhomeip/src/transport/raw/raw.inputdeps.stamp
[637/1549] c++ obj/third_party/connectedhomeip/src/transport/libTransportLayer.Session.cpp.o
[638/1549] c++ obj/third_party/connectedhomeip/src/transport/libTransportLayer.SecureSessionTable.cpp.o
[639/1549] c++ obj/third_party/connectedhomeip/src/transport/libTransportLayer.SessionHolder.cpp.o
[640/1549] c++ obj/third_party/connectedhomeip/src/transport/raw/libRawTransport.PeerAddress.cpp.o
[641/1549] c++ obj/third_party/connectedhomeip/src/transport/raw/libRawTransport.GroupcastTesting.cpp.o
[642/1549] cc obj/third_party/connectedhomeip/third_party/uriparser/repo/src/uriparser.UriFile.c.o
[643/1549] cc obj/third_party/connectedhomeip/third_party/uriparser/repo/src/uriparser.UriIp4Base.c.o
[644/1549] c++ obj/third_party/connectedhomeip/src/transport/libTransportLayer.TransportMgrBase.cpp.o
[645/1549] cc obj/third_party/connectedhomeip/third_party/uriparser/repo/src/uriparser.UriIp4.c.o
[646/1549] cc obj/third_party/connectedhomeip/third_party/uriparser/repo/src/uriparser.UriNormalizeBase.c.o
[647/1549] cc obj/third_party/connectedhomeip/third_party/uriparser/repo/src/uriparser.UriMemory.c.o
[648/1549] cc obj/third_party/connectedhomeip/third_party/uriparser/repo/src/uriparser.UriParseBase.c.o
[649/1549] c++ obj/third_party/connectedhomeip/src/transport/raw/libRawTransport.MessageHeader.cpp.o
[650/1549] cc obj/third_party/connectedhomeip/third_party/uriparser/repo/src/uriparser.UriQuery.c.o
[651/1549] cc obj/third_party/connectedhomeip/third_party/uriparser/repo/src/uriparser.UriRecompose.c.o
[652/1549] cc obj/third_party/connectedhomeip/third_party/uriparser/repo/src/uriparser.UriNormalize.c.o
[653/1549] cc obj/third_party/connectedhomeip/third_party/uriparser/repo/src/uriparser.UriResolve.c.o
[654/1549] cc obj/third_party/connectedhomeip/third_party/uriparser/repo/src/uriparser.UriSetHostAuto.c.o
[655/1549] cc obj/third_party/connectedhomeip/third_party/uriparser/repo/src/uriparser.UriSetFragment.c.o
[656/1549] cc obj/third_party/connectedhomeip/third_party/uriparser/repo/src/uriparser.UriSetHostIp4.c.o
[657/1549] cc obj/third_party/connectedhomeip/third_party/uriparser/repo/src/uriparser.UriSetHostCommon.c.o
[658/1549] cc obj/third_party/connectedhomeip/third_party/uriparser/repo/src/uriparser.UriSetHostIp6.c.o
[659/1549] cc obj/third_party/connectedhomeip/third_party/uriparser/repo/src/uriparser.UriSetHostRegName.c.o
[660/1549] cc obj/third_party/connectedhomeip/third_party/uriparser/repo/src/uriparser.UriSetHostIpFuture.c.o
[661/1549] cc obj/third_party/connectedhomeip/third_party/uriparser/repo/src/uriparser.UriParse.c.o
[662/1549] cc obj/third_party/connectedhomeip/third_party/uriparser/repo/src/uriparser.UriSetPort.c.o
[663/1549] cc obj/third_party/connectedhomeip/third_party/uriparser/repo/src/uriparser.UriSetPath.c.o
[664/1549] cc obj/third_party/connectedhomeip/third_party/uriparser/repo/src/uriparser.UriSetQuery.c.o
[665/1549] cc obj/third_party/connectedhomeip/third_party/uriparser/repo/src/uriparser.UriSetScheme.c.o
[666/1549] stamp obj/third_party/connectedhomeip/zzz_generated/app-common/clusters/AccessControl/ids.stamp
[667/1549] stamp obj/third_party/connectedhomeip/zzz_generated/app-common/clusters/AccountLogin/ids.stamp
[668/1549] stamp obj/third_party/connectedhomeip/zzz_generated/app-common/clusters/Actions/ids.stamp
[669/1549] stamp obj/third_party/connectedhomeip/zzz_generated/app-common/clusters/ActivatedCarbonFilterMonitoring/ids.stamp
[670/1549] stamp obj/third_party/connectedhomeip/zzz_generated/app-common/clusters/AdministratorCommissioning/ids.stamp
[671/1549] stamp obj/third_party/connectedhomeip/zzz_generated/app-common/clusters/AirQuality/ids.stamp
[672/1549] stamp obj/third_party/connectedhomeip/zzz_generated/app-common/clusters/AmbientContextSensing/ids.stamp
[673/1549] cc obj/third_party/connectedhomeip/third_party/uriparser/repo/src/uriparser.UriVersion.c.o
[674/1549] stamp obj/third_party/connectedhomeip/zzz_generated/app-common/clusters/AmbientSensingUnion/ids.stamp
[675/1549] stamp obj/third_party/connectedhomeip/zzz_generated/app-common/clusters/ApplicationBasic/ids.stamp
[676/1549] stamp obj/third_party/connectedhomeip/zzz_generated/app-common/clusters/ApplicationLauncher/ids.stamp
[677/1549] stamp obj/third_party/connectedhomeip/zzz_generated/app-common/clusters/AudioOutput/ids.stamp
[678/1549] stamp obj/third_party/connectedhomeip/zzz_generated/app-common/clusters/AvAnalysis/ids.stamp
[679/1549] stamp obj/third_party/connectedhomeip/zzz_generated/app-common/clusters/BallastConfiguration/ids.stamp
[680/1549] stamp obj/third_party/connectedhomeip/zzz_generated/app-common/clusters/BasicInformation/ids.stamp
[681/1549] stamp obj/third_party/connectedhomeip/zzz_generated/app-common/clusters/BooleanState/ids.stamp
[682/1549] stamp obj/third_party/connectedhomeip/zzz_generated/app-common/clusters/Binding/ids.stamp
[683/1549] cc obj/third_party/connectedhomeip/third_party/uriparser/repo/src/uriparser.UriSetUserInfo.c.o
[684/1549] stamp obj/third_party/connectedhomeip/zzz_generated/app-common/clusters/BooleanStateConfiguration/ids.stamp
[685/1549] stamp obj/third_party/connectedhomeip/zzz_generated/app-common/clusters/CameraAvSettingsUserLevelManagement/ids.stamp
[686/1549] stamp obj/third_party/connectedhomeip/zzz_generated/app-common/clusters/BridgedDeviceBasicInformation/ids.stamp
[687/1549] stamp obj/third_party/connectedhomeip/zzz_generated/app-common/clusters/CameraAvStreamManagement/ids.stamp
[688/1549] stamp obj/third_party/connectedhomeip/zzz_generated/app-common/clusters/CarbonDioxideConcentrationMeasurement/ids.stamp
[689/1549] stamp obj/third_party/connectedhomeip/zzz_generated/app-common/clusters/CarbonMonoxideConcentrationMeasurement/ids.stamp
[690/1549] stamp obj/third_party/connectedhomeip/zzz_generated/app-common/clusters/Channel/ids.stamp
[691/1549] stamp obj/third_party/connectedhomeip/zzz_generated/app-common/clusters/Chime/ids.stamp
[692/1549] stamp obj/third_party/connectedhomeip/zzz_generated/app-common/clusters/ClosureControl/ids.stamp
[693/1549] stamp obj/third_party/connectedhomeip/zzz_generated/app-common/clusters/ClosureDimension/ids.stamp
[694/1549] stamp obj/third_party/connectedhomeip/zzz_generated/app-common/clusters/ColorControl/ids.stamp
[695/1549] stamp obj/third_party/connectedhomeip/zzz_generated/app-common/clusters/CommodityMetering/ids.stamp
[696/1549] stamp obj/third_party/connectedhomeip/zzz_generated/app-common/clusters/CommissionerControl/ids.stamp
[697/1549] stamp obj/third_party/connectedhomeip/zzz_generated/app-common/clusters/CommodityPrice/ids.stamp
[698/1549] c++ obj/third_party/connectedhomeip/src/transport/raw/libRawTransport.UDP.cpp.o
[699/1549] stamp obj/third_party/connectedhomeip/zzz_generated/app-common/clusters/CommodityTariff/ids.stamp
[700/1549] stamp obj/third_party/connectedhomeip/zzz_generated/app-common/clusters/ContentAppObserver/ids.stamp
[701/1549] stamp obj/third_party/connectedhomeip/zzz_generated/app-common/clusters/ContentControl/ids.stamp
[702/1549] stamp obj/third_party/connectedhomeip/zzz_generated/app-common/clusters/ContentLauncher/ids.stamp
[703/1549] stamp obj/third_party/connectedhomeip/zzz_generated/app-common/clusters/Descriptor/ids.stamp
[704/1549] stamp obj/third_party/connectedhomeip/zzz_generated/app-common/clusters/DeviceEnergyManagement/ids.stamp
[705/1549] stamp obj/third_party/connectedhomeip/zzz_generated/app-common/clusters/DeviceEnergyManagementMode/ids.stamp
[706/1549] stamp obj/third_party/connectedhomeip/zzz_generated/app-common/clusters/DiagnosticLogs/ids.stamp
[707/1549] stamp obj/third_party/connectedhomeip/zzz_generated/app-common/clusters/DishwasherAlarm/ids.stamp
[708/1549] stamp obj/third_party/connectedhomeip/zzz_generated/app-common/clusters/DishwasherMode/ids.stamp
[709/1549] stamp obj/third_party/connectedhomeip/zzz_generated/app-common/clusters/DoorLock/ids.stamp
[710/1549] stamp obj/third_party/connectedhomeip/zzz_generated/app-common/clusters/DynamicLighting/ids.stamp
[711/1549] stamp obj/third_party/connectedhomeip/zzz_generated/app-common/clusters/EcosystemInformation/ids.stamp
[712/1549] stamp obj/third_party/connectedhomeip/zzz_generated/app-common/clusters/ElectricalAlarm/ids.stamp
[713/1549] stamp obj/third_party/connectedhomeip/zzz_generated/app-common/clusters/ElectricalDistribution/ids.stamp
[714/1549] stamp obj/third_party/connectedhomeip/zzz_generated/app-common/clusters/ElectricalGridConditions/ids.stamp
[715/1549] stamp obj/third_party/connectedhomeip/zzz_generated/app-common/clusters/ElectricalEnergyMeasurement/ids.stamp
[716/1549] stamp obj/third_party/connectedhomeip/zzz_generated/app-common/clusters/ElectricalPowerMeasurement/ids.stamp
[717/1549] stamp obj/third_party/connectedhomeip/zzz_generated/app-common/clusters/ElectricalProtectionAlarm/ids.stamp
[718/1549] cc obj/third_party/connectedhomeip/third_party/uriparser/repo/src/uriparser.UriShorten.c.o
[719/1549] stamp obj/third_party/connectedhomeip/zzz_generated/app-common/clusters/EnergyEvse/ids.stamp
[720/1549] stamp obj/third_party/connectedhomeip/zzz_generated/app-common/clusters/EnergyPreference/ids.stamp
[721/1549] stamp obj/third_party/connectedhomeip/zzz_generated/app-common/clusters/EnergyEvseMode/ids.stamp
[722/1549] stamp obj/third_party/connectedhomeip/zzz_generated/app-common/clusters/EthernetNetworkDiagnostics/ids.stamp
[723/1549] stamp obj/third_party/connectedhomeip/zzz_generated/app-common/clusters/FaultInjection/ids.stamp
[724/1549] stamp obj/third_party/connectedhomeip/zzz_generated/app-common/clusters/FanControl/ids.stamp
[725/1549] stamp obj/third_party/connectedhomeip/zzz_generated/app-common/clusters/FixedLabel/ids.stamp
[726/1549] stamp obj/third_party/connectedhomeip/zzz_generated/app-common/clusters/FlowMeasurement/ids.stamp
[727/1549] stamp obj/third_party/connectedhomeip/zzz_generated/app-common/clusters/GeneralCommissioning/ids.stamp
[728/1549] stamp obj/third_party/connectedhomeip/zzz_generated/app-common/clusters/FormaldehydeConcentrationMeasurement/ids.stamp
[729/1549] stamp obj/third_party/connectedhomeip/zzz_generated/app-common/clusters/GeneralDiagnostics/ids.stamp
[730/1549] stamp obj/third_party/connectedhomeip/zzz_generated/app-common/clusters/GroupKeyManagement/ids.stamp
[731/1549] stamp obj/third_party/connectedhomeip/zzz_generated/app-common/clusters/Groupcast/ids.stamp
[732/1549] stamp obj/third_party/connectedhomeip/zzz_generated/app-common/clusters/Groups/ids.stamp
[733/1549] stamp obj/third_party/connectedhomeip/zzz_generated/app-common/clusters/HepaFilterMonitoring/ids.stamp
[734/1549] stamp obj/third_party/connectedhomeip/zzz_generated/app-common/clusters/Humidistat/ids.stamp
[735/1549] stamp obj/third_party/connectedhomeip/zzz_generated/app-common/clusters/IcdManagement/ids.stamp
[736/1549] stamp obj/third_party/connectedhomeip/zzz_generated/app-common/clusters/IlluminanceMeasurement/ids.stamp
[737/1549] stamp obj/third_party/connectedhomeip/zzz_generated/app-common/clusters/Identify/ids.stamp
[738/1549] stamp obj/third_party/connectedhomeip/zzz_generated/app-common/clusters/JointFabricAdministrator/ids.stamp
[739/1549] stamp obj/third_party/connectedhomeip/zzz_generated/app-common/clusters/JointFabricDatastore/ids.stamp
[740/1549] stamp obj/third_party/connectedhomeip/zzz_generated/app-common/clusters/KeypadInput/ids.stamp
[741/1549] stamp obj/third_party/connectedhomeip/zzz_generated/app-common/clusters/LaundryDryerControls/ids.stamp
[742/1549] stamp obj/third_party/connectedhomeip/zzz_generated/app-common/clusters/LaundryWasherMode/ids.stamp
[743/1549] stamp obj/third_party/connectedhomeip/zzz_generated/app-common/clusters/LaundryWasherControls/ids.stamp
[744/1549] stamp obj/third_party/connectedhomeip/zzz_generated/app-common/clusters/LevelControl/ids.stamp
[745/1549] stamp obj/third_party/connectedhomeip/zzz_generated/app-common/clusters/LocalizationConfiguration/ids.stamp
[746/1549] stamp obj/third_party/connectedhomeip/zzz_generated/app-common/clusters/LowPower/ids.stamp
[747/1549] stamp obj/third_party/connectedhomeip/zzz_generated/app-common/clusters/MediaInput/ids.stamp
[748/1549] stamp obj/third_party/connectedhomeip/zzz_generated/app-common/clusters/MediaPlayback/ids.stamp
[749/1549] stamp obj/third_party/connectedhomeip/zzz_generated/app-common/clusters/Messages/ids.stamp
[750/1549] ar uriparser.a
[751/1549] stamp obj/third_party/connectedhomeip/zzz_generated/app-common/clusters/MeterIdentification/ids.stamp
[752/1549] stamp obj/third_party/connectedhomeip/zzz_generated/app-common/clusters/MicrowaveOvenControl/ids.stamp
[753/1549] stamp obj/third_party/connectedhomeip/zzz_generated/app-common/clusters/MicrowaveOvenMode/ids.stamp
[754/1549] stamp obj/third_party/connectedhomeip/zzz_generated/app-common/clusters/ModeSelect/ids.stamp
[755/1549] stamp obj/third_party/connectedhomeip/zzz_generated/app-common/clusters/NetworkCommissioning/ids.stamp
[756/1549] stamp obj/third_party/connectedhomeip/zzz_generated/app-common/clusters/NetworkIdentityManagement/ids.stamp
[757/1549] stamp obj/third_party/connectedhomeip/zzz_generated/app-common/clusters/NitrogenDioxideConcentrationMeasurement/ids.stamp
[758/1549] stamp obj/third_party/connectedhomeip/zzz_generated/app-common/clusters/OccupancySensing/ids.stamp
[759/1549] stamp obj/third_party/connectedhomeip/zzz_generated/app-common/clusters/OnOff/ids.stamp
[760/1549] stamp obj/third_party/connectedhomeip/zzz_generated/app-common/clusters/OperationalCredentials/ids.stamp
[761/1549] stamp obj/third_party/connectedhomeip/zzz_generated/app-common/clusters/OtaSoftwareUpdateRequestor/ids.stamp
[762/1549] stamp obj/third_party/connectedhomeip/zzz_generated/app-common/clusters/OperationalState/ids.stamp
[763/1549] stamp obj/third_party/connectedhomeip/zzz_generated/app-common/clusters/OtaSoftwareUpdateProvider/ids.stamp
[764/1549] stamp obj/third_party/connectedhomeip/zzz_generated/app-common/clusters/OvenCavityOperationalState/ids.stamp
[765/1549] stamp obj/third_party/connectedhomeip/zzz_generated/app-common/clusters/OvenMode/ids.stamp
[766/1549] stamp obj/third_party/connectedhomeip/zzz_generated/app-common/clusters/OzoneConcentrationMeasurement/ids.stamp
[767/1549] stamp obj/third_party/connectedhomeip/zzz_generated/app-common/clusters/Pm10ConcentrationMeasurement/ids.stamp
[768/1549] stamp obj/third_party/connectedhomeip/zzz_generated/app-common/clusters/Pm1ConcentrationMeasurement/ids.stamp
[769/1549] stamp obj/third_party/connectedhomeip/zzz_generated/app-common/clusters/Pm25ConcentrationMeasurement/ids.stamp
[770/1549] stamp obj/third_party/connectedhomeip/zzz_generated/app-common/clusters/PowerSource/ids.stamp
[771/1549] stamp obj/third_party/connectedhomeip/zzz_generated/app-common/clusters/PowerSourceConfiguration/ids.stamp
[772/1549] stamp obj/third_party/connectedhomeip/zzz_generated/app-common/clusters/PowerTopology/ids.stamp
[773/1549] stamp obj/third_party/connectedhomeip/zzz_generated/app-common/clusters/ProximityRanging/ids.stamp
[774/1549] stamp obj/third_party/connectedhomeip/zzz_generated/app-common/clusters/PressureMeasurement/ids.stamp
[775/1549] stamp obj/third_party/connectedhomeip/zzz_generated/app-common/clusters/ProxyConfiguration/ids.stamp
[776/1549] stamp obj/third_party/connectedhomeip/zzz_generated/app-common/clusters/ProxyDiscovery/ids.stamp
[777/1549] stamp obj/third_party/connectedhomeip/zzz_generated/app-common/clusters/ProxyValid/ids.stamp
[778/1549] stamp obj/third_party/connectedhomeip/zzz_generated/app-common/clusters/PulseWidthModulation/ids.stamp
[779/1549] stamp obj/third_party/connectedhomeip/zzz_generated/app-common/clusters/PumpConfigurationAndControl/ids.stamp
[780/1549] stamp obj/third_party/connectedhomeip/zzz_generated/app-common/clusters/PushAvStreamTransport/ids.stamp
[781/1549] stamp obj/third_party/connectedhomeip/zzz_generated/app-common/clusters/RefrigeratorAlarm/ids.stamp
[782/1549] stamp obj/third_party/connectedhomeip/zzz_generated/app-common/clusters/RefrigeratorAndTemperatureControlledCabinetMode/ids.stamp
[783/1549] stamp obj/third_party/connectedhomeip/zzz_generated/app-common/clusters/RadonConcentrationMeasurement/ids.stamp
[784/1549] stamp obj/third_party/connectedhomeip/zzz_generated/app-common/clusters/RelativeHumidityMeasurement/ids.stamp
[785/1549] stamp obj/third_party/connectedhomeip/zzz_generated/app-common/clusters/RvcOperationalState/ids.stamp
[786/1549] stamp obj/third_party/connectedhomeip/zzz_generated/app-common/clusters/RvcRunMode/ids.stamp
[787/1549] stamp obj/third_party/connectedhomeip/zzz_generated/app-common/clusters/RvcCleanMode/ids.stamp
[788/1549] stamp obj/third_party/connectedhomeip/zzz_generated/app-common/clusters/SampleMei/ids.stamp
[789/1549] stamp obj/third_party/connectedhomeip/zzz_generated/app-common/clusters/ScenesManagement/ids.stamp
[790/1549] stamp obj/third_party/connectedhomeip/zzz_generated/app-common/clusters/SmokeCoAlarm/ids.stamp
[791/1549] stamp obj/third_party/connectedhomeip/zzz_generated/app-common/clusters/SmokeConcentrationMeasurement/ids.stamp
[792/1549] stamp obj/third_party/connectedhomeip/zzz_generated/app-common/clusters/ServiceArea/ids.stamp
[793/1549] stamp obj/third_party/connectedhomeip/zzz_generated/app-common/clusters/SoftwareDiagnostics/ids.stamp
[794/1549] stamp obj/third_party/connectedhomeip/zzz_generated/app-common/clusters/SoilMeasurement/ids.stamp
[795/1549] stamp obj/third_party/connectedhomeip/zzz_generated/app-common/clusters/Switch/ids.stamp
[796/1549] stamp obj/third_party/connectedhomeip/zzz_generated/app-common/clusters/TemperatureControl/ids.stamp
[797/1549] stamp obj/third_party/connectedhomeip/zzz_generated/app-common/clusters/TemperatureControlledCabinetTopology/ids.stamp
[798/1549] stamp obj/third_party/connectedhomeip/zzz_generated/app-common/clusters/TemperatureMeasurement/ids.stamp
[799/1549] stamp obj/third_party/connectedhomeip/zzz_generated/app-common/clusters/TargetNavigator/ids.stamp
[800/1549] stamp obj/third_party/connectedhomeip/zzz_generated/app-common/clusters/Thermostat/ids.stamp
[801/1549] stamp obj/third_party/connectedhomeip/zzz_generated/app-common/clusters/ThreadBorderRouterManagement/ids.stamp
[802/1549] stamp obj/third_party/connectedhomeip/zzz_generated/app-common/clusters/ThermostatUserInterfaceConfiguration/ids.stamp
[803/1549] stamp obj/third_party/connectedhomeip/zzz_generated/app-common/clusters/ThreadNetworkDiagnostics/ids.stamp
[804/1549] stamp obj/third_party/connectedhomeip/zzz_generated/app-common/clusters/ThreadNetworkDirectory/ids.stamp
[805/1549] stamp obj/third_party/connectedhomeip/zzz_generated/app-common/clusters/TimeFormatLocalization/ids.stamp
[806/1549] stamp obj/third_party/connectedhomeip/zzz_generated/app-common/clusters/TimeSynchronization/ids.stamp
[807/1549] stamp obj/third_party/connectedhomeip/zzz_generated/app-common/clusters/TlsCertificateManagement/ids.stamp
[808/1549] stamp obj/third_party/connectedhomeip/zzz_generated/app-common/clusters/TlsClientManagement/ids.stamp
[809/1549] stamp obj/third_party/connectedhomeip/zzz_generated/app-common/clusters/TotalVolatileOrganicCompoundsConcentrationMeasurement/ids.stamp
[810/1549] stamp obj/third_party/connectedhomeip/zzz_generated/app-common/clusters/UnitTesting/ids.stamp
[811/1549] stamp obj/third_party/connectedhomeip/zzz_generated/app-common/clusters/UnitLocalization/ids.stamp
[812/1549] stamp obj/third_party/connectedhomeip/zzz_generated/app-common/clusters/UserLabel/ids.stamp
[813/1549] stamp obj/third_party/connectedhomeip/zzz_generated/app-common/clusters/ValveConfigurationAndControl/ids.stamp
[814/1549] stamp obj/third_party/connectedhomeip/zzz_generated/app-common/clusters/WakeOnLan/ids.stamp
[815/1549] stamp obj/third_party/connectedhomeip/zzz_generated/app-common/clusters/WebRTCTransportProvider/ids.stamp
[816/1549] stamp obj/third_party/connectedhomeip/zzz_generated/app-common/clusters/WaterHeaterManagement/ids.stamp
[817/1549] stamp obj/third_party/connectedhomeip/zzz_generated/app-common/clusters/WaterHeaterMode/ids.stamp
[818/1549] stamp obj/third_party/connectedhomeip/zzz_generated/app-common/clusters/WaterTankLevelMonitoring/ids.stamp
[819/1549] stamp obj/third_party/connectedhomeip/zzz_generated/app-common/clusters/WebRTCTransportRequestor/ids.stamp
[820/1549] stamp obj/third_party/connectedhomeip/zzz_generated/app-common/clusters/WiFiNetworkDiagnostics/ids.stamp
[821/1549] stamp obj/third_party/connectedhomeip/zzz_generated/app-common/clusters/WiFiNetworkManagement/ids.stamp
[822/1549] stamp obj/third_party/connectedhomeip/zzz_generated/app-common/clusters/WindowCovering/ids.stamp
[823/1549] stamp obj/third_party/connectedhomeip/zzz_generated/app-common/clusters/ZoneManagement/ids.stamp
[824/1549] stamp obj/third_party/connectedhomeip/zzz_generated/app-common/clusters/shared/enums.stamp
[825/1549] stamp obj/third_party/connectedhomeip/zzz_generated/app-common/clusters/all-ids.stamp
[826/1549] stamp obj/third_party/connectedhomeip/zzz_generated/app-common/clusters/AccessControl/enums.stamp
[827/1549] stamp obj/third_party/connectedhomeip/zzz_generated/app-common/clusters/AccountLogin/enums.stamp
[828/1549] stamp obj/third_party/connectedhomeip/zzz_generated/app-common/clusters/Actions/enums.stamp
[829/1549] stamp obj/third_party/connectedhomeip/src/app/common/ids.stamp
[830/1549] stamp obj/third_party/connectedhomeip/zzz_generated/app-common/clusters/ActivatedCarbonFilterMonitoring/enums.stamp
[831/1549] stamp obj/third_party/connectedhomeip/zzz_generated/app-common/clusters/AdministratorCommissioning/enums.stamp
[832/1549] stamp obj/third_party/connectedhomeip/zzz_generated/app-common/clusters/AirQuality/enums.stamp
[833/1549] stamp obj/third_party/connectedhomeip/zzz_generated/app-common/clusters/AmbientContextSensing/enums.stamp
[834/1549] stamp obj/third_party/connectedhomeip/zzz_generated/app-common/clusters/AmbientSensingUnion/enums.stamp
[835/1549] stamp obj/third_party/connectedhomeip/zzz_generated/app-common/clusters/ApplicationBasic/enums.stamp
[836/1549] stamp obj/third_party/connectedhomeip/zzz_generated/app-common/clusters/ApplicationLauncher/enums.stamp
[837/1549] stamp obj/third_party/connectedhomeip/zzz_generated/app-common/clusters/AudioOutput/enums.stamp
[838/1549] stamp obj/third_party/connectedhomeip/zzz_generated/app-common/clusters/AvAnalysis/enums.stamp
[839/1549] stamp obj/third_party/connectedhomeip/zzz_generated/app-common/clusters/BallastConfiguration/enums.stamp
[840/1549] stamp obj/third_party/connectedhomeip/zzz_generated/app-common/clusters/BasicInformation/enums.stamp
[841/1549] stamp obj/third_party/connectedhomeip/zzz_generated/app-common/clusters/Binding/enums.stamp
[842/1549] stamp obj/third_party/connectedhomeip/zzz_generated/app-common/clusters/BooleanState/enums.stamp
[843/1549] stamp obj/third_party/connectedhomeip/zzz_generated/app-common/clusters/BooleanStateConfiguration/enums.stamp
[844/1549] stamp obj/third_party/connectedhomeip/zzz_generated/app-common/clusters/BridgedDeviceBasicInformation/enums.stamp
[845/1549] stamp obj/third_party/connectedhomeip/zzz_generated/app-common/clusters/CameraAvSettingsUserLevelManagement/enums.stamp
[846/1549] stamp obj/third_party/connectedhomeip/zzz_generated/app-common/clusters/CameraAvStreamManagement/enums.stamp
[847/1549] stamp obj/third_party/connectedhomeip/zzz_generated/app-common/clusters/CarbonDioxideConcentrationMeasurement/enums.stamp
[848/1549] stamp obj/third_party/connectedhomeip/zzz_generated/app-common/clusters/CarbonMonoxideConcentrationMeasurement/enums.stamp
[849/1549] stamp obj/third_party/connectedhomeip/zzz_generated/app-common/clusters/Channel/enums.stamp
[850/1549] stamp obj/third_party/connectedhomeip/zzz_generated/app-common/clusters/Chime/enums.stamp
[851/1549] stamp obj/third_party/connectedhomeip/zzz_generated/app-common/clusters/ClosureControl/enums.stamp
[852/1549] stamp obj/third_party/connectedhomeip/zzz_generated/app-common/clusters/ClosureDimension/enums.stamp
[853/1549] stamp obj/third_party/connectedhomeip/zzz_generated/app-common/clusters/ColorControl/enums.stamp
[854/1549] stamp obj/third_party/connectedhomeip/zzz_generated/app-common/clusters/CommissionerControl/enums.stamp
[855/1549] stamp obj/third_party/connectedhomeip/zzz_generated/app-common/clusters/CommodityMetering/enums.stamp
[856/1549] stamp obj/third_party/connectedhomeip/zzz_generated/app-common/clusters/CommodityPrice/enums.stamp
[857/1549] stamp obj/third_party/connectedhomeip/zzz_generated/app-common/clusters/CommodityTariff/enums.stamp
[858/1549] stamp obj/third_party/connectedhomeip/zzz_generated/app-common/clusters/ContentAppObserver/enums.stamp
[859/1549] stamp obj/third_party/connectedhomeip/zzz_generated/app-common/clusters/ContentControl/enums.stamp
[860/1549] stamp obj/third_party/connectedhomeip/zzz_generated/app-common/clusters/ContentLauncher/enums.stamp
[861/1549] stamp obj/third_party/connectedhomeip/zzz_generated/app-common/clusters/Descriptor/enums.stamp
[862/1549] stamp obj/third_party/connectedhomeip/zzz_generated/app-common/clusters/DeviceEnergyManagement/enums.stamp
[863/1549] stamp obj/third_party/connectedhomeip/zzz_generated/app-common/clusters/DeviceEnergyManagementMode/enums.stamp
[864/1549] stamp obj/third_party/connectedhomeip/zzz_generated/app-common/clusters/DiagnosticLogs/enums.stamp
[865/1549] stamp obj/third_party/connectedhomeip/zzz_generated/app-common/clusters/DishwasherAlarm/enums.stamp
[866/1549] stamp obj/third_party/connectedhomeip/zzz_generated/app-common/clusters/DishwasherMode/enums.stamp
[867/1549] stamp obj/third_party/connectedhomeip/zzz_generated/app-common/clusters/DoorLock/enums.stamp
[868/1549] stamp obj/third_party/connectedhomeip/zzz_generated/app-common/clusters/DynamicLighting/enums.stamp
[869/1549] stamp obj/third_party/connectedhomeip/zzz_generated/app-common/clusters/EcosystemInformation/enums.stamp
[870/1549] stamp obj/third_party/connectedhomeip/zzz_generated/app-common/clusters/ElectricalAlarm/enums.stamp
[871/1549] stamp obj/third_party/connectedhomeip/zzz_generated/app-common/clusters/ElectricalDistribution/enums.stamp
[872/1549] stamp obj/third_party/connectedhomeip/zzz_generated/app-common/clusters/ElectricalEnergyMeasurement/enums.stamp
[873/1549] stamp obj/third_party/connectedhomeip/zzz_generated/app-common/clusters/ElectricalPowerMeasurement/enums.stamp
[874/1549] stamp obj/third_party/connectedhomeip/zzz_generated/app-common/clusters/ElectricalProtectionAlarm/enums.stamp
[875/1549] stamp obj/third_party/connectedhomeip/zzz_generated/app-common/clusters/EnergyEvse/enums.stamp
[876/1549] stamp obj/third_party/connectedhomeip/zzz_generated/app-common/clusters/EnergyEvseMode/enums.stamp
[877/1549] stamp obj/third_party/connectedhomeip/zzz_generated/app-common/clusters/ElectricalGridConditions/enums.stamp
[878/1549] stamp obj/third_party/connectedhomeip/zzz_generated/app-common/clusters/EnergyPreference/enums.stamp
[879/1549] stamp obj/third_party/connectedhomeip/zzz_generated/app-common/clusters/EthernetNetworkDiagnostics/enums.stamp
[880/1549] stamp obj/third_party/connectedhomeip/zzz_generated/app-common/clusters/FanControl/enums.stamp
[881/1549] stamp obj/third_party/connectedhomeip/zzz_generated/app-common/clusters/FaultInjection/enums.stamp
[882/1549] stamp obj/third_party/connectedhomeip/zzz_generated/app-common/clusters/FixedLabel/enums.stamp
[883/1549] stamp obj/third_party/connectedhomeip/zzz_generated/app-common/clusters/FlowMeasurement/enums.stamp
[884/1549] stamp obj/third_party/connectedhomeip/zzz_generated/app-common/clusters/FormaldehydeConcentrationMeasurement/enums.stamp
[885/1549] stamp obj/third_party/connectedhomeip/zzz_generated/app-common/clusters/GeneralCommissioning/enums.stamp
[886/1549] stamp obj/third_party/connectedhomeip/zzz_generated/app-common/clusters/GeneralDiagnostics/enums.stamp
[887/1549] stamp obj/third_party/connectedhomeip/zzz_generated/app-common/clusters/GroupKeyManagement/enums.stamp
[888/1549] stamp obj/third_party/connectedhomeip/zzz_generated/app-common/clusters/Groupcast/enums.stamp
[889/1549] stamp obj/third_party/connectedhomeip/zzz_generated/app-common/clusters/Groups/enums.stamp
[890/1549] stamp obj/third_party/connectedhomeip/zzz_generated/app-common/clusters/HepaFilterMonitoring/enums.stamp
[891/1549] stamp obj/third_party/connectedhomeip/zzz_generated/app-common/clusters/Humidistat/enums.stamp
[892/1549] stamp obj/third_party/connectedhomeip/zzz_generated/app-common/clusters/IcdManagement/enums.stamp
[893/1549] stamp obj/third_party/connectedhomeip/zzz_generated/app-common/clusters/Identify/enums.stamp
[894/1549] stamp obj/third_party/connectedhomeip/zzz_generated/app-common/clusters/IlluminanceMeasurement/enums.stamp
[895/1549] stamp obj/third_party/connectedhomeip/zzz_generated/app-common/clusters/JointFabricAdministrator/enums.stamp
[896/1549] stamp obj/third_party/connectedhomeip/zzz_generated/app-common/clusters/JointFabricDatastore/enums.stamp
[897/1549] stamp obj/third_party/connectedhomeip/zzz_generated/app-common/clusters/KeypadInput/enums.stamp
[898/1549] stamp obj/third_party/connectedhomeip/zzz_generated/app-common/clusters/LaundryDryerControls/enums.stamp
[899/1549] stamp obj/third_party/connectedhomeip/zzz_generated/app-common/clusters/LaundryWasherControls/enums.stamp
[900/1549] stamp obj/third_party/connectedhomeip/zzz_generated/app-common/clusters/LaundryWasherMode/enums.stamp
[901/1549] stamp obj/third_party/connectedhomeip/zzz_generated/app-common/clusters/LevelControl/enums.stamp
[902/1549] stamp obj/third_party/connectedhomeip/zzz_generated/app-common/clusters/LocalizationConfiguration/enums.stamp
[903/1549] stamp obj/third_party/connectedhomeip/zzz_generated/app-common/clusters/MediaInput/enums.stamp
[904/1549] stamp obj/third_party/connectedhomeip/zzz_generated/app-common/clusters/LowPower/enums.stamp
[905/1549] stamp obj/third_party/connectedhomeip/zzz_generated/app-common/clusters/MediaPlayback/enums.stamp
[906/1549] stamp obj/third_party/connectedhomeip/zzz_generated/app-common/clusters/Messages/enums.stamp
[907/1549] stamp obj/third_party/connectedhomeip/zzz_generated/app-common/clusters/MeterIdentification/enums.stamp
[908/1549] stamp obj/third_party/connectedhomeip/zzz_generated/app-common/clusters/MicrowaveOvenControl/enums.stamp
[909/1549] stamp obj/third_party/connectedhomeip/zzz_generated/app-common/clusters/ModeSelect/enums.stamp
[910/1549] stamp obj/third_party/connectedhomeip/zzz_generated/app-common/clusters/MicrowaveOvenMode/enums.stamp
[911/1549] stamp obj/third_party/connectedhomeip/zzz_generated/app-common/clusters/NetworkCommissioning/enums.stamp
[912/1549] stamp obj/third_party/connectedhomeip/zzz_generated/app-common/clusters/NetworkIdentityManagement/enums.stamp
[913/1549] stamp obj/third_party/connectedhomeip/zzz_generated/app-common/clusters/NitrogenDioxideConcentrationMeasurement/enums.stamp
[914/1549] stamp obj/third_party/connectedhomeip/zzz_generated/app-common/clusters/OccupancySensing/enums.stamp
[915/1549] stamp obj/third_party/connectedhomeip/zzz_generated/app-common/clusters/OnOff/enums.stamp
[916/1549] stamp obj/third_party/connectedhomeip/zzz_generated/app-common/clusters/OperationalState/enums.stamp
[917/1549] stamp obj/third_party/connectedhomeip/zzz_generated/app-common/clusters/OtaSoftwareUpdateProvider/enums.stamp
[918/1549] stamp obj/third_party/connectedhomeip/zzz_generated/app-common/clusters/OperationalCredentials/enums.stamp
[919/1549] stamp obj/third_party/connectedhomeip/zzz_generated/app-common/clusters/OvenCavityOperationalState/enums.stamp
[920/1549] stamp obj/third_party/connectedhomeip/zzz_generated/app-common/clusters/OtaSoftwareUpdateRequestor/enums.stamp
[921/1549] stamp obj/third_party/connectedhomeip/zzz_generated/app-common/clusters/OvenMode/enums.stamp
[922/1549] stamp obj/third_party/connectedhomeip/zzz_generated/app-common/clusters/OzoneConcentrationMeasurement/enums.stamp
[923/1549] stamp obj/third_party/connectedhomeip/zzz_generated/app-common/clusters/Pm10ConcentrationMeasurement/enums.stamp
[924/1549] stamp obj/third_party/connectedhomeip/zzz_generated/app-common/clusters/Pm1ConcentrationMeasurement/enums.stamp
[925/1549] stamp obj/third_party/connectedhomeip/zzz_generated/app-common/clusters/Pm25ConcentrationMeasurement/enums.stamp
[926/1549] stamp obj/third_party/connectedhomeip/zzz_generated/app-common/clusters/PowerSource/enums.stamp
[927/1549] stamp obj/third_party/connectedhomeip/zzz_generated/app-common/clusters/PowerSourceConfiguration/enums.stamp
[928/1549] stamp obj/third_party/connectedhomeip/zzz_generated/app-common/clusters/PowerTopology/enums.stamp
[929/1549] stamp obj/third_party/connectedhomeip/zzz_generated/app-common/clusters/PressureMeasurement/enums.stamp
[930/1549] stamp obj/third_party/connectedhomeip/zzz_generated/app-common/clusters/ProximityRanging/enums.stamp
[931/1549] stamp obj/third_party/connectedhomeip/zzz_generated/app-common/clusters/ProxyConfiguration/enums.stamp
[932/1549] stamp obj/third_party/connectedhomeip/zzz_generated/app-common/clusters/ProxyDiscovery/enums.stamp
[933/1549] stamp obj/third_party/connectedhomeip/zzz_generated/app-common/clusters/ProxyValid/enums.stamp
[934/1549] stamp obj/third_party/connectedhomeip/zzz_generated/app-common/clusters/PulseWidthModulation/enums.stamp
[935/1549] stamp obj/third_party/connectedhomeip/zzz_generated/app-common/clusters/PumpConfigurationAndControl/enums.stamp
[936/1549] stamp obj/third_party/connectedhomeip/zzz_generated/app-common/clusters/PushAvStreamTransport/enums.stamp
[937/1549] stamp obj/third_party/connectedhomeip/zzz_generated/app-common/clusters/RadonConcentrationMeasurement/enums.stamp
[938/1549] stamp obj/third_party/connectedhomeip/zzz_generated/app-common/clusters/RefrigeratorAlarm/enums.stamp
[939/1549] stamp obj/third_party/connectedhomeip/zzz_generated/app-common/clusters/RefrigeratorAndTemperatureControlledCabinetMode/enums.stamp
[940/1549] stamp obj/third_party/connectedhomeip/zzz_generated/app-common/clusters/RelativeHumidityMeasurement/enums.stamp
[941/1549] stamp obj/third_party/connectedhomeip/zzz_generated/app-common/clusters/RvcCleanMode/enums.stamp
[942/1549] stamp obj/third_party/connectedhomeip/zzz_generated/app-common/clusters/RvcOperationalState/enums.stamp
[943/1549] stamp obj/third_party/connectedhomeip/zzz_generated/app-common/clusters/RvcRunMode/enums.stamp
[944/1549] stamp obj/third_party/connectedhomeip/zzz_generated/app-common/clusters/SampleMei/enums.stamp
[945/1549] stamp obj/third_party/connectedhomeip/zzz_generated/app-common/clusters/ScenesManagement/enums.stamp
[946/1549] stamp obj/third_party/connectedhomeip/zzz_generated/app-common/clusters/ServiceArea/enums.stamp
[947/1549] stamp obj/third_party/connectedhomeip/zzz_generated/app-common/clusters/SmokeCoAlarm/enums.stamp
[948/1549] stamp obj/third_party/connectedhomeip/zzz_generated/app-common/clusters/SmokeConcentrationMeasurement/enums.stamp
[949/1549] stamp obj/third_party/connectedhomeip/zzz_generated/app-common/clusters/SoftwareDiagnostics/enums.stamp
[950/1549] stamp obj/third_party/connectedhomeip/zzz_generated/app-common/clusters/SoilMeasurement/enums.stamp
[951/1549] stamp obj/third_party/connectedhomeip/zzz_generated/app-common/clusters/TargetNavigator/enums.stamp
[952/1549] stamp obj/third_party/connectedhomeip/zzz_generated/app-common/clusters/Switch/enums.stamp
[953/1549] stamp obj/third_party/connectedhomeip/zzz_generated/app-common/clusters/TemperatureControl/enums.stamp
[954/1549] stamp obj/third_party/connectedhomeip/zzz_generated/app-common/clusters/TemperatureMeasurement/enums.stamp
[955/1549] stamp obj/third_party/connectedhomeip/zzz_generated/app-common/clusters/Thermostat/enums.stamp
[956/1549] stamp obj/third_party/connectedhomeip/zzz_generated/app-common/clusters/TemperatureControlledCabinetTopology/enums.stamp
[957/1549] stamp obj/third_party/connectedhomeip/zzz_generated/app-common/clusters/ThreadBorderRouterManagement/enums.stamp
[958/1549] stamp obj/third_party/connectedhomeip/zzz_generated/app-common/clusters/ThermostatUserInterfaceConfiguration/enums.stamp
[959/1549] stamp obj/third_party/connectedhomeip/zzz_generated/app-common/clusters/ThreadNetworkDiagnostics/enums.stamp
[960/1549] stamp obj/third_party/connectedhomeip/zzz_generated/app-common/clusters/ThreadNetworkDirectory/enums.stamp
[961/1549] stamp obj/third_party/connectedhomeip/zzz_generated/app-common/clusters/TimeFormatLocalization/enums.stamp
[962/1549] stamp obj/third_party/connectedhomeip/zzz_generated/app-common/clusters/TimeSynchronization/enums.stamp
[963/1549] stamp obj/third_party/connectedhomeip/zzz_generated/app-common/clusters/TlsCertificateManagement/enums.stamp
[964/1549] stamp obj/third_party/connectedhomeip/zzz_generated/app-common/clusters/TlsClientManagement/enums.stamp
[965/1549] stamp obj/third_party/connectedhomeip/zzz_generated/app-common/clusters/TotalVolatileOrganicCompoundsConcentrationMeasurement/enums.stamp
[966/1549] stamp obj/third_party/connectedhomeip/zzz_generated/app-common/clusters/UnitLocalization/enums.stamp
[967/1549] stamp obj/third_party/connectedhomeip/zzz_generated/app-common/clusters/UnitTesting/enums.stamp
[968/1549] stamp obj/third_party/connectedhomeip/zzz_generated/app-common/clusters/UserLabel/enums.stamp
[969/1549] stamp obj/third_party/connectedhomeip/zzz_generated/app-common/clusters/ValveConfigurationAndControl/enums.stamp
[970/1549] stamp obj/third_party/connectedhomeip/zzz_generated/app-common/clusters/WakeOnLan/enums.stamp
[971/1549] stamp obj/third_party/connectedhomeip/zzz_generated/app-common/clusters/WaterHeaterManagement/enums.stamp
[972/1549] stamp obj/third_party/connectedhomeip/zzz_generated/app-common/clusters/WaterHeaterMode/enums.stamp
[973/1549] stamp obj/third_party/connectedhomeip/zzz_generated/app-common/clusters/WaterTankLevelMonitoring/enums.stamp
[974/1549] stamp obj/third_party/connectedhomeip/zzz_generated/app-common/clusters/WebRTCTransportProvider/enums.stamp
[975/1549] stamp obj/third_party/connectedhomeip/zzz_generated/app-common/clusters/WebRTCTransportRequestor/enums.stamp
[976/1549] stamp obj/third_party/connectedhomeip/zzz_generated/app-common/clusters/WiFiNetworkManagement/enums.stamp
[977/1549] stamp obj/third_party/connectedhomeip/zzz_generated/app-common/clusters/WiFiNetworkDiagnostics/enums.stamp
[978/1549] stamp obj/third_party/connectedhomeip/zzz_generated/app-common/clusters/WindowCovering/enums.stamp
[979/1549] stamp obj/third_party/connectedhomeip/zzz_generated/app-common/clusters/ZoneManagement/enums.stamp
[980/1549] stamp obj/third_party/connectedhomeip/zzz_generated/app-common/clusters/all-enums.stamp
[981/1549] stamp obj/third_party/connectedhomeip/src/app/common/enums.stamp
[982/1549] ar libSupportLayer.a
[983/1549] stamp obj/third_party/connectedhomeip/src/lib/dnssd/constants.stamp
[984/1549] ar tracing.a
[985/1549] stamp obj/third_party/connectedhomeip/src/tracing/macros.stamp
[986/1549] ar libSystemLayer.a
[987/1549] ar libInetLayer.a
[988/1549] ar libSecureChannelTypes.a
[989/1549] stamp obj/third_party/connectedhomeip/src/lib/dnssd/minimal_mdns/address_policy.stamp
[990/1549] ar libChipCore.a
[991/1549] ar default_policy.a
[992/1549] stamp obj/third_party/connectedhomeip/src/access/types.stamp
[993/1549] stamp obj/third_party/connectedhomeip/src/app/constants.stamp
[994/1549] stamp obj/third_party/connectedhomeip/src/app/storage-wrapper.stamp
[995/1549] stamp obj/third_party/connectedhomeip/src/app/subscription-info-provider.stamp
[996/1549] ar libASN1.a
[997/1549] stamp obj/third_party/connectedhomeip/src/app/data-model-provider/metadata.stamp
[998/1549] stamp obj/third_party/connectedhomeip/src/lib/dnssd/naming.stamp
[999/1549] stamp obj/third_party/connectedhomeip/src/lib/support/arg_parser.stamp
[1000/1549] stamp obj/third_party/connectedhomeip/src/lib/support/numeric-primitives.stamp
[1001/1549] stamp obj/third_party/connectedhomeip/src/crypto/public_headers.stamp
[1002/1549] stamp obj/third_party/connectedhomeip/src/lib/support/timer-delegate.stamp
[1003/1549] stamp obj/third_party/connectedhomeip/src/lib/dnssd/platform_header.stamp
[1004/1549] stamp obj/third_party/connectedhomeip/src/messaging/configurations.stamp
[1005/1549] stamp obj/third_party/connectedhomeip/src/app/data-model/nullable.stamp
[1006/1549] stamp obj/third_party/connectedhomeip/src/app/util/types.stamp
[1007/1549] stamp obj/third_party/connectedhomeip/src/crypto/cryptopal_psa.stamp
[1008/1549] ar libInteractionModel.a
[1009/1549] stamp obj/third_party/connectedhomeip/zzz_generated/app-common/clusters/AccessControl/metadata.stamp
[1010/1549] stamp obj/third_party/connectedhomeip/src/app/cluster-building-blocks/cluster-building-blocks.stamp
[1011/1549] stamp obj/third_party/connectedhomeip/src/app/paths.stamp
[1012/1549] stamp obj/third_party/connectedhomeip/zzz_generated/app-common/clusters/AccountLogin/metadata.stamp
[1013/1549] stamp obj/third_party/connectedhomeip/zzz_generated/app-common/clusters/Actions/metadata.stamp
[1014/1549] stamp obj/third_party/connectedhomeip/zzz_generated/app-common/clusters/ActivatedCarbonFilterMonitoring/metadata.stamp
[1015/1549] stamp obj/third_party/connectedhomeip/src/app/attribute-persistence.stamp
[1016/1549] c++ obj/third_party/connectedhomeip/src/transport/libTransportLayer.SessionManager.cpp.o
[1017/1549] ar libChipCrypto.a
[1018/1549] stamp obj/third_party/connectedhomeip/src/app/data-model/data-model.stamp
[1019/1549] stamp obj/third_party/connectedhomeip/zzz_generated/app-common/clusters/AdministratorCommissioning/metadata.stamp
[1020/1549] stamp obj/third_party/connectedhomeip/zzz_generated/app-common/clusters/AirQuality/metadata.stamp
[1021/1549] stamp obj/third_party/connectedhomeip/zzz_generated/app-common/clusters/AmbientContextSensing/metadata.stamp
[1022/1549] stamp obj/third_party/connectedhomeip/zzz_generated/app-common/clusters/AmbientSensingUnion/metadata.stamp
[1023/1549] stamp obj/third_party/connectedhomeip/src/protocols/secure_channel/check-in-counter.stamp
[1024/1549] stamp obj/third_party/connectedhomeip/src/app/events.stamp
[1025/1549] stamp obj/third_party/connectedhomeip/src/app/data-model-provider/core.stamp
[1026/1549] stamp obj/third_party/connectedhomeip/src/app/data-model/encode-decode.stamp
[1027/1549] stamp obj/third_party/connectedhomeip/zzz_generated/app-common/clusters/ApplicationBasic/metadata.stamp
[1028/1549] stamp obj/third_party/connectedhomeip/src/protocols/secure_channel/check-in-message.stamp
[1029/1549] stamp obj/third_party/connectedhomeip/src/setup_payload/additional_data_payload.stamp
[1030/1549] stamp obj/third_party/connectedhomeip/zzz_generated/app-common/clusters/ApplicationLauncher/metadata.stamp
[1031/1549] stamp obj/third_party/connectedhomeip/zzz_generated/app-common/clusters/AudioOutput/metadata.stamp
[1032/1549] stamp obj/third_party/connectedhomeip/zzz_generated/app-common/clusters/AvAnalysis/metadata.stamp
[1033/1549] stamp obj/third_party/connectedhomeip/zzz_generated/app-common/clusters/BallastConfiguration/metadata.stamp
[1034/1549] stamp obj/third_party/connectedhomeip/zzz_generated/app-common/clusters/BasicInformation/metadata.stamp
[1035/1549] stamp obj/third_party/connectedhomeip/src/platform/platform_base.stamp
[1036/1549] stamp obj/third_party/connectedhomeip/zzz_generated/app-common/clusters/Binding/metadata.stamp
[1037/1549] stamp obj/third_party/connectedhomeip/zzz_generated/app-common/clusters/BooleanState/metadata.stamp
[1038/1549] stamp obj/third_party/connectedhomeip/zzz_generated/app-common/clusters/BooleanStateConfiguration/metadata.stamp
[1039/1549] stamp obj/third_party/connectedhomeip/zzz_generated/app-common/clusters/BridgedDeviceBasicInformation/metadata.stamp
[1040/1549] stamp obj/third_party/connectedhomeip/src/platform/ESP32/logging.stamp
[1041/1549] stamp obj/third_party/connectedhomeip/zzz_generated/app-common/clusters/CameraAvSettingsUserLevelManagement/metadata.stamp
[1042/1549] stamp obj/third_party/connectedhomeip/zzz_generated/app-common/clusters/CameraAvStreamManagement/metadata.stamp
[1043/1549] stamp obj/third_party/connectedhomeip/zzz_generated/app-common/clusters/CarbonDioxideConcentrationMeasurement/metadata.stamp
[1044/1549] stamp obj/third_party/connectedhomeip/zzz_generated/app-common/clusters/Chime/metadata.stamp
[1045/1549] ar libSetupPayload.a
[1046/1549] stamp obj/third_party/connectedhomeip/zzz_generated/app-common/clusters/CarbonMonoxideConcentrationMeasurement/metadata.stamp
[1047/1549] stamp obj/third_party/connectedhomeip/zzz_generated/app-common/clusters/Channel/metadata.stamp
[1048/1549] stamp obj/third_party/connectedhomeip/zzz_generated/app-common/clusters/ClosureControl/metadata.stamp
[1049/1549] stamp obj/third_party/connectedhomeip/zzz_generated/app-common/clusters/ClosureDimension/metadata.stamp
[1050/1549] stamp obj/third_party/connectedhomeip/zzz_generated/app-common/clusters/CommissionerControl/metadata.stamp
[1051/1549] stamp obj/third_party/connectedhomeip/zzz_generated/app-common/clusters/ColorControl/metadata.stamp
[1052/1549] stamp obj/third_party/connectedhomeip/zzz_generated/app-common/clusters/CommodityMetering/metadata.stamp
[1053/1549] stamp obj/third_party/connectedhomeip/zzz_generated/app-common/clusters/CommodityTariff/metadata.stamp
[1054/1549] stamp obj/third_party/connectedhomeip/src/platform/logging/default.stamp
[1055/1549] stamp obj/third_party/connectedhomeip/zzz_generated/app-common/clusters/CommodityPrice/metadata.stamp
[1056/1549] stamp obj/third_party/connectedhomeip/zzz_generated/app-common/clusters/ContentAppObserver/metadata.stamp
[1057/1549] stamp obj/third_party/connectedhomeip/zzz_generated/app-common/clusters/ContentLauncher/metadata.stamp
[1058/1549] stamp obj/third_party/connectedhomeip/zzz_generated/app-common/clusters/ContentControl/metadata.stamp
[1059/1549] stamp obj/third_party/connectedhomeip/zzz_generated/app-common/clusters/Descriptor/metadata.stamp
[1060/1549] stamp obj/third_party/connectedhomeip/zzz_generated/app-common/clusters/DeviceEnergyManagementMode/metadata.stamp
[1061/1549] stamp obj/third_party/connectedhomeip/zzz_generated/app-common/clusters/DeviceEnergyManagement/metadata.stamp
[1062/1549] stamp obj/third_party/connectedhomeip/zzz_generated/app-common/clusters/DiagnosticLogs/metadata.stamp
[1063/1549] stamp obj/third_party/connectedhomeip/zzz_generated/app-common/clusters/DishwasherAlarm/metadata.stamp
[1064/1549] stamp obj/third_party/connectedhomeip/zzz_generated/app-common/clusters/DishwasherMode/metadata.stamp
[1065/1549] stamp obj/third_party/connectedhomeip/zzz_generated/app-common/clusters/DoorLock/metadata.stamp
[1066/1549] stamp obj/third_party/connectedhomeip/zzz_generated/app-common/clusters/DynamicLighting/metadata.stamp
[1067/1549] stamp obj/third_party/connectedhomeip/zzz_generated/app-common/clusters/EcosystemInformation/metadata.stamp
[1068/1549] stamp obj/third_party/connectedhomeip/zzz_generated/app-common/clusters/ElectricalAlarm/metadata.stamp
[1069/1549] stamp obj/third_party/connectedhomeip/zzz_generated/app-common/clusters/ElectricalDistribution/metadata.stamp
[1070/1549] stamp obj/third_party/connectedhomeip/zzz_generated/app-common/clusters/ElectricalEnergyMeasurement/metadata.stamp
[1071/1549] stamp obj/third_party/connectedhomeip/zzz_generated/app-common/clusters/ElectricalGridConditions/metadata.stamp
[1072/1549] stamp obj/third_party/connectedhomeip/zzz_generated/app-common/clusters/ElectricalProtectionAlarm/metadata.stamp
[1073/1549] stamp obj/third_party/connectedhomeip/zzz_generated/app-common/clusters/ElectricalPowerMeasurement/metadata.stamp
[1074/1549] stamp obj/third_party/connectedhomeip/zzz_generated/app-common/clusters/EnergyEvse/metadata.stamp
[1075/1549] stamp obj/third_party/connectedhomeip/zzz_generated/app-common/clusters/EnergyEvseMode/metadata.stamp
[1076/1549] stamp obj/third_party/connectedhomeip/zzz_generated/app-common/clusters/EthernetNetworkDiagnostics/metadata.stamp
[1077/1549] stamp obj/third_party/connectedhomeip/zzz_generated/app-common/clusters/EnergyPreference/metadata.stamp
[1078/1549] stamp obj/third_party/connectedhomeip/zzz_generated/app-common/clusters/FanControl/metadata.stamp
[1079/1549] stamp obj/third_party/connectedhomeip/zzz_generated/app-common/clusters/FixedLabel/metadata.stamp
[1080/1549] stamp obj/third_party/connectedhomeip/zzz_generated/app-common/clusters/FaultInjection/metadata.stamp
[1081/1549] stamp obj/third_party/connectedhomeip/zzz_generated/app-common/clusters/FlowMeasurement/metadata.stamp
[1082/1549] stamp obj/third_party/connectedhomeip/zzz_generated/app-common/clusters/FormaldehydeConcentrationMeasurement/metadata.stamp
[1083/1549] stamp obj/third_party/connectedhomeip/zzz_generated/app-common/clusters/GeneralCommissioning/metadata.stamp
[1084/1549] stamp obj/third_party/connectedhomeip/zzz_generated/app-common/clusters/GeneralDiagnostics/metadata.stamp
[1085/1549] stamp obj/third_party/connectedhomeip/zzz_generated/app-common/clusters/GroupKeyManagement/metadata.stamp
[1086/1549] stamp obj/third_party/connectedhomeip/zzz_generated/app-common/clusters/Groupcast/metadata.stamp
[1087/1549] stamp obj/third_party/connectedhomeip/zzz_generated/app-common/clusters/Groups/metadata.stamp
[1088/1549] stamp obj/third_party/connectedhomeip/zzz_generated/app-common/clusters/HepaFilterMonitoring/metadata.stamp
[1089/1549] stamp obj/third_party/connectedhomeip/zzz_generated/app-common/clusters/IcdManagement/metadata.stamp
[1090/1549] stamp obj/third_party/connectedhomeip/zzz_generated/app-common/clusters/Identify/metadata.stamp
[1091/1549] stamp obj/third_party/connectedhomeip/zzz_generated/app-common/clusters/Humidistat/metadata.stamp
[1092/1549] stamp obj/third_party/connectedhomeip/zzz_generated/app-common/clusters/JointFabricAdministrator/metadata.stamp
[1093/1549] stamp obj/third_party/connectedhomeip/zzz_generated/app-common/clusters/JointFabricDatastore/metadata.stamp
[1094/1549] stamp obj/third_party/connectedhomeip/zzz_generated/app-common/clusters/IlluminanceMeasurement/metadata.stamp
[1095/1549] stamp obj/third_party/connectedhomeip/zzz_generated/app-common/clusters/KeypadInput/metadata.stamp
[1096/1549] stamp obj/third_party/connectedhomeip/zzz_generated/app-common/clusters/LaundryDryerControls/metadata.stamp
[1097/1549] stamp obj/third_party/connectedhomeip/zzz_generated/app-common/clusters/LaundryWasherControls/metadata.stamp
[1098/1549] stamp obj/third_party/connectedhomeip/zzz_generated/app-common/clusters/LevelControl/metadata.stamp
[1099/1549] stamp obj/third_party/connectedhomeip/zzz_generated/app-common/clusters/LaundryWasherMode/metadata.stamp
[1100/1549] stamp obj/third_party/connectedhomeip/zzz_generated/app-common/clusters/LocalizationConfiguration/metadata.stamp
[1101/1549] stamp obj/third_party/connectedhomeip/zzz_generated/app-common/clusters/LowPower/metadata.stamp
[1102/1549] stamp obj/third_party/connectedhomeip/zzz_generated/app-common/clusters/MediaInput/metadata.stamp
[1103/1549] stamp obj/third_party/connectedhomeip/zzz_generated/app-common/clusters/MediaPlayback/metadata.stamp
[1104/1549] stamp obj/third_party/connectedhomeip/zzz_generated/app-common/clusters/Messages/metadata.stamp
[1105/1549] stamp obj/third_party/connectedhomeip/zzz_generated/app-common/clusters/MeterIdentification/metadata.stamp
[1106/1549] stamp obj/third_party/connectedhomeip/zzz_generated/app-common/clusters/MicrowaveOvenControl/metadata.stamp
[1107/1549] stamp obj/third_party/connectedhomeip/zzz_generated/app-common/clusters/MicrowaveOvenMode/metadata.stamp
[1108/1549] stamp obj/third_party/connectedhomeip/zzz_generated/app-common/clusters/ModeSelect/metadata.stamp
[1109/1549] stamp obj/third_party/connectedhomeip/zzz_generated/app-common/clusters/NetworkCommissioning/metadata.stamp
[1110/1549] stamp obj/third_party/connectedhomeip/zzz_generated/app-common/clusters/NetworkIdentityManagement/metadata.stamp
[1111/1549] stamp obj/third_party/connectedhomeip/zzz_generated/app-common/clusters/NitrogenDioxideConcentrationMeasurement/metadata.stamp
[1112/1549] stamp obj/third_party/connectedhomeip/zzz_generated/app-common/clusters/OccupancySensing/metadata.stamp
[1113/1549] stamp obj/third_party/connectedhomeip/zzz_generated/app-common/clusters/OnOff/metadata.stamp
[1114/1549] stamp obj/third_party/connectedhomeip/zzz_generated/app-common/clusters/OperationalCredentials/metadata.stamp
[1115/1549] stamp obj/third_party/connectedhomeip/zzz_generated/app-common/clusters/OperationalState/metadata.stamp
[1116/1549] stamp obj/third_party/connectedhomeip/zzz_generated/app-common/clusters/OtaSoftwareUpdateProvider/metadata.stamp
[1117/1549] stamp obj/third_party/connectedhomeip/zzz_generated/app-common/clusters/OtaSoftwareUpdateRequestor/metadata.stamp
[1118/1549] stamp obj/third_party/connectedhomeip/zzz_generated/app-common/clusters/OvenCavityOperationalState/metadata.stamp
[1119/1549] stamp obj/third_party/connectedhomeip/zzz_generated/app-common/clusters/OvenMode/metadata.stamp
[1120/1549] stamp obj/third_party/connectedhomeip/zzz_generated/app-common/clusters/OzoneConcentrationMeasurement/metadata.stamp
[1121/1549] stamp obj/third_party/connectedhomeip/zzz_generated/app-common/clusters/Pm25ConcentrationMeasurement/metadata.stamp
[1122/1549] stamp obj/third_party/connectedhomeip/zzz_generated/app-common/clusters/Pm1ConcentrationMeasurement/metadata.stamp
[1123/1549] stamp obj/third_party/connectedhomeip/zzz_generated/app-common/clusters/PowerSourceConfiguration/metadata.stamp
[1124/1549] stamp obj/third_party/connectedhomeip/zzz_generated/app-common/clusters/Pm10ConcentrationMeasurement/metadata.stamp
[1125/1549] stamp obj/third_party/connectedhomeip/zzz_generated/app-common/clusters/PowerSource/metadata.stamp
[1126/1549] stamp obj/third_party/connectedhomeip/zzz_generated/app-common/clusters/PowerTopology/metadata.stamp
[1127/1549] stamp obj/third_party/connectedhomeip/zzz_generated/app-common/clusters/ProximityRanging/metadata.stamp
[1128/1549] stamp obj/third_party/connectedhomeip/zzz_generated/app-common/clusters/ProxyConfiguration/metadata.stamp
[1129/1549] stamp obj/third_party/connectedhomeip/zzz_generated/app-common/clusters/PressureMeasurement/metadata.stamp
[1130/1549] stamp obj/third_party/connectedhomeip/zzz_generated/app-common/clusters/ProxyDiscovery/metadata.stamp
[1131/1549] stamp obj/third_party/connectedhomeip/zzz_generated/app-common/clusters/ProxyValid/metadata.stamp
[1132/1549] stamp obj/third_party/connectedhomeip/zzz_generated/app-common/clusters/PulseWidthModulation/metadata.stamp
[1133/1549] stamp obj/third_party/connectedhomeip/zzz_generated/app-common/clusters/RadonConcentrationMeasurement/metadata.stamp
[1134/1549] stamp obj/third_party/connectedhomeip/zzz_generated/app-common/clusters/PumpConfigurationAndControl/metadata.stamp
[1135/1549] stamp obj/third_party/connectedhomeip/zzz_generated/app-common/clusters/PushAvStreamTransport/metadata.stamp
[1136/1549] stamp obj/third_party/connectedhomeip/zzz_generated/app-common/clusters/RefrigeratorAlarm/metadata.stamp
[1137/1549] stamp obj/third_party/connectedhomeip/zzz_generated/app-common/clusters/RefrigeratorAndTemperatureControlledCabinetMode/metadata.stamp
[1138/1549] stamp obj/third_party/connectedhomeip/zzz_generated/app-common/clusters/RelativeHumidityMeasurement/metadata.stamp
[1139/1549] stamp obj/third_party/connectedhomeip/zzz_generated/app-common/clusters/RvcCleanMode/metadata.stamp
[1140/1549] stamp obj/third_party/connectedhomeip/zzz_generated/app-common/clusters/RvcOperationalState/metadata.stamp
[1141/1549] stamp obj/third_party/connectedhomeip/zzz_generated/app-common/clusters/RvcRunMode/metadata.stamp
[1142/1549] stamp obj/third_party/connectedhomeip/zzz_generated/app-common/clusters/SampleMei/metadata.stamp
[1143/1549] stamp obj/third_party/connectedhomeip/zzz_generated/app-common/clusters/ScenesManagement/metadata.stamp
[1144/1549] stamp obj/third_party/connectedhomeip/zzz_generated/app-common/clusters/ServiceArea/metadata.stamp
[1145/1549] stamp obj/third_party/connectedhomeip/zzz_generated/app-common/clusters/SmokeCoAlarm/metadata.stamp
[1146/1549] stamp obj/third_party/connectedhomeip/zzz_generated/app-common/clusters/SmokeConcentrationMeasurement/metadata.stamp
[1147/1549] stamp obj/third_party/connectedhomeip/zzz_generated/app-common/clusters/SoftwareDiagnostics/metadata.stamp
[1148/1549] stamp obj/third_party/connectedhomeip/zzz_generated/app-common/clusters/SoilMeasurement/metadata.stamp
[1149/1549] stamp obj/third_party/connectedhomeip/zzz_generated/app-common/clusters/Switch/metadata.stamp
[1150/1549] stamp obj/third_party/connectedhomeip/zzz_generated/app-common/clusters/TargetNavigator/metadata.stamp
[1151/1549] stamp obj/third_party/connectedhomeip/zzz_generated/app-common/clusters/TemperatureControl/metadata.stamp
[1152/1549] stamp obj/third_party/connectedhomeip/zzz_generated/app-common/clusters/TemperatureControlledCabinetTopology/metadata.stamp
[1153/1549] stamp obj/third_party/connectedhomeip/zzz_generated/app-common/clusters/TemperatureMeasurement/metadata.stamp
[1154/1549] stamp obj/third_party/connectedhomeip/zzz_generated/app-common/clusters/Thermostat/metadata.stamp
[1155/1549] stamp obj/third_party/connectedhomeip/zzz_generated/app-common/clusters/ThreadBorderRouterManagement/metadata.stamp
[1156/1549] stamp obj/third_party/connectedhomeip/zzz_generated/app-common/clusters/ThreadNetworkDiagnostics/metadata.stamp
[1157/1549] stamp obj/third_party/connectedhomeip/zzz_generated/app-common/clusters/TimeFormatLocalization/metadata.stamp
[1158/1549] stamp obj/third_party/connectedhomeip/zzz_generated/app-common/clusters/ThermostatUserInterfaceConfiguration/metadata.stamp
[1159/1549] stamp obj/third_party/connectedhomeip/zzz_generated/app-common/clusters/ThreadNetworkDirectory/metadata.stamp
[1160/1549] stamp obj/third_party/connectedhomeip/zzz_generated/app-common/clusters/TlsCertificateManagement/metadata.stamp
[1161/1549] stamp obj/third_party/connectedhomeip/zzz_generated/app-common/clusters/TlsClientManagement/metadata.stamp
[1162/1549] stamp obj/third_party/connectedhomeip/zzz_generated/app-common/clusters/UnitLocalization/metadata.stamp
[1163/1549] stamp obj/third_party/connectedhomeip/zzz_generated/app-common/clusters/ValveConfigurationAndControl/metadata.stamp
[1164/1549] stamp obj/third_party/connectedhomeip/zzz_generated/app-common/clusters/TimeSynchronization/metadata.stamp
[1165/1549] stamp obj/third_party/connectedhomeip/zzz_generated/app-common/clusters/TotalVolatileOrganicCompoundsConcentrationMeasurement/metadata.stamp
[1166/1549] stamp obj/third_party/connectedhomeip/zzz_generated/app-common/clusters/UnitTesting/metadata.stamp
[1167/1549] stamp obj/third_party/connectedhomeip/zzz_generated/app-common/clusters/UserLabel/metadata.stamp
[1168/1549] stamp obj/third_party/connectedhomeip/zzz_generated/app-common/clusters/WakeOnLan/metadata.stamp
[1169/1549] stamp obj/third_party/connectedhomeip/zzz_generated/app-common/clusters/WaterHeaterManagement/metadata.stamp
[1170/1549] stamp obj/third_party/connectedhomeip/zzz_generated/app-common/clusters/WaterHeaterMode/metadata.stamp
[1171/1549] stamp obj/third_party/connectedhomeip/zzz_generated/app-common/clusters/WaterTankLevelMonitoring/metadata.stamp
[1172/1549] stamp obj/third_party/connectedhomeip/zzz_generated/app-common/clusters/WiFiNetworkDiagnostics/metadata.stamp
[1173/1549] stamp obj/third_party/connectedhomeip/zzz_generated/app-common/clusters/WebRTCTransportProvider/metadata.stamp
[1174/1549] stamp obj/third_party/connectedhomeip/zzz_generated/app-common/clusters/WebRTCTransportRequestor/metadata.stamp
[1175/1549] stamp obj/third_party/connectedhomeip/zzz_generated/app-common/clusters/WiFiNetworkManagement/metadata.stamp
[1176/1549] stamp obj/third_party/connectedhomeip/zzz_generated/app-common/clusters/WindowCovering/metadata.stamp
[1177/1549] stamp obj/third_party/connectedhomeip/zzz_generated/app-common/clusters/ZoneManagement/metadata.stamp
[1178/1549] stamp obj/third_party/connectedhomeip/zzz_generated/app-common/clusters/shared/headers.stamp
[1179/1549] stamp obj/third_party/connectedhomeip/zzz_generated/app-common/clusters/all-metadata.stamp
[1180/1549] stamp obj/third_party/connectedhomeip/zzz_generated/app-common/clusters/AccessControl/headers.stamp
[1181/1549] stamp obj/third_party/connectedhomeip/zzz_generated/app-common/clusters/AccountLogin/headers.stamp
[1182/1549] stamp obj/third_party/connectedhomeip/zzz_generated/app-common/clusters/Actions/headers.stamp
[1183/1549] stamp obj/third_party/connectedhomeip/zzz_generated/app-common/clusters/ActivatedCarbonFilterMonitoring/headers.stamp
[1184/1549] stamp obj/third_party/connectedhomeip/zzz_generated/app-common/clusters/AdministratorCommissioning/headers.stamp
[1185/1549] stamp obj/third_party/connectedhomeip/zzz_generated/app-common/clusters/metadata-query.stamp
[1186/1549] stamp obj/third_party/connectedhomeip/zzz_generated/app-common/clusters/AirQuality/headers.stamp
[1187/1549] stamp obj/third_party/connectedhomeip/zzz_generated/app-common/clusters/AmbientContextSensing/headers.stamp
[1188/1549] stamp obj/third_party/connectedhomeip/zzz_generated/app-common/clusters/AmbientSensingUnion/headers.stamp
[1189/1549] stamp obj/third_party/connectedhomeip/zzz_generated/app-common/clusters/ApplicationBasic/headers.stamp
[1190/1549] stamp obj/third_party/connectedhomeip/zzz_generated/app-common/clusters/ApplicationLauncher/headers.stamp
[1191/1549] stamp obj/third_party/connectedhomeip/src/app/common/metadata.stamp
[1192/1549] stamp obj/third_party/connectedhomeip/zzz_generated/app-common/clusters/AudioOutput/headers.stamp
[1193/1549] stamp obj/third_party/connectedhomeip/zzz_generated/app-common/clusters/AvAnalysis/headers.stamp
[1194/1549] stamp obj/third_party/connectedhomeip/zzz_generated/app-common/clusters/BallastConfiguration/headers.stamp
[1195/1549] stamp obj/third_party/connectedhomeip/zzz_generated/app-common/clusters/BasicInformation/headers.stamp
[1196/1549] stamp obj/third_party/connectedhomeip/zzz_generated/app-common/clusters/Binding/headers.stamp
[1197/1549] stamp obj/third_party/connectedhomeip/zzz_generated/app-common/clusters/BooleanState/headers.stamp
[1198/1549] stamp obj/third_party/connectedhomeip/zzz_generated/app-common/clusters/BooleanStateConfiguration/headers.stamp
[1199/1549] stamp obj/third_party/connectedhomeip/zzz_generated/app-common/clusters/BridgedDeviceBasicInformation/headers.stamp
[1200/1549] stamp obj/third_party/connectedhomeip/zzz_generated/app-common/clusters/CameraAvSettingsUserLevelManagement/headers.stamp
[1201/1549] stamp obj/third_party/connectedhomeip/zzz_generated/app-common/clusters/CameraAvStreamManagement/headers.stamp
[1202/1549] stamp obj/third_party/connectedhomeip/zzz_generated/app-common/clusters/CarbonDioxideConcentrationMeasurement/headers.stamp
[1203/1549] stamp obj/third_party/connectedhomeip/zzz_generated/app-common/clusters/Channel/headers.stamp
[1204/1549] stamp obj/third_party/connectedhomeip/zzz_generated/app-common/clusters/ClosureControl/headers.stamp
[1205/1549] stamp obj/third_party/connectedhomeip/zzz_generated/app-common/clusters/Chime/headers.stamp
[1206/1549] stamp obj/third_party/connectedhomeip/zzz_generated/app-common/clusters/CarbonMonoxideConcentrationMeasurement/headers.stamp
[1207/1549] stamp obj/third_party/connectedhomeip/zzz_generated/app-common/clusters/ClosureDimension/headers.stamp
[1208/1549] stamp obj/third_party/connectedhomeip/zzz_generated/app-common/clusters/ColorControl/headers.stamp
[1209/1549] stamp obj/third_party/connectedhomeip/zzz_generated/app-common/clusters/CommissionerControl/headers.stamp
[1210/1549] stamp obj/third_party/connectedhomeip/zzz_generated/app-common/clusters/CommodityMetering/headers.stamp
[1211/1549] stamp obj/third_party/connectedhomeip/zzz_generated/app-common/clusters/CommodityPrice/headers.stamp
[1212/1549] stamp obj/third_party/connectedhomeip/zzz_generated/app-common/clusters/CommodityTariff/headers.stamp
[1213/1549] stamp obj/third_party/connectedhomeip/zzz_generated/app-common/clusters/ContentAppObserver/headers.stamp
[1214/1549] stamp obj/third_party/connectedhomeip/zzz_generated/app-common/clusters/ContentControl/headers.stamp
[1215/1549] stamp obj/third_party/connectedhomeip/zzz_generated/app-common/clusters/ContentLauncher/headers.stamp
[1216/1549] stamp obj/third_party/connectedhomeip/zzz_generated/app-common/clusters/DeviceEnergyManagement/headers.stamp
[1217/1549] ar ESP32.a
[1218/1549] stamp obj/third_party/connectedhomeip/zzz_generated/app-common/clusters/Descriptor/headers.stamp
[1219/1549] stamp obj/third_party/connectedhomeip/zzz_generated/app-common/clusters/DeviceEnergyManagementMode/headers.stamp
[1220/1549] stamp obj/third_party/connectedhomeip/zzz_generated/app-common/clusters/DiagnosticLogs/headers.stamp
[1221/1549] stamp obj/third_party/connectedhomeip/zzz_generated/app-common/clusters/DishwasherAlarm/headers.stamp
[1222/1549] stamp obj/third_party/connectedhomeip/zzz_generated/app-common/clusters/DishwasherMode/headers.stamp
[1223/1549] stamp obj/third_party/connectedhomeip/zzz_generated/app-common/clusters/DoorLock/headers.stamp
[1224/1549] stamp obj/third_party/connectedhomeip/zzz_generated/app-common/clusters/DynamicLighting/headers.stamp
[1225/1549] stamp obj/third_party/connectedhomeip/zzz_generated/app-common/clusters/EcosystemInformation/headers.stamp
[1226/1549] stamp obj/third_party/connectedhomeip/zzz_generated/app-common/clusters/ElectricalAlarm/headers.stamp
[1227/1549] stamp obj/third_party/connectedhomeip/zzz_generated/app-common/clusters/ElectricalDistribution/headers.stamp
[1228/1549] stamp obj/third_party/connectedhomeip/zzz_generated/app-common/clusters/ElectricalGridConditions/headers.stamp
[1229/1549] ar libDeviceLayer.a
[1230/1549] stamp obj/third_party/connectedhomeip/zzz_generated/app-common/clusters/ElectricalEnergyMeasurement/headers.stamp
[1231/1549] stamp obj/third_party/connectedhomeip/zzz_generated/app-common/clusters/ElectricalPowerMeasurement/headers.stamp
[1232/1549] stamp obj/third_party/connectedhomeip/zzz_generated/app-common/clusters/ElectricalProtectionAlarm/headers.stamp
[1233/1549] stamp obj/third_party/connectedhomeip/zzz_generated/app-common/clusters/EnergyEvse/headers.stamp
[1234/1549] stamp obj/third_party/connectedhomeip/zzz_generated/app-common/clusters/EnergyEvseMode/headers.stamp
[1235/1549] stamp obj/third_party/connectedhomeip/src/lib/shell/shell_core.stamp
[1236/1549] stamp obj/third_party/connectedhomeip/src/setup_payload/onboarding-codes-utils.stamp
[1237/1549] stamp obj/third_party/connectedhomeip/zzz_generated/app-common/clusters/EnergyPreference/headers.stamp
[1238/1549] stamp obj/third_party/connectedhomeip/zzz_generated/app-common/clusters/EthernetNetworkDiagnostics/headers.stamp
[1239/1549] stamp obj/third_party/connectedhomeip/zzz_generated/app-common/clusters/FanControl/headers.stamp
[1240/1549] stamp obj/third_party/connectedhomeip/zzz_generated/app-common/clusters/FixedLabel/headers.stamp
[1241/1549] ar core.a
[1242/1549] stamp obj/third_party/connectedhomeip/zzz_generated/app-common/clusters/FaultInjection/headers.stamp
[1243/1549] ar libCredentials.a
[1244/1549] ar libRawTransport.a
[1245/1549] stamp obj/third_party/connectedhomeip/zzz_generated/app-common/clusters/GeneralCommissioning/headers.stamp
[1246/1549] stamp obj/third_party/connectedhomeip/zzz_generated/app-common/clusters/FlowMeasurement/headers.stamp
[1247/1549] stamp obj/third_party/connectedhomeip/zzz_generated/app-common/clusters/FormaldehydeConcentrationMeasurement/headers.stamp
[1248/1549] stamp obj/third_party/connectedhomeip/zzz_generated/app-common/clusters/GroupKeyManagement/headers.stamp
[1249/1549] stamp obj/third_party/connectedhomeip/zzz_generated/app-common/clusters/GeneralDiagnostics/headers.stamp
[1250/1549] stamp obj/third_party/connectedhomeip/zzz_generated/app-common/clusters/Groupcast/headers.stamp
[1251/1549] ar records.a
[1252/1549] stamp obj/third_party/connectedhomeip/zzz_generated/app-common/clusters/Groups/headers.stamp
[1253/1549] stamp obj/third_party/connectedhomeip/zzz_generated/app-common/clusters/HepaFilterMonitoring/headers.stamp
[1254/1549] stamp obj/third_party/connectedhomeip/zzz_generated/app-common/clusters/Humidistat/headers.stamp
[1255/1549] stamp obj/third_party/connectedhomeip/zzz_generated/app-common/clusters/IcdManagement/headers.stamp
[1256/1549] stamp obj/third_party/connectedhomeip/zzz_generated/app-common/clusters/Identify/headers.stamp
[1257/1549] stamp obj/third_party/connectedhomeip/zzz_generated/app-common/clusters/IlluminanceMeasurement/headers.stamp
[1258/1549] ar responders.a
[1259/1549] stamp obj/third_party/connectedhomeip/zzz_generated/app-common/clusters/JointFabricAdministrator/headers.stamp
[1260/1549] stamp obj/third_party/connectedhomeip/zzz_generated/app-common/clusters/JointFabricDatastore/headers.stamp
[1261/1549] stamp obj/third_party/connectedhomeip/zzz_generated/app-common/clusters/KeypadInput/headers.stamp
[1262/1549] stamp obj/third_party/connectedhomeip/zzz_generated/app-common/clusters/LaundryDryerControls/headers.stamp
[1263/1549] stamp obj/third_party/connectedhomeip/zzz_generated/app-common/clusters/LaundryWasherControls/headers.stamp
[1264/1549] ar libDefaultAttestationVerifier.a
[1265/1549] stamp obj/third_party/connectedhomeip/zzz_generated/app-common/clusters/LaundryWasherMode/headers.stamp
[1266/1549] stamp obj/third_party/connectedhomeip/zzz_generated/app-common/clusters/LevelControl/headers.stamp
[1267/1549] stamp obj/third_party/connectedhomeip/zzz_generated/app-common/clusters/LocalizationConfiguration/headers.stamp
[1268/1549] stamp obj/third_party/connectedhomeip/zzz_generated/app-common/clusters/LowPower/headers.stamp
[1269/1549] ar minimal_mdns.a
[1270/1549] stamp obj/third_party/connectedhomeip/zzz_generated/app-common/clusters/MediaInput/headers.stamp
[1271/1549] stamp obj/third_party/connectedhomeip/zzz_generated/app-common/clusters/MediaPlayback/headers.stamp
[1272/1549] stamp obj/third_party/connectedhomeip/zzz_generated/app-common/clusters/Messages/headers.stamp
[1273/1549] stamp obj/third_party/connectedhomeip/zzz_generated/app-common/clusters/MeterIdentification/headers.stamp
[1274/1549] stamp obj/third_party/connectedhomeip/zzz_generated/app-common/clusters/MicrowaveOvenControl/headers.stamp
[1275/1549] stamp obj/third_party/connectedhomeip/zzz_generated/app-common/clusters/MicrowaveOvenMode/headers.stamp
[1276/1549] stamp obj/third_party/connectedhomeip/zzz_generated/app-common/clusters/ModeSelect/headers.stamp
[1277/1549] stamp obj/third_party/connectedhomeip/zzz_generated/app-common/clusters/NetworkCommissioning/headers.stamp
[1278/1549] stamp obj/third_party/connectedhomeip/zzz_generated/app-common/clusters/NetworkIdentityManagement/headers.stamp
[1279/1549] stamp obj/third_party/connectedhomeip/zzz_generated/app-common/clusters/NitrogenDioxideConcentrationMeasurement/headers.stamp
[1280/1549] stamp obj/third_party/connectedhomeip/zzz_generated/app-common/clusters/OccupancySensing/headers.stamp
[1281/1549] stamp obj/third_party/connectedhomeip/zzz_generated/app-common/clusters/OnOff/headers.stamp
[1282/1549] stamp obj/third_party/connectedhomeip/zzz_generated/app-common/clusters/OperationalCredentials/headers.stamp
[1283/1549] stamp obj/third_party/connectedhomeip/zzz_generated/app-common/clusters/OperationalState/headers.stamp
[1284/1549] stamp obj/third_party/connectedhomeip/zzz_generated/app-common/clusters/OtaSoftwareUpdateProvider/headers.stamp
[1285/1549] stamp obj/third_party/connectedhomeip/zzz_generated/app-common/clusters/OtaSoftwareUpdateRequestor/headers.stamp
[1286/1549] stamp obj/third_party/connectedhomeip/zzz_generated/app-common/clusters/OvenCavityOperationalState/headers.stamp
[1287/1549] stamp obj/third_party/connectedhomeip/zzz_generated/app-common/clusters/Pm1ConcentrationMeasurement/headers.stamp
[1288/1549] ar dnssd.a
[1289/1549] stamp obj/third_party/connectedhomeip/zzz_generated/app-common/clusters/OvenMode/headers.stamp
[1290/1549] stamp obj/third_party/connectedhomeip/zzz_generated/app-common/clusters/OzoneConcentrationMeasurement/headers.stamp
[1291/1549] stamp obj/third_party/connectedhomeip/zzz_generated/app-common/clusters/Pm10ConcentrationMeasurement/headers.stamp
[1292/1549] stamp obj/third_party/connectedhomeip/zzz_generated/app-common/clusters/Pm25ConcentrationMeasurement/headers.stamp
[1293/1549] stamp obj/third_party/connectedhomeip/zzz_generated/app-common/clusters/PowerSourceConfiguration/headers.stamp
[1294/1549] stamp obj/third_party/connectedhomeip/zzz_generated/app-common/clusters/PowerSource/headers.stamp
[1295/1549] stamp obj/third_party/connectedhomeip/zzz_generated/app-common/clusters/PowerTopology/headers.stamp
[1296/1549] stamp obj/third_party/connectedhomeip/zzz_generated/app-common/clusters/PressureMeasurement/headers.stamp
[1297/1549] stamp obj/third_party/connectedhomeip/zzz_generated/app-common/clusters/ProximityRanging/headers.stamp
[1298/1549] stamp obj/third_party/connectedhomeip/zzz_generated/app-common/clusters/ProxyConfiguration/headers.stamp
[1299/1549] stamp obj/third_party/connectedhomeip/zzz_generated/app-common/clusters/ProxyDiscovery/headers.stamp
[1300/1549] stamp obj/third_party/connectedhomeip/zzz_generated/app-common/clusters/ProxyValid/headers.stamp
[1301/1549] stamp obj/third_party/connectedhomeip/zzz_generated/app-common/clusters/PulseWidthModulation/headers.stamp
[1302/1549] stamp obj/third_party/connectedhomeip/zzz_generated/app-common/clusters/PumpConfigurationAndControl/headers.stamp
[1303/1549] ar libaccess.a
[1304/1549] stamp obj/third_party/connectedhomeip/zzz_generated/app-common/clusters/PushAvStreamTransport/headers.stamp
[1305/1549] stamp obj/third_party/connectedhomeip/zzz_generated/app-common/clusters/RadonConcentrationMeasurement/headers.stamp
[1306/1549] stamp obj/third_party/connectedhomeip/zzz_generated/app-common/clusters/RefrigeratorAlarm/headers.stamp
[1307/1549] stamp obj/third_party/connectedhomeip/zzz_generated/app-common/clusters/RefrigeratorAndTemperatureControlledCabinetMode/headers.stamp
[1308/1549] stamp obj/third_party/connectedhomeip/zzz_generated/app-common/clusters/RelativeHumidityMeasurement/headers.stamp
[1309/1549] stamp obj/third_party/connectedhomeip/src/app/util/callbacks.stamp
[1310/1549] stamp obj/third_party/connectedhomeip/zzz_generated/app-common/clusters/RvcCleanMode/headers.stamp
[1311/1549] stamp obj/third_party/connectedhomeip/zzz_generated/app-common/clusters/RvcOperationalState/headers.stamp
[1312/1549] stamp obj/third_party/connectedhomeip/zzz_generated/app-common/clusters/RvcRunMode/headers.stamp
[1313/1549] stamp obj/third_party/connectedhomeip/zzz_generated/app-common/clusters/SampleMei/headers.stamp
[1314/1549] stamp obj/third_party/connectedhomeip/zzz_generated/app-common/clusters/ServiceArea/headers.stamp
[1315/1549] stamp obj/third_party/connectedhomeip/zzz_generated/app-common/clusters/ScenesManagement/headers.stamp
[1316/1549] stamp obj/third_party/connectedhomeip/zzz_generated/app-common/clusters/SmokeCoAlarm/headers.stamp
[1317/1549] stamp obj/third_party/connectedhomeip/zzz_generated/app-common/clusters/SoftwareDiagnostics/headers.stamp
[1318/1549] stamp obj/third_party/connectedhomeip/zzz_generated/app-common/clusters/SoilMeasurement/headers.stamp
[1319/1549] stamp obj/third_party/connectedhomeip/zzz_generated/app-common/clusters/SmokeConcentrationMeasurement/headers.stamp
[1320/1549] stamp obj/third_party/connectedhomeip/zzz_generated/app-common/clusters/Switch/headers.stamp
[1321/1549] stamp obj/third_party/connectedhomeip/zzz_generated/app-common/clusters/TargetNavigator/headers.stamp
[1322/1549] stamp obj/third_party/connectedhomeip/zzz_generated/app-common/clusters/TemperatureControl/headers.stamp
[1323/1549] stamp obj/third_party/connectedhomeip/zzz_generated/app-common/clusters/TemperatureControlledCabinetTopology/headers.stamp
[1324/1549] stamp obj/third_party/connectedhomeip/zzz_generated/app-common/clusters/TemperatureMeasurement/headers.stamp
[1325/1549] stamp obj/third_party/connectedhomeip/zzz_generated/app-common/clusters/ThermostatUserInterfaceConfiguration/headers.stamp
[1326/1549] stamp obj/third_party/connectedhomeip/zzz_generated/app-common/clusters/ThreadBorderRouterManagement/headers.stamp
[1327/1549] stamp obj/third_party/connectedhomeip/zzz_generated/app-common/clusters/ThreadNetworkDiagnostics/headers.stamp
[1328/1549] stamp obj/third_party/connectedhomeip/zzz_generated/app-common/clusters/Thermostat/headers.stamp
[1329/1549] stamp obj/third_party/connectedhomeip/zzz_generated/app-common/clusters/ThreadNetworkDirectory/headers.stamp
[1330/1549] stamp obj/third_party/connectedhomeip/zzz_generated/app-common/clusters/TimeFormatLocalization/headers.stamp
[1331/1549] stamp obj/third_party/connectedhomeip/zzz_generated/app-common/clusters/TimeSynchronization/headers.stamp
[1332/1549] stamp obj/third_party/connectedhomeip/zzz_generated/app-common/clusters/TlsCertificateManagement/headers.stamp
[1333/1549] stamp obj/third_party/connectedhomeip/zzz_generated/app-common/clusters/TlsClientManagement/headers.stamp
[1334/1549] stamp obj/third_party/connectedhomeip/zzz_generated/app-common/clusters/TotalVolatileOrganicCompoundsConcentrationMeasurement/headers.stamp
[1335/1549] stamp obj/third_party/connectedhomeip/zzz_generated/app-common/clusters/UnitLocalization/headers.stamp
[1336/1549] stamp obj/third_party/connectedhomeip/zzz_generated/app-common/clusters/UnitTesting/headers.stamp
[1337/1549] stamp obj/third_party/connectedhomeip/zzz_generated/app-common/clusters/UserLabel/headers.stamp
[1338/1549] stamp obj/third_party/connectedhomeip/zzz_generated/app-common/clusters/ValveConfigurationAndControl/headers.stamp
[1339/1549] stamp obj/third_party/connectedhomeip/zzz_generated/app-common/clusters/WakeOnLan/headers.stamp
[1340/1549] stamp obj/third_party/connectedhomeip/zzz_generated/app-common/clusters/WaterHeaterManagement/headers.stamp
[1341/1549] stamp obj/third_party/connectedhomeip/zzz_generated/app-common/clusters/WaterHeaterMode/headers.stamp
[1342/1549] ar libTransportLayer.a
[1343/1549] stamp obj/third_party/connectedhomeip/zzz_generated/app-common/clusters/WaterTankLevelMonitoring/headers.stamp
[1344/1549] stamp obj/third_party/connectedhomeip/zzz_generated/app-common/clusters/WebRTCTransportProvider/headers.stamp
[1345/1549] stamp obj/third_party/connectedhomeip/zzz_generated/app-common/clusters/WebRTCTransportRequestor/headers.stamp
[1346/1549] stamp obj/third_party/connectedhomeip/zzz_generated/app-common/clusters/WiFiNetworkDiagnostics/headers.stamp
[1347/1549] stamp obj/third_party/connectedhomeip/zzz_generated/app-common/clusters/WiFiNetworkManagement/headers.stamp
[1348/1549] stamp obj/third_party/connectedhomeip/zzz_generated/app-common/clusters/ZoneManagement/headers.stamp
[1349/1549] stamp obj/third_party/connectedhomeip/zzz_generated/app-common/clusters/WindowCovering/headers.stamp
[1350/1549] stamp obj/third_party/connectedhomeip/zzz_generated/app-common/clusters/all-headers.stamp
[1351/1549] ar libMessagingLayer.a
[1352/1549] stamp obj/third_party/connectedhomeip/src/app/command-handler.stamp
[1353/1549] ar address_resolve.a
[1354/1549] stamp obj/third_party/connectedhomeip/src/lib/shell/commands/commands.stamp
[1355/1549] ar libSecureChannel.a
[1356/1549] stamp obj/third_party/connectedhomeip/src/app/MessageDef/MessageDef.stamp
[1357/1549] stamp obj/third_party/connectedhomeip/src/app/status-response.stamp
[1358/1549] ar libCHIPShell.a
[1359/1549] ar libBdx.a
[1360/1549] ar libChipProtocols.a
[1361/1549] ar libClusterObjects.a
[1362/1549] stamp obj/third_party/connectedhomeip/src/app/util/af-types.stamp
[1363/1549] stamp obj/third_party/connectedhomeip/zzz_generated/app-common/clusters/shared/elements.stamp
[1364/1549] stamp obj/third_party/connectedhomeip/src/app/clusters/access-control-server/arl-encoder.stamp
[1365/1549] stamp obj/third_party/connectedhomeip/zzz_generated/app-common/clusters/ActivatedCarbonFilterMonitoring/elements.stamp
[1366/1549] stamp obj/third_party/connectedhomeip/zzz_generated/app-common/clusters/AccessControl/elements.stamp
[1367/1549] stamp obj/third_party/connectedhomeip/zzz_generated/app-common/clusters/AdministratorCommissioning/elements.stamp
[1368/1549] stamp obj/third_party/connectedhomeip/zzz_generated/app-common/clusters/BasicInformation/elements.stamp
[1369/1549] stamp obj/third_party/connectedhomeip/zzz_generated/app-common/clusters/AirQuality/elements.stamp
[1370/1549] stamp obj/third_party/connectedhomeip/zzz_generated/app-common/clusters/ActivatedCarbonFilterMonitoring/ActivatedCarbonFilterMonitoring.stamp
[1371/1549] stamp obj/third_party/connectedhomeip/zzz_generated/app-common/clusters/AccessControl/AccessControl.stamp
[1372/1549] stamp obj/third_party/connectedhomeip/zzz_generated/app-common/clusters/AdministratorCommissioning/AdministratorCommissioning.stamp
[1373/1549] stamp obj/third_party/connectedhomeip/zzz_generated/app-common/clusters/BasicInformation/BasicInformation.stamp
[1374/1549] stamp obj/third_party/connectedhomeip/zzz_generated/app-common/clusters/AirQuality/AirQuality.stamp
[1375/1549] stamp obj/third_party/connectedhomeip/zzz_generated/app-common/clusters/BooleanState/elements.stamp
[1376/1549] stamp obj/third_party/connectedhomeip/zzz_generated/app-common/clusters/BooleanStateConfiguration/elements.stamp
[1377/1549] stamp obj/third_party/connectedhomeip/zzz_generated/app-common/clusters/BridgedDeviceBasicInformation/elements.stamp
[1378/1549] stamp obj/third_party/connectedhomeip/zzz_generated/app-common/clusters/CameraAvSettingsUserLevelManagement/elements.stamp
[1379/1549] stamp obj/third_party/connectedhomeip/zzz_generated/app-common/clusters/Chime/elements.stamp
[1380/1549] stamp obj/third_party/connectedhomeip/zzz_generated/app-common/clusters/BooleanState/BooleanState.stamp
[1381/1549] stamp obj/third_party/connectedhomeip/zzz_generated/app-common/clusters/BooleanStateConfiguration/BooleanStateConfiguration.stamp
[1382/1549] stamp obj/third_party/connectedhomeip/zzz_generated/app-common/clusters/BridgedDeviceBasicInformation/BridgedDeviceBasicInformation.stamp
[1383/1549] stamp obj/third_party/connectedhomeip/zzz_generated/app-common/clusters/CameraAvSettingsUserLevelManagement/CameraAvSettingsUserLevelManagement.stamp
[1384/1549] stamp obj/third_party/connectedhomeip/zzz_generated/app-common/clusters/Chime/Chime.stamp
[1385/1549] stamp obj/third_party/connectedhomeip/zzz_generated/app-common/clusters/ClosureControl/elements.stamp
[1386/1549] stamp obj/third_party/connectedhomeip/zzz_generated/app-common/clusters/ClosureDimension/elements.stamp
[1387/1549] stamp obj/third_party/connectedhomeip/zzz_generated/app-common/clusters/CommissionerControl/elements.stamp
[1388/1549] stamp obj/third_party/connectedhomeip/zzz_generated/app-common/clusters/Descriptor/elements.stamp
[1389/1549] stamp obj/third_party/connectedhomeip/zzz_generated/app-common/clusters/FanControl/elements.stamp
[1390/1549] stamp obj/third_party/connectedhomeip/zzz_generated/app-common/clusters/ClosureControl/ClosureControl.stamp
[1391/1549] stamp obj/third_party/connectedhomeip/zzz_generated/app-common/clusters/CommissionerControl/CommissionerControl.stamp
[1392/1549] stamp obj/third_party/connectedhomeip/zzz_generated/app-common/clusters/ClosureDimension/ClosureDimension.stamp
[1393/1549] stamp obj/third_party/connectedhomeip/zzz_generated/app-common/clusters/Descriptor/Descriptor.stamp
[1394/1549] stamp obj/third_party/connectedhomeip/zzz_generated/app-common/clusters/FanControl/FanControl.stamp
[1395/1549] stamp obj/third_party/connectedhomeip/zzz_generated/app-common/clusters/FlowMeasurement/elements.stamp
[1396/1549] stamp obj/third_party/connectedhomeip/zzz_generated/app-common/clusters/GeneralCommissioning/elements.stamp
[1397/1549] stamp obj/third_party/connectedhomeip/zzz_generated/app-common/clusters/GeneralDiagnostics/elements.stamp
[1398/1549] stamp obj/third_party/connectedhomeip/zzz_generated/app-common/clusters/GroupKeyManagement/elements.stamp
[1399/1549] stamp obj/third_party/connectedhomeip/zzz_generated/app-common/clusters/Groupcast/elements.stamp
[1400/1549] stamp obj/third_party/connectedhomeip/zzz_generated/app-common/clusters/FlowMeasurement/FlowMeasurement.stamp
[1401/1549] stamp obj/third_party/connectedhomeip/zzz_generated/app-common/clusters/GeneralCommissioning/GeneralCommissioning.stamp
[1402/1549] stamp obj/third_party/connectedhomeip/zzz_generated/app-common/clusters/GeneralDiagnostics/GeneralDiagnostics.stamp
[1403/1549] stamp obj/third_party/connectedhomeip/zzz_generated/app-common/clusters/GroupKeyManagement/GroupKeyManagement.stamp
[1404/1549] stamp obj/third_party/connectedhomeip/zzz_generated/app-common/clusters/Groupcast/Groupcast.stamp
[1405/1549] stamp obj/third_party/connectedhomeip/zzz_generated/app-common/clusters/Groups/elements.stamp
[1406/1549] stamp obj/third_party/connectedhomeip/zzz_generated/app-common/clusters/HepaFilterMonitoring/elements.stamp
[1407/1549] stamp obj/third_party/connectedhomeip/zzz_generated/app-common/clusters/Humidistat/elements.stamp
[1408/1549] stamp obj/third_party/connectedhomeip/zzz_generated/app-common/clusters/Identify/elements.stamp
[1409/1549] stamp obj/third_party/connectedhomeip/zzz_generated/app-common/clusters/IlluminanceMeasurement/elements.stamp
[1410/1549] stamp obj/third_party/connectedhomeip/zzz_generated/app-common/clusters/Groups/Groups.stamp
[1411/1549] stamp obj/third_party/connectedhomeip/zzz_generated/app-common/clusters/HepaFilterMonitoring/HepaFilterMonitoring.stamp
[1412/1549] stamp obj/third_party/connectedhomeip/zzz_generated/app-common/clusters/Identify/Identify.stamp
[1413/1549] stamp obj/third_party/connectedhomeip/zzz_generated/app-common/clusters/Humidistat/Humidistat.stamp
[1414/1549] stamp obj/third_party/connectedhomeip/zzz_generated/app-common/clusters/IlluminanceMeasurement/IlluminanceMeasurement.stamp
[1415/1549] stamp obj/third_party/connectedhomeip/zzz_generated/app-common/clusters/LevelControl/elements.stamp
[1416/1549] stamp obj/third_party/connectedhomeip/zzz_generated/app-common/clusters/MicrowaveOvenControl/elements.stamp
[1417/1549] stamp obj/third_party/connectedhomeip/zzz_generated/app-common/clusters/NetworkCommissioning/elements.stamp
[1418/1549] stamp obj/third_party/connectedhomeip/zzz_generated/app-common/clusters/NetworkIdentityManagement/elements.stamp
[1419/1549] stamp obj/third_party/connectedhomeip/zzz_generated/app-common/clusters/OccupancySensing/elements.stamp
[1420/1549] stamp obj/third_party/connectedhomeip/zzz_generated/app-common/clusters/LevelControl/LevelControl.stamp
[1421/1549] stamp obj/third_party/connectedhomeip/zzz_generated/app-common/clusters/MicrowaveOvenControl/MicrowaveOvenControl.stamp
[1422/1549] stamp obj/third_party/connectedhomeip/zzz_generated/app-common/clusters/NetworkCommissioning/NetworkCommissioning.stamp
[1423/1549] stamp obj/third_party/connectedhomeip/zzz_generated/app-common/clusters/NetworkIdentityManagement/NetworkIdentityManagement.stamp
[1424/1549] stamp obj/third_party/connectedhomeip/zzz_generated/app-common/clusters/OccupancySensing/OccupancySensing.stamp
[1425/1549] stamp obj/third_party/connectedhomeip/zzz_generated/app-common/clusters/OperationalCredentials/elements.stamp
[1426/1549] stamp obj/third_party/connectedhomeip/zzz_generated/app-common/clusters/OnOff/elements.stamp
[1427/1549] stamp obj/third_party/connectedhomeip/zzz_generated/app-common/clusters/PowerSource/elements.stamp
[1428/1549] stamp obj/third_party/connectedhomeip/zzz_generated/app-common/clusters/OperationalCredentials/OperationalCredentials.stamp
[1429/1549] stamp obj/third_party/connectedhomeip/src/app/clusters/network-commissioning/thread-response-encoding.stamp
[1430/1549] stamp obj/third_party/connectedhomeip/src/app/clusters/network-commissioning/wifi-response-encoding.stamp
[1431/1549] stamp obj/third_party/connectedhomeip/zzz_generated/app-common/clusters/OnOff/OnOff.stamp
[1432/1549] stamp obj/third_party/connectedhomeip/zzz_generated/app-common/clusters/PressureMeasurement/elements.stamp
[1433/1549] stamp obj/third_party/connectedhomeip/zzz_generated/app-common/clusters/PowerSource/PowerSource.stamp
[1434/1549] stamp obj/third_party/connectedhomeip/zzz_generated/app-common/clusters/ProximityRanging/elements.stamp
[1435/1549] stamp obj/third_party/connectedhomeip/zzz_generated/app-common/clusters/PushAvStreamTransport/elements.stamp
[1436/1549] stamp obj/third_party/connectedhomeip/zzz_generated/app-common/clusters/RelativeHumidityMeasurement/elements.stamp
[1437/1549] stamp obj/third_party/connectedhomeip/zzz_generated/app-common/clusters/PressureMeasurement/PressureMeasurement.stamp
[1438/1549] stamp obj/third_party/connectedhomeip/zzz_generated/app-common/clusters/ScenesManagement/elements.stamp
[1439/1549] stamp obj/third_party/connectedhomeip/zzz_generated/app-common/clusters/ProximityRanging/ProximityRanging.stamp
[1440/1549] stamp obj/third_party/connectedhomeip/zzz_generated/app-common/clusters/PushAvStreamTransport/PushAvStreamTransport.stamp
[1441/1549] stamp obj/third_party/connectedhomeip/zzz_generated/app-common/clusters/RelativeHumidityMeasurement/RelativeHumidityMeasurement.stamp
[1442/1549] stamp obj/third_party/connectedhomeip/zzz_generated/app-common/clusters/SmokeCoAlarm/elements.stamp
[1443/1549] stamp obj/third_party/connectedhomeip/zzz_generated/app-common/clusters/ScenesManagement/ScenesManagement.stamp
[1444/1549] stamp obj/third_party/connectedhomeip/zzz_generated/app-common/clusters/SoftwareDiagnostics/elements.stamp
[1445/1549] stamp obj/third_party/connectedhomeip/zzz_generated/app-common/clusters/SoilMeasurement/elements.stamp
[1446/1549] stamp obj/third_party/connectedhomeip/zzz_generated/app-common/clusters/TemperatureControl/elements.stamp
[1447/1549] stamp obj/third_party/connectedhomeip/zzz_generated/app-common/clusters/SmokeCoAlarm/SmokeCoAlarm.stamp
[1448/1549] stamp obj/third_party/connectedhomeip/zzz_generated/app-common/clusters/TemperatureMeasurement/elements.stamp
[1449/1549] stamp obj/third_party/connectedhomeip/zzz_generated/app-common/clusters/SoftwareDiagnostics/SoftwareDiagnostics.stamp
[1450/1549] stamp obj/third_party/connectedhomeip/zzz_generated/app-common/clusters/SoilMeasurement/SoilMeasurement.stamp
[1451/1549] stamp obj/third_party/connectedhomeip/zzz_generated/app-common/clusters/TemperatureControl/TemperatureControl.stamp
[1452/1549] stamp obj/third_party/connectedhomeip/zzz_generated/app-common/clusters/ThreadBorderRouterManagement/elements.stamp
[1453/1549] stamp obj/third_party/connectedhomeip/zzz_generated/app-common/clusters/TemperatureMeasurement/TemperatureMeasurement.stamp
[1454/1549] stamp obj/third_party/connectedhomeip/src/app/clusters/software-diagnostics-server/software-fault-listener.stamp
[1455/1549] stamp obj/third_party/connectedhomeip/zzz_generated/app-common/clusters/ThreadNetworkDiagnostics/elements.stamp
[1456/1549] stamp obj/third_party/connectedhomeip/zzz_generated/app-common/clusters/ThreadNetworkDirectory/elements.stamp
[1457/1549] stamp obj/third_party/connectedhomeip/zzz_generated/app-common/clusters/ThreadBorderRouterManagement/ThreadBorderRouterManagement.stamp
[1458/1549] stamp obj/third_party/connectedhomeip/zzz_generated/app-common/clusters/TlsClientManagement/elements.stamp
[1459/1549] stamp obj/third_party/connectedhomeip/zzz_generated/app-common/clusters/WaterHeaterManagement/elements.stamp
[1460/1549] stamp obj/third_party/connectedhomeip/zzz_generated/app-common/clusters/ThreadNetworkDiagnostics/ThreadNetworkDiagnostics.stamp
[1461/1549] stamp obj/third_party/connectedhomeip/zzz_generated/app-common/clusters/WebRTCTransportProvider/elements.stamp
[1462/1549] stamp obj/third_party/connectedhomeip/zzz_generated/app-common/clusters/ThreadNetworkDirectory/ThreadNetworkDirectory.stamp
[1463/1549] stamp obj/third_party/connectedhomeip/zzz_generated/app-common/clusters/TlsClientManagement/TlsClientManagement.stamp
[1464/1549] stamp obj/third_party/connectedhomeip/zzz_generated/app-common/clusters/WaterHeaterManagement/WaterHeaterManagement.stamp
[1465/1549] stamp obj/third_party/connectedhomeip/zzz_generated/app-common/clusters/WiFiNetworkDiagnostics/elements.stamp
[1466/1549] stamp obj/third_party/connectedhomeip/zzz_generated/app-common/clusters/WebRTCTransportProvider/WebRTCTransportProvider.stamp
[1467/1549] stamp obj/third_party/connectedhomeip/zzz_generated/app-common/clusters/WiFiNetworkManagement/elements.stamp
[1468/1549] stamp obj/third_party/connectedhomeip/zzz_generated/app-common/clusters/WiFiNetworkDiagnostics/WiFiNetworkDiagnostics.stamp
[1469/1549] stamp obj/third_party/connectedhomeip/zzz_generated/app-common/clusters/WiFiNetworkManagement/WiFiNetworkManagement.stamp
[1470/1549] ar attribute-access.a
[1471/1549] stamp obj/third_party/connectedhomeip/src/app/data-model-provider/data-model-provider.stamp
[1472/1549] stamp obj/third_party/connectedhomeip/src/app/global-attributes.stamp
[1473/1549] stamp obj/third_party/connectedhomeip/src/app/command-handler-interface.stamp
[1474/1549] stamp obj/third_party/connectedhomeip/src/access/provider-impl.stamp
[1475/1549] stamp obj/third_party/connectedhomeip/src/app/persistence/persistence.stamp
[1476/1549] stamp obj/third_party/connectedhomeip/src/app/path-expansion.stamp
[1477/1549] stamp obj/third_party/connectedhomeip/src/app/command-handler-impl.stamp
[1478/1549] stamp obj/third_party/connectedhomeip/src/app/persistence/default.stamp
[1479/1549] stamp obj/third_party/connectedhomeip/src/app/persistence/singleton.stamp
[1480/1549] stamp obj/third_party/connectedhomeip/src/app/persistence/migration.stamp
[1481/1549] stamp obj/third_party/connectedhomeip/src/app/server-cluster/server-cluster.stamp
[1482/1549] stamp obj/third_party/connectedhomeip/src/app/clusters/access-control-server/access-control-event-helper.stamp
[1483/1549] stamp obj/third_party/connectedhomeip/src/app/clusters/boolean-state-configuration-server/boolean-state-configuration-server.stamp
[1484/1549] stamp obj/third_party/connectedhomeip/src/app/clusters/concentration-measurement-server/concentration-measurement-server.stamp
[1485/1549] stamp obj/third_party/connectedhomeip/src/app/clusters/relative-humidity-measurement-server/relative-humidity-measurement-server.stamp
[1486/1549] stamp obj/third_party/connectedhomeip/src/app/clusters/commissioner-control-server/commissioner-control-server.stamp
[1487/1549] stamp obj/third_party/connectedhomeip/src/app/clusters/power-source-server/power-source-server.stamp
[1488/1549] stamp obj/third_party/connectedhomeip/src/app/clusters/microwave-oven-control-server/microwave-oven-control-server.stamp
[1489/1549] stamp obj/third_party/connectedhomeip/src/app/clusters/software-diagnostics-server/software-diagnostics-server.stamp
[1490/1549] stamp obj/third_party/connectedhomeip/src/app/clusters/webrtc-transport-provider-server/webrtc-transport-provider-server.stamp
[1491/1549] ar actions-server.a
[1492/1549] ar interaction-model.a
[1493/1549] stamp obj/third_party/connectedhomeip/src/app/clusters/network-identity-management-server/network-identity-management-server.stamp
[1494/1549] stamp obj/third_party/connectedhomeip/src/app/clusters/wifi-network-management-server/wifi-network-management-server.stamp
[1495/1549] ar libCHIPDataModel.a
[1496/1549] stamp obj/third_party/connectedhomeip/src/controller/interactions.stamp
[1497/1549] stamp obj/third_party/connectedhomeip/src/app/clusters/wifi-network-diagnostics-server/wifi-network-diagnostics-server.stamp
[1498/1549] stamp obj/third_party/connectedhomeip/src/credentials/jcm/jcm.stamp
[1499/1549] stamp obj/third_party/connectedhomeip/src/app/storage/fabric-table.stamp
[1500/1549] stamp obj/third_party/connectedhomeip/src/app/clusters/scenes-server/scenes.stamp
[1501/1549] stamp obj/third_party/connectedhomeip/src/app/clusters/tls-certificate-management-server/certificate-table.stamp
[1502/1549] stamp obj/third_party/connectedhomeip/src/app/clusters/groups-server/groups-server.stamp
[1503/1549] stamp obj/third_party/connectedhomeip/src/app/clusters/on-off-server/on-off-server.stamp
[1504/1549] stamp obj/third_party/connectedhomeip/src/app/clusters/scenes-server/scenes-server.stamp
[1505/1549] stamp obj/third_party/connectedhomeip/src/app/clusters/tls-client-management-server/tls-client-management-server.stamp
[1506/1549] stamp obj/third_party/connectedhomeip/src/app/clusters/tls-certificate-management-server/tls-certificate-management-server.stamp
[1507/1549] stamp obj/third_party/connectedhomeip/src/app/clusters/push-av-stream-transport-server/push-av-stream-transport-server.stamp
[1508/1549] ar libCHIPAppServer.a
[1509/1549] stamp obj/third_party/connectedhomeip/src/app/clusters/access-control-server/access-control-server.stamp
[1510/1549] stamp obj/third_party/connectedhomeip/src/app/clusters/basic-information/basic-information.stamp
[1511/1549] stamp obj/third_party/connectedhomeip/src/app/clusters/administrator-commissioning-server/administrator-commissioning-server.stamp
[1512/1549] stamp obj/third_party/connectedhomeip/src/app/clusters/air-quality-server/air-quality-server.stamp
[1513/1549] stamp obj/third_party/connectedhomeip/src/app/clusters/boolean-state-server/boolean-state-server.stamp
[1514/1549] stamp obj/third_party/connectedhomeip/src/app/clusters/camera-av-settings-user-level-management-server/camera-av-settings-user-level-management-cluster.stamp
[1515/1549] stamp obj/third_party/connectedhomeip/src/app/clusters/chime-server/chime-server.stamp
[1516/1549] stamp obj/third_party/connectedhomeip/src/app/clusters/bridged-device-basic-information-server/bridged-device-basic-information-server.stamp
[1517/1549] stamp obj/third_party/connectedhomeip/src/app/clusters/closure-control-server/closure-control-server.stamp
[1518/1549] stamp obj/third_party/connectedhomeip/src/app/clusters/descriptor/descriptor.stamp
[1519/1549] stamp obj/third_party/connectedhomeip/src/app/clusters/closure-dimension-server/closure-dimension-server.stamp
[1520/1549] stamp obj/third_party/connectedhomeip/src/app/clusters/camera-av-settings-user-level-management-server/camera-av-settings-user-level-management-server.stamp
[1521/1549] stamp obj/third_party/connectedhomeip/src/app/clusters/fan-control-server/fan-control-server.stamp
[1522/1549] stamp obj/third_party/connectedhomeip/src/app/clusters/flow-measurement-server/flow-measurement-server.stamp
[1523/1549] stamp obj/third_party/connectedhomeip/src/app/clusters/general-commissioning-server/general-commissioning-server.stamp
[1524/1549] stamp obj/third_party/connectedhomeip/src/app/clusters/general-diagnostics-server/general-diagnostics-server.stamp
[1525/1549] stamp obj/third_party/connectedhomeip/src/app/clusters/group-key-mgmt-server/group-key-mgmt-server.stamp
[1526/1549] stamp obj/third_party/connectedhomeip/src/app/clusters/groupcast/groupcast.stamp
[1527/1549] stamp obj/third_party/connectedhomeip/src/app/clusters/humidistat-server/humidistat-server.stamp
[1528/1549] stamp obj/third_party/connectedhomeip/src/app/clusters/identify-server/identify-server.stamp
[1529/1549] stamp obj/third_party/connectedhomeip/src/app/clusters/illuminance-measurement-server/illuminance-measurement-server.stamp
[1530/1549] stamp obj/third_party/connectedhomeip/src/app/clusters/level-control/level-control.stamp
[1531/1549] stamp obj/third_party/connectedhomeip/src/app/clusters/network-commissioning/network-commissioning.stamp
[1532/1549] stamp obj/third_party/connectedhomeip/src/app/clusters/occupancy-sensor-server/occupancy-sensor-server.stamp
[1533/1549] stamp obj/third_party/connectedhomeip/src/app/clusters/operational-credentials-server/operational-credentials-server.stamp
[1534/1549] stamp obj/third_party/connectedhomeip/src/app/clusters/pressure-measurement-server/pressure-measurement-server.stamp
[1535/1549] stamp obj/third_party/connectedhomeip/src/app/clusters/proximity-ranging-server/proximity-ranging-server.stamp
[1536/1549] stamp obj/third_party/connectedhomeip/src/app/clusters/smoke-co-alarm-server/smoke-co-alarm-server.stamp
[1537/1549] stamp obj/third_party/connectedhomeip/src/app/clusters/resource-monitoring-server/resource-monitoring-server.stamp
[1538/1549] stamp obj/third_party/connectedhomeip/src/app/clusters/soil-measurement-server/soil-measurement-server.stamp
[1539/1549] stamp obj/third_party/connectedhomeip/src/app/clusters/temperature-control-server/temperature-control-server.stamp
[1540/1549] stamp obj/third_party/connectedhomeip/src/app/clusters/temperature-measurement-server/temperature-measurement-server.stamp
[1541/1549] stamp obj/third_party/connectedhomeip/src/app/clusters/water-heater-management-server/water-heater-management-server.stamp
[1542/1549] stamp obj/third_party/connectedhomeip/src/app/clusters/thread-border-router-management-server/thread-border-router-management-server.stamp
[1543/1549] stamp obj/third_party/connectedhomeip/src/app/clusters/thread-network-directory-server/thread-network-directory-server.stamp
[1544/1549] stamp obj/third_party/connectedhomeip/src/app/clusters/thread-network-diagnostics-server/thread-network-diagnostics-server.stamp
[1545/1549] stamp obj/third_party/connectedhomeip/src/app/clusters/clusters.stamp
[1546/1549] ar libChipController.a
[1547/1549] stamp obj/third_party/connectedhomeip/src/lib/without-logging.stamp
[1548/1549] ar libCHIP.a
[1549/1549] stamp obj/esp32.stamp
ninja: build stopped: subcommand failed.
[0;33mBUG: component_requirements.py: cannot match original component filename for source component lcd_display[0m
ninja failed with exit code 1, output of the command is in the /home/ludovic/dev/matter-esp32-home-energy-manager/firmware/build/log/idf_py_stderr_output_31673 and /home/ludovic/dev/matter-esp32-home-energy-manager/firmware/build/log/idf_py_stdout_output_31673
Executing action: all (aliases: build)
Running ninja in directory /home/ludovic/dev/matter-esp32-home-energy-manager/firmware/build
Executing "ninja all"...
