Executing action: all (aliases: build)
Running ninja in directory /home/ludovic/dev/matter-esp32-home-energy-manager/firmware/build
Executing "ninja all"...
[1/2115] Generating project_elf_src_esp32s3.c
[2/2115] Generating /home/ludovic/dev/matter-esp32-home-energy-manager/firmware/build/esp-idf/esp_system/ld/memory.ld linker script...
[3/2115] Generating /home/ludovic/dev/matter-esp32-home-energy-manager/firmware/build/esp-idf/esp_system/ld/sections.ld.in linker script...
[4/2115] Generating ../../ota_data_initial.bin
[5/2115] Generating args.gn
[6/2115] Generating ../../partition_table/partition-table.bin
Partition table binary generated. Contents:
*******************************************************************************
# ESP-IDF Partition Table
# Name, Type, SubType, Offset, Size, Flags
esp_secure_cert,63,6,0xd000,8K,encrypted
nvs,data,nvs,0x10000,48K,
nvs_keys,data,nvs_keys,0x1c000,4K,encrypted
otadata,data,ota,0x1d000,8K,
phy_init,data,phy,0x1f000,4K,
ota_0,app,ota_0,0x20000,1536K,
ota_1,app,ota_1,0x1a0000,1536K,
paa_cert,data,spiffs,0x320000,128K,
storage,data,spiffs,0x340000,2M,
config,data,spiffs,0x540000,512K,
*******************************************************************************
[7/2115] Building C object esp-idf/mbedtls/mbedtls/3rdparty/everest/CMakeFiles/everest.dir/library/Hacl_Curve25519_joined.c.obj
[8/2115] Building C object esp-idf/mbedtls/mbedtls/3rdparty/everest/CMakeFiles/everest.dir/library/x25519.c.obj
[9/2115] Building C object esp-idf/mbedtls/mbedtls/3rdparty/everest/CMakeFiles/everest.dir/library/everest.c.obj
[10/2115] Building C object esp-idf/mbedtls/mbedtls/library/CMakeFiles/mbedcrypto.dir/aesni.c.obj
[11/2115] Building C object esp-idf/mbedtls/mbedtls/3rdparty/p256-m/CMakeFiles/p256m.dir/p256-m_driver_entrypoints.c.obj
[12/2115] Building C object esp-idf/mbedtls/mbedtls/library/CMakeFiles/mbedcrypto.dir/aesce.c.obj
[13/2115] Building C object esp-idf/mbedtls/mbedtls/3rdparty/p256-m/CMakeFiles/p256m.dir/p256-m/p256-m.c.obj
[14/2115] Building C object esp-idf/mbedtls/mbedtls/library/CMakeFiles/mbedcrypto.dir/aes.c.obj
[15/2115] Building C object esp-idf/mbedtls/mbedtls/library/CMakeFiles/mbedcrypto.dir/asn1parse.c.obj
[16/2115] Building C object esp-idf/mbedtls/mbedtls/library/CMakeFiles/mbedcrypto.dir/base64.c.obj
[17/2115] Building C object esp-idf/mbedtls/mbedtls/library/CMakeFiles/mbedcrypto.dir/asn1write.c.obj
[18/2115] Building C object esp-idf/mbedtls/mbedtls/library/CMakeFiles/mbedcrypto.dir/bignum_mod.c.obj
[19/2115] Building C object esp-idf/mbedtls/mbedtls/library/CMakeFiles/mbedcrypto.dir/aria.c.obj
[20/2115] Building C object esp-idf/mbedtls/mbedtls/library/CMakeFiles/mbedcrypto.dir/camellia.c.obj
[21/2115] Building C object esp-idf/mbedtls/mbedtls/library/CMakeFiles/mbedcrypto.dir/bignum_mod_raw.c.obj
[22/2115] Building C object esp-idf/mbedtls/mbedtls/library/CMakeFiles/mbedcrypto.dir/block_cipher.c.obj
[23/2115] Building C object esp-idf/mbedtls/mbedtls/library/CMakeFiles/mbedcrypto.dir/chacha20.c.obj
[24/2115] Building C object esp-idf/mbedtls/mbedtls/library/CMakeFiles/mbedcrypto.dir/chachapoly.c.obj
[25/2115] Building C object esp-idf/mbedtls/mbedtls/library/CMakeFiles/mbedcrypto.dir/cipher_wrap.c.obj
[26/2115] Building C object esp-idf/mbedtls/mbedtls/library/CMakeFiles/mbedcrypto.dir/ccm.c.obj
[27/2115] Building C object esp-idf/mbedtls/mbedtls/library/CMakeFiles/mbedcrypto.dir/bignum_core.c.obj
[28/2115] Building C object esp-idf/mbedtls/mbedtls/library/CMakeFiles/mbedcrypto.dir/constant_time.c.obj
[29/2115] Building C object esp-idf/mbedtls/mbedtls/library/CMakeFiles/mbedcrypto.dir/des.c.obj
[30/2115] Building C object esp-idf/mbedtls/mbedtls/library/CMakeFiles/mbedcrypto.dir/cmac.c.obj
[31/2115] Building C object esp-idf/mbedtls/mbedtls/library/CMakeFiles/mbedcrypto.dir/dhm.c.obj
[32/2115] Building C object esp-idf/mbedtls/mbedtls/library/CMakeFiles/mbedcrypto.dir/cipher.c.obj
[33/2115] Building C object esp-idf/mbedtls/mbedtls/library/CMakeFiles/mbedcrypto.dir/bignum.c.obj
[34/2115] Building C object esp-idf/mbedtls/mbedtls/library/CMakeFiles/mbedcrypto.dir/ctr_drbg.c.obj
[35/2115] Building C object esp-idf/mbedtls/mbedtls/library/CMakeFiles/mbedcrypto.dir/ecjpake.c.obj
[36/2115] Building C object esp-idf/mbedtls/mbedtls/library/CMakeFiles/mbedcrypto.dir/ecdh.c.obj
[37/2115] Building C object esp-idf/mbedtls/mbedtls/library/CMakeFiles/mbedcrypto.dir/ecp_curves_new.c.obj
[38/2115] Building C object esp-idf/mbedtls/mbedtls/library/CMakeFiles/mbedcrypto.dir/ecdsa.c.obj
[39/2115] Building C object esp-idf/mbedtls/mbedtls/library/CMakeFiles/mbedcrypto.dir/entropy_poll.c.obj
[40/2115] Building C object esp-idf/mbedtls/mbedtls/library/CMakeFiles/mbedcrypto.dir/entropy.c.obj
[41/2115] Building C object esp-idf/mbedtls/mbedtls/library/CMakeFiles/mbedcrypto.dir/hkdf.c.obj
[42/2115] Building C object esp-idf/mbedtls/mbedtls/library/CMakeFiles/mbedcrypto.dir/error.c.obj
[43/2115] Building C object esp-idf/mbedtls/mbedtls/library/CMakeFiles/mbedcrypto.dir/ecp_curves.c.obj
[44/2115] Building C object esp-idf/mbedtls/mbedtls/library/CMakeFiles/mbedcrypto.dir/hmac_drbg.c.obj
[45/2115] Building C object esp-idf/mbedtls/mbedtls/library/CMakeFiles/mbedcrypto.dir/gcm.c.obj
[46/2115] Building C object esp-idf/mbedtls/mbedtls/library/CMakeFiles/mbedcrypto.dir/lmots.c.obj
[47/2115] Building C object esp-idf/mbedtls/mbedtls/library/CMakeFiles/mbedcrypto.dir/memory_buffer_alloc.c.obj
[48/2115] Building C object esp-idf/mbedtls/mbedtls/library/CMakeFiles/mbedcrypto.dir/ecp.c.obj
[49/2115] Building C object esp-idf/mbedtls/mbedtls/library/CMakeFiles/mbedcrypto.dir/md5.c.obj
[50/2115] Building C object esp-idf/mbedtls/mbedtls/library/CMakeFiles/mbedcrypto.dir/nist_kw.c.obj
[51/2115] Building C object esp-idf/mbedtls/mbedtls/library/CMakeFiles/mbedcrypto.dir/lms.c.obj
[52/2115] Building C object esp-idf/mbedtls/mbedtls/library/CMakeFiles/mbedcrypto.dir/padlock.c.obj
[53/2115] Building C object esp-idf/mbedtls/mbedtls/library/CMakeFiles/mbedcrypto.dir/pem.c.obj
[54/2115] Building C object esp-idf/mbedtls/mbedtls/library/CMakeFiles/mbedcrypto.dir/pk_ecc.c.obj
[55/2115] Building C object esp-idf/mbedtls/mbedtls/library/CMakeFiles/mbedcrypto.dir/md.c.obj
[56/2115] Building C object esp-idf/mbedtls/mbedtls/library/CMakeFiles/mbedcrypto.dir/oid.c.obj
[57/2115] Building C object esp-idf/mbedtls/mbedtls/library/CMakeFiles/mbedcrypto.dir/pkcs12.c.obj
[58/2115] Building C object esp-idf/mbedtls/mbedtls/library/CMakeFiles/mbedcrypto.dir/pk_wrap.c.obj
[59/2115] Building C object esp-idf/mbedtls/mbedtls/library/CMakeFiles/mbedcrypto.dir/platform.c.obj
[60/2115] Building C object esp-idf/mbedtls/mbedtls/library/CMakeFiles/mbedcrypto.dir/pkcs5.c.obj
[61/2115] Building C object esp-idf/mbedtls/mbedtls/library/CMakeFiles/mbedcrypto.dir/pk.c.obj
[62/2115] Building C object esp-idf/mbedtls/mbedtls/library/CMakeFiles/mbedcrypto.dir/platform_util.c.obj
[63/2115] Building C object esp-idf/mbedtls/mbedtls/library/CMakeFiles/mbedcrypto.dir/pkwrite.c.obj
[64/2115] Building C object esp-idf/mbedtls/mbedtls/library/CMakeFiles/mbedcrypto.dir/poly1305.c.obj
[65/2115] Building C object esp-idf/mbedtls/mbedtls/library/CMakeFiles/mbedcrypto.dir/psa_crypto_client.c.obj
[66/2115] Building C object esp-idf/mbedtls/mbedtls/library/CMakeFiles/mbedcrypto.dir/psa_crypto_aead.c.obj
[67/2115] Building C object esp-idf/mbedtls/mbedtls/library/CMakeFiles/mbedcrypto.dir/pkparse.c.obj
[68/2115] Building C object esp-idf/mbedtls/mbedtls/library/CMakeFiles/mbedcrypto.dir/psa_crypto_driver_wrappers_no_static.c.obj
[69/2115] Building C object esp-idf/mbedtls/mbedtls/library/CMakeFiles/mbedcrypto.dir/psa_crypto_ffdh.c.obj
[70/2115] Building C object esp-idf/mbedtls/mbedtls/library/CMakeFiles/mbedcrypto.dir/psa_crypto_ecp.c.obj
[71/2115] Building C object esp-idf/mbedtls/mbedtls/library/CMakeFiles/mbedcrypto.dir/psa_crypto_hash.c.obj
[72/2115] Building C object esp-idf/mbedtls/mbedtls/library/CMakeFiles/mbedcrypto.dir/psa_crypto_cipher.c.obj
[73/2115] Building C object esp-idf/mbedtls/mbedtls/library/CMakeFiles/mbedcrypto.dir/psa_crypto_se.c.obj
[74/2115] Building C object esp-idf/mbedtls/mbedtls/library/CMakeFiles/mbedcrypto.dir/psa_crypto_pake.c.obj
[75/2115] Building C object esp-idf/mbedtls/mbedtls/library/CMakeFiles/mbedcrypto.dir/psa_crypto_mac.c.obj
[76/2115] Building C object esp-idf/mbedtls/mbedtls/library/CMakeFiles/mbedcrypto.dir/psa_crypto_rsa.c.obj
[77/2115] Building C object esp-idf/mbedtls/mbedtls/library/CMakeFiles/mbedcrypto.dir/psa_crypto_storage.c.obj
[78/2115] Building C object esp-idf/mbedtls/mbedtls/library/CMakeFiles/mbedcrypto.dir/psa_util.c.obj
[79/2115] Building C object esp-idf/mbedtls/mbedtls/library/CMakeFiles/mbedcrypto.dir/ripemd160.c.obj
[80/2115] Building C object esp-idf/mbedtls/mbedtls/library/CMakeFiles/mbedcrypto.dir/psa_its_file.c.obj
[81/2115] Building C object esp-idf/mbedtls/mbedtls/library/CMakeFiles/mbedcrypto.dir/psa_crypto_slot_management.c.obj
[82/2115] Building C object esp-idf/mbedtls/mbedtls/library/CMakeFiles/mbedcrypto.dir/sha1.c.obj
[83/2115] Building C object esp-idf/mbedtls/mbedtls/library/CMakeFiles/mbedcrypto.dir/sha256.c.obj
[84/2115] Building C object esp-idf/mbedtls/mbedtls/library/CMakeFiles/mbedcrypto.dir/rsa_alt_helpers.c.obj
[85/2115] Building C object esp-idf/mbedtls/mbedtls/library/CMakeFiles/mbedcrypto.dir/sha512.c.obj
[86/2115] Building C object esp-idf/mbedtls/mbedtls/library/CMakeFiles/mbedcrypto.dir/sha3.c.obj
[87/2115] Building C object esp-idf/mbedtls/mbedtls/library/CMakeFiles/mbedcrypto.dir/threading.c.obj
[88/2115] Building C object esp-idf/mbedtls/mbedtls/library/CMakeFiles/mbedcrypto.dir/version.c.obj
[89/2115] Building C object esp-idf/mbedtls/mbedtls/library/CMakeFiles/mbedcrypto.dir/timing.c.obj
[90/2115] Building C object esp-idf/mbedtls/mbedtls/library/CMakeFiles/mbedcrypto.dir/version_features.c.obj
[91/2115] Building C object esp-idf/mbedtls/mbedtls/library/CMakeFiles/mbedcrypto.dir/home/ludovic/dev/esp-idf-5.5.4/components/mbedtls/port/aes/dma/esp_aes_gdma_impl.c.obj
[92/2115] Building C object esp-idf/mbedtls/mbedtls/library/CMakeFiles/mbedcrypto.dir/home/ludovic/dev/esp-idf-5.5.4/components/mbedtls/port/sha/core/esp_sha_gdma_impl.c.obj
[93/2115] Building C object esp-idf/mbedtls/mbedtls/library/CMakeFiles/mbedcrypto.dir/home/ludovic/dev/esp-idf-5.5.4/components/mbedtls/port/esp_hardware.c.obj
[94/2115] Building C object esp-idf/mbedtls/mbedtls/library/CMakeFiles/mbedcrypto.dir/home/ludovic/dev/esp-idf-5.5.4/components/mbedtls/port/esp_mem.c.obj
[95/2115] Building C object esp-idf/mbedtls/mbedtls/library/CMakeFiles/mbedcrypto.dir/home/ludovic/dev/esp-idf-5.5.4/components/mbedtls/port/aes/dma/esp_aes_dma_core.c.obj
[96/2115] Building C object esp-idf/mbedtls/mbedtls/library/CMakeFiles/mbedcrypto.dir/home/ludovic/dev/esp-idf-5.5.4/components/mbedtls/port/crypto_shared_gdma/esp_crypto_shared_gdma.c.obj
[97/2115] Building C object esp-idf/mbedtls/mbedtls/library/CMakeFiles/mbedcrypto.dir/home/ludovic/dev/esp-idf-5.5.4/components/mbedtls/port/esp_timing.c.obj
[98/2115] Building C object esp-idf/mbedtls/mbedtls/library/CMakeFiles/mbedcrypto.dir/home/ludovic/dev/esp-idf-5.5.4/components/mbedtls/port/aes/esp_aes_xts.c.obj
[99/2115] Building C object esp-idf/mbedtls/mbedtls/library/CMakeFiles/mbedcrypto.dir/home/ludovic/dev/esp-idf-5.5.4/components/mbedtls/port/aes/esp_aes_common.c.obj
[100/2115] Building C object esp-idf/mbedtls/mbedtls/library/CMakeFiles/mbedcrypto.dir/home/ludovic/dev/esp-idf-5.5.4/components/mbedtls/port/sha/esp_sha.c.obj
[101/2115] Building C object esp-idf/mbedtls/mbedtls/library/CMakeFiles/mbedcrypto.dir/rsa.c.obj
[102/2115] Building C object esp-idf/mbedtls/mbedtls/library/CMakeFiles/mbedcrypto.dir/home/ludovic/dev/esp-idf-5.5.4/components/mbedtls/port/sha/core/sha.c.obj
[103/2115] Building C object esp-idf/mbedtls/mbedtls/library/CMakeFiles/mbedcrypto.dir/home/ludovic/dev/esp-idf-5.5.4/components/mbedtls/port/esp_ds/esp_rsa_sign_alt.c.obj
[104/2115] Building C object esp-idf/mbedtls/mbedtls/library/CMakeFiles/mbedcrypto.dir/home/ludovic/dev/esp-idf-5.5.4/components/mbedtls/port/esp_hmac_pbkdf2.c.obj
[105/2115] Building C object esp-idf/mbedtls/mbedtls/library/CMakeFiles/mbedcrypto.dir/home/ludovic/dev/esp-idf-5.5.4/components/mbedtls/port/esp_ds/esp_rsa_dec_alt.c.obj
[106/2115] Building C object esp-idf/mbedtls/mbedtls/library/CMakeFiles/mbedcrypto.dir/home/ludovic/dev/esp-idf-5.5.4/components/mbedtls/port/aes/dma/esp_aes.c.obj
[107/2115] Building C object esp-idf/mbedtls/mbedtls/library/CMakeFiles/mbedcrypto.dir/home/ludovic/dev/esp-idf-5.5.4/components/mbedtls/port/esp_ds/esp_ds_common.c.obj
[108/2115] Building C object esp-idf/mbedtls/mbedtls/library/CMakeFiles/mbedcrypto.dir/home/ludovic/dev/esp-idf-5.5.4/components/mbedtls/port/bignum/bignum_alt.c.obj
[109/2115] Building C object esp-idf/mbedtls/mbedtls/library/CMakeFiles/mbedcrypto.dir/psa_crypto.c.obj
[110/2115] Building C object esp-idf/mbedtls/mbedtls/library/CMakeFiles/mbedcrypto.dir/home/ludovic/dev/esp-idf-5.5.4/components/mbedtls/port/sha/core/esp_sha1.c.obj
[111/2115] Building C object esp-idf/mbedtls/mbedtls/library/CMakeFiles/mbedcrypto.dir/home/ludovic/dev/esp-idf-5.5.4/components/mbedtls/port/bignum/esp_bignum.c.obj
[112/2115] Building C object esp-idf/mbedtls/mbedtls/library/CMakeFiles/mbedcrypto.dir/home/ludovic/dev/esp-idf-5.5.4/components/mbedtls/port/sha/core/esp_sha256.c.obj
[113/2115] Building C object esp-idf/mbedtls/mbedtls/library/CMakeFiles/mbedcrypto.dir/home/ludovic/dev/esp-idf-5.5.4/components/mbedtls/port/md/esp_md.c.obj
[114/2115] Building C object esp-idf/mbedtls/mbedtls/library/CMakeFiles/mbedcrypto.dir/home/ludovic/dev/esp-idf-5.5.4/components/mbedtls/port/sha/core/esp_sha512.c.obj
[115/2115] Building C object esp-idf/mbedtls/mbedtls/library/CMakeFiles/mbedcrypto.dir/home/ludovic/dev/esp-idf-5.5.4/components/mbedtls/port/aes/esp_aes_gcm.c.obj
[116/2115] Building C object esp-idf/mbedtls/mbedtls/library/CMakeFiles/mbedx509.dir/x509_create.c.obj
[117/2115] Building C object esp-idf/mbedtls/mbedtls/library/CMakeFiles/mbedx509.dir/x509_crl.c.obj
[118/2115] Building C object esp-idf/mbedtls/mbedtls/library/CMakeFiles/mbedx509.dir/pkcs7.c.obj
[119/2115] Building C object esp-idf/mbedtls/mbedtls/library/CMakeFiles/mbedx509.dir/x509write.c.obj
[120/2115] Building C object esp-idf/mbedtls/mbedtls/library/CMakeFiles/mbedx509.dir/x509_csr.c.obj
[121/2115] Building C object esp-idf/mbedtls/mbedtls/library/CMakeFiles/mbedtls.dir/debug.c.obj
[122/2115] Building C object esp-idf/mbedtls/mbedtls/library/CMakeFiles/mbedtls.dir/mps_reader.c.obj
[123/2115] Building C object esp-idf/mbedtls/mbedtls/library/CMakeFiles/mbedx509.dir/x509write_csr.c.obj
[124/2115] Building C object esp-idf/mbedtls/mbedtls/library/CMakeFiles/mbedx509.dir/x509write_crt.c.obj
[125/2115] Building C object esp-idf/mbedtls/mbedtls/library/CMakeFiles/mbedtls.dir/mps_trace.c.obj
[126/2115] Building C object esp-idf/mbedtls/mbedtls/library/CMakeFiles/mbedx509.dir/x509.c.obj
[127/2115] Building C object esp-idf/mbedtls/mbedtls/library/CMakeFiles/mbedtls.dir/ssl_ciphersuites.c.obj
[128/2115] Building C object esp-idf/mbedtls/mbedtls/library/CMakeFiles/mbedtls.dir/ssl_cache.c.obj
[129/2115] Building C object esp-idf/mbedtls/mbedtls/library/CMakeFiles/mbedtls.dir/ssl_debug_helpers_generated.c.obj
[130/2115] Building C object esp-idf/mbedtls/mbedtls/library/CMakeFiles/mbedtls.dir/ssl_cookie.c.obj
[131/2115] Building C object esp-idf/mbedtls/mbedtls/library/CMakeFiles/mbedtls.dir/ssl_client.c.obj
[132/2115] Building C object esp-idf/mbedtls/mbedtls/library/CMakeFiles/mbedx509.dir/x509_crt.c.obj
[133/2115] Building C object esp-idf/mbedtls/mbedtls/library/CMakeFiles/mbedtls.dir/ssl_ticket.c.obj
[134/2115] Building C object esp-idf/mbedtls/mbedtls/library/CMakeFiles/mbedtls.dir/ssl_tls13_keys.c.obj
[135/2115] Building C object esp-idf/mbedtls/mbedtls/library/CMakeFiles/mbedtls.dir/ssl_tls13_server.c.obj
[136/2115] Building C object esp-idf/mbedtls/mbedtls/library/CMakeFiles/mbedtls.dir/ssl_tls13_client.c.obj
[137/2115] Building C object esp-idf/mbedtls/mbedtls/library/CMakeFiles/mbedtls.dir/ssl_tls13_generic.c.obj
[138/2115] Building C object esp-idf/mbedtls/mbedtls/library/CMakeFiles/mbedtls.dir/ssl_tls12_client.c.obj
[139/2115] Building C object esp-idf/mbedtls/mbedtls/library/CMakeFiles/mbedtls.dir/home/ludovic/dev/esp-idf-5.5.4/components/mbedtls/port/mbedtls_debug.c.obj
[140/2115] Building C object esp-idf/mbedtls/mbedtls/library/CMakeFiles/mbedtls.dir/ssl_msg.c.obj
[141/2115] Building C object esp-idf/mbedtls/mbedtls/library/CMakeFiles/mbedtls.dir/home/ludovic/dev/esp-idf-5.5.4/components/mbedtls/port/esp_platform_time.c.obj
[142/2115] Creating directories for 'bootloader'
[143/2115] No download step for 'bootloader'
[144/2115] No update step for 'bootloader'
[145/2115] Building C object esp-idf/esp_app_format/CMakeFiles/__idf_esp_app_format.dir/esp_app_desc.c.obj
[146/2115] No patch step for 'bootloader'
[147/2115] Building C object esp-idf/esp_bootloader_format/CMakeFiles/__idf_esp_bootloader_format.dir/esp_bootloader_desc.c.obj
[148/2115] Building C object esp-idf/mbedtls/mbedtls/library/CMakeFiles/mbedtls.dir/home/ludovic/dev/esp-idf-5.5.4/components/mbedtls/port/net_sockets.c.obj
[149/2115] Building C object esp-idf/mbedtls/mbedtls/library/CMakeFiles/mbedtls.dir/ssl_tls12_server.c.obj
[150/2115] Building C object esp-idf/app_update/CMakeFiles/__idf_app_update.dir/esp_ota_app_desc.c.obj
[151/2115] Building C object esp-idf/esp_partition/CMakeFiles/__idf_esp_partition.dir/partition_target.c.obj
[152/2115] Building C object esp-idf/esp_partition/CMakeFiles/__idf_esp_partition.dir/partition.c.obj
[153/2115] Building C object esp-idf/efuse/CMakeFiles/__idf_efuse.dir/esp32s3/esp_efuse_table.c.obj
[154/2115] Building C object esp-idf/efuse/CMakeFiles/__idf_efuse.dir/esp32s3/esp_efuse_fields.c.obj
[155/2115] Building C object esp-idf/efuse/CMakeFiles/__idf_efuse.dir/esp32s3/esp_efuse_rtc_calib.c.obj
[156/2115] Building C object esp-idf/efuse/CMakeFiles/__idf_efuse.dir/esp32s3/esp_efuse_utility.c.obj
[157/2115] Building C object esp-idf/app_update/CMakeFiles/__idf_app_update.dir/esp_ota_ops.c.obj
[158/2115] Building C object esp-idf/mbedtls/mbedtls/library/CMakeFiles/mbedtls.dir/ssl_tls.c.obj
[159/2115] Building C object esp-idf/efuse/CMakeFiles/__idf_efuse.dir/src/esp_efuse_fields.c.obj
[160/2115] Building C object esp-idf/efuse/CMakeFiles/__idf_efuse.dir/src/esp_efuse_api.c.obj
[161/2115] Building C object esp-idf/efuse/CMakeFiles/__idf_efuse.dir/src/esp_efuse_startup.c.obj
[162/2115] Building C object esp-idf/efuse/CMakeFiles/__idf_efuse.dir/src/esp_efuse_utility.c.obj
[163/2115] Building C object esp-idf/efuse/CMakeFiles/__idf_efuse.dir/src/efuse_controller/keys/with_key_purposes/esp_efuse_api_key.c.obj
[164/2115] Building C object esp-idf/bootloader_support/CMakeFiles/__idf_bootloader_support.dir/src/bootloader_clock_init.c.obj
[165/2115] Building C object esp-idf/bootloader_support/CMakeFiles/__idf_bootloader_support.dir/src/bootloader_common.c.obj
[166/2115] Building C object esp-idf/bootloader_support/CMakeFiles/__idf_bootloader_support.dir/src/bootloader_mem.c.obj
[167/2115] Building C object esp-idf/bootloader_support/CMakeFiles/__idf_bootloader_support.dir/src/bootloader_common_loader.c.obj
[168/2115] Building C object esp-idf/bootloader_support/CMakeFiles/__idf_bootloader_support.dir/src/bootloader_random.c.obj
[169/2115] Building C object esp-idf/bootloader_support/CMakeFiles/__idf_bootloader_support.dir/src/bootloader_efuse.c.obj
[170/2115] Building C object esp-idf/bootloader_support/CMakeFiles/__idf_bootloader_support.dir/src/secure_boot.c.obj
[171/2115] Building C object esp-idf/bootloader_support/CMakeFiles/__idf_bootloader_support.dir/src/bootloader_random_esp32s3.c.obj
[172/2115] Building C object esp-idf/bootloader_support/CMakeFiles/__idf_bootloader_support.dir/src/flash_encrypt.c.obj
[173/2115] Building C object esp-idf/bootloader_support/CMakeFiles/__idf_bootloader_support.dir/bootloader_flash/src/bootloader_flash_config_esp32s3.c.obj
[174/2115] Building C object esp-idf/bootloader_support/CMakeFiles/__idf_bootloader_support.dir/bootloader_flash/src/bootloader_flash.c.obj
[175/2115] Building C object esp-idf/bootloader_support/CMakeFiles/__idf_bootloader_support.dir/bootloader_flash/src/flash_qio_mode.c.obj
[176/2115] Building C object esp-idf/bootloader_support/CMakeFiles/__idf_bootloader_support.dir/src/flash_partitions.c.obj
[177/2115] Building C object esp-idf/bootloader_support/CMakeFiles/__idf_bootloader_support.dir/src/esp32s3/secure_boot_secure_features.c.obj
[178/2115] Building C object esp-idf/bootloader_support/CMakeFiles/__idf_bootloader_support.dir/src/bootloader_sha.c.obj
[179/2115] Building C object esp-idf/esp_mm/CMakeFiles/__idf_esp_mm.dir/port/esp32s3/ext_mem_layout.c.obj
[180/2115] Building C object esp-idf/bootloader_support/CMakeFiles/__idf_bootloader_support.dir/src/esp_image_format.c.obj
[181/2115] Building C object esp-idf/bootloader_support/CMakeFiles/__idf_bootloader_support.dir/src/bootloader_utility.c.obj
[182/2115] Building C object esp-idf/esp_mm/CMakeFiles/__idf_esp_mm.dir/esp_cache_msync.c.obj
[183/2115] Building C object esp-idf/esp_mm/CMakeFiles/__idf_esp_mm.dir/heap_align_hw.c.obj
[184/2115] Building C object esp-idf/spi_flash/CMakeFiles/__idf_spi_flash.dir/flash_brownout_hook.c.obj
[185/2115] Building C object esp-idf/esp_mm/CMakeFiles/__idf_esp_mm.dir/esp_cache_utils.c.obj
[186/2115] Building C object esp-idf/spi_flash/CMakeFiles/__idf_spi_flash.dir/spi_flash_chip_drivers.c.obj
[187/2115] Building C object esp-idf/esp_mm/CMakeFiles/__idf_esp_mm.dir/esp_mmu_map.c.obj
[188/2115] Building C object esp-idf/spi_flash/CMakeFiles/__idf_spi_flash.dir/spi_flash_hpm_enable.c.obj
[189/2115] Building C object esp-idf/spi_flash/CMakeFiles/__idf_spi_flash.dir/esp32s3/spi_flash_oct_flash_init.c.obj
[190/2115] Building C object esp-idf/spi_flash/CMakeFiles/__idf_spi_flash.dir/spi_flash_chip_issi.c.obj
[191/2115] Building C object esp-idf/spi_flash/CMakeFiles/__idf_spi_flash.dir/spi_flash_chip_mxic.c.obj
[192/2115] Building C object esp-idf/spi_flash/CMakeFiles/__idf_spi_flash.dir/spi_flash_chip_gd.c.obj
[193/2115] Building C object esp-idf/spi_flash/CMakeFiles/__idf_spi_flash.dir/spi_flash_chip_boya.c.obj
[194/2115] Building C object esp-idf/spi_flash/CMakeFiles/__idf_spi_flash.dir/spi_flash_chip_winbond.c.obj
[195/2115] Building C object esp-idf/spi_flash/CMakeFiles/__idf_spi_flash.dir/spi_flash_chip_th.c.obj
[196/2115] Building C object esp-idf/spi_flash/CMakeFiles/__idf_spi_flash.dir/spi_flash_chip_mxic_opi.c.obj
[197/2115] Building C object esp-idf/spi_flash/CMakeFiles/__idf_spi_flash.dir/spi_flash_chip_generic.c.obj
[198/2115] Building C object esp-idf/spi_flash/CMakeFiles/__idf_spi_flash.dir/memspi_host_driver.c.obj
[199/2115] Building C object esp-idf/spi_flash/CMakeFiles/__idf_spi_flash.dir/flash_mmap.c.obj
[200/2115] Building C object esp-idf/spi_flash/CMakeFiles/__idf_spi_flash.dir/cache_utils.c.obj
[201/2115] Building C object esp-idf/spi_flash/CMakeFiles/__idf_spi_flash.dir/flash_ops.c.obj
[202/2115] Building C object esp-idf/spi_flash/CMakeFiles/__idf_spi_flash.dir/spi_flash_wrap.c.obj
[203/2115] Building C object esp-idf/spi_flash/CMakeFiles/__idf_spi_flash.dir/spi_flash_os_func_noos.c.obj
[204/2115] Building C object esp-idf/esp_system/CMakeFiles/__idf_esp_system.dir/esp_err.c.obj
[205/2115] Building C object esp-idf/spi_flash/CMakeFiles/__idf_spi_flash.dir/spi_flash_os_func_app.c.obj
[206/2115] Building C object esp-idf/esp_system/CMakeFiles/__idf_esp_system.dir/crosscore_int.c.obj
[207/2115] Building C object esp-idf/esp_system/CMakeFiles/__idf_esp_system.dir/esp_system_console.c.obj
[208/2115] Building C object esp-idf/esp_system/CMakeFiles/__idf_esp_system.dir/esp_ipc.c.obj
[209/2115] Building C object esp-idf/spi_flash/CMakeFiles/__idf_spi_flash.dir/esp_flash_spi_init.c.obj
[210/2115] Building C object esp-idf/esp_system/CMakeFiles/__idf_esp_system.dir/freertos_hooks.c.obj
[211/2115] Building C object esp-idf/esp_system/CMakeFiles/__idf_esp_system.dir/int_wdt.c.obj
[212/2115] Building C object esp-idf/esp_system/CMakeFiles/__idf_esp_system.dir/panic.c.obj
[213/2115] Building C object esp-idf/esp_system/CMakeFiles/__idf_esp_system.dir/esp_system.c.obj
[214/2115] Building C object esp-idf/esp_system/CMakeFiles/__idf_esp_system.dir/startup.c.obj
[215/2115] Building C object esp-idf/esp_system/CMakeFiles/__idf_esp_system.dir/stack_check.c.obj
[216/2115] Building C object esp-idf/spi_flash/CMakeFiles/__idf_spi_flash.dir/esp_flash_api.c.obj
[217/2115] Building C object esp-idf/esp_system/CMakeFiles/__idf_esp_system.dir/system_time.c.obj
[218/2115] Building C object esp-idf/esp_system/CMakeFiles/__idf_esp_system.dir/startup_funcs.c.obj
[219/2115] Building C object esp-idf/esp_system/CMakeFiles/__idf_esp_system.dir/ubsan.c.obj
[220/2115] Building C object esp-idf/esp_system/CMakeFiles/__idf_esp_system.dir/xt_wdt.c.obj
[221/2115] Building C object esp-idf/esp_system/CMakeFiles/__idf_esp_system.dir/task_wdt/task_wdt_impl_timergroup.c.obj
[222/2115] Building C object esp-idf/esp_system/CMakeFiles/__idf_esp_system.dir/port/panic_handler.c.obj
[223/2115] Building C object esp-idf/esp_system/CMakeFiles/__idf_esp_system.dir/port/cpu_start.c.obj
[224/2115] Building C object esp-idf/esp_system/CMakeFiles/__idf_esp_system.dir/port/esp_system_chip.c.obj
[225/2115] Building C object esp-idf/esp_system/CMakeFiles/__idf_esp_system.dir/port/arch/xtensa/esp_ipc_isr_port.c.obj
[226/2115] Building C object esp-idf/esp_system/CMakeFiles/__idf_esp_system.dir/port/esp_ipc_isr.c.obj
[227/2115] Building ASM object esp-idf/esp_system/CMakeFiles/__idf_esp_system.dir/port/arch/xtensa/esp_ipc_isr_handler.S.obj
[228/2115] Building ASM object esp-idf/esp_system/CMakeFiles/__idf_esp_system.dir/port/arch/xtensa/esp_ipc_isr_routines.S.obj
[229/2115] Building C object esp-idf/esp_system/CMakeFiles/__idf_esp_system.dir/task_wdt/task_wdt.c.obj
[230/2115] Building C object esp-idf/esp_system/CMakeFiles/__idf_esp_system.dir/port/image_process.c.obj
[231/2115] Building ASM object esp-idf/esp_system/CMakeFiles/__idf_esp_system.dir/port/arch/xtensa/panic_handler_asm.S.obj
[232/2115] Building ASM object esp-idf/esp_system/CMakeFiles/__idf_esp_system.dir/port/arch/xtensa/expression_with_stack_asm.S.obj
[233/2115] Building ASM object esp-idf/esp_system/CMakeFiles/__idf_esp_system.dir/port/arch/xtensa/debug_helpers_asm.S.obj
[234/2115] Building C object esp-idf/esp_system/CMakeFiles/__idf_esp_system.dir/port/arch/xtensa/expression_with_stack.c.obj
[235/2115] Building C object esp-idf/esp_system/CMakeFiles/__idf_esp_system.dir/port/arch/xtensa/debug_stubs.c.obj
[236/2115] Building C object esp-idf/esp_system/CMakeFiles/__idf_esp_system.dir/port/arch/xtensa/panic_arch.c.obj
[237/2115] Building C object esp-idf/esp_system/CMakeFiles/__idf_esp_system.dir/port/arch/xtensa/debug_helpers.c.obj
[238/2115] Building ASM object esp-idf/esp_system/CMakeFiles/__idf_esp_system.dir/port/soc/esp32s3/highint_hdl.S.obj
[239/2115] Building C object esp-idf/esp_system/CMakeFiles/__idf_esp_system.dir/port/arch/xtensa/trax.c.obj
[240/2115] Building C object esp-idf/esp_system/CMakeFiles/__idf_esp_system.dir/port/soc/esp32s3/reset_reason.c.obj
[241/2115] Building C object esp-idf/esp_system/CMakeFiles/__idf_esp_system.dir/port/soc/esp32s3/cache_err_int.c.obj
[242/2115] Building C object esp-idf/esp_system/CMakeFiles/__idf_esp_system.dir/port/soc/esp32s3/system_internal.c.obj
[243/2115] Building C object esp-idf/esp_rom/CMakeFiles/__idf_esp_rom.dir/patches/esp_rom_sys.c.obj
[244/2115] Building C object esp-idf/esp_system/CMakeFiles/__idf_esp_system.dir/port/soc/esp32s3/apb_backup_dma.c.obj
[245/2115] Building C object esp-idf/esp_system/CMakeFiles/__idf_esp_system.dir/port/soc/esp32s3/clk.c.obj
[246/2115] Building C object esp-idf/esp_rom/CMakeFiles/__idf_esp_rom.dir/patches/esp_rom_crc.c.obj
[247/2115] Building C object esp-idf/esp_rom/CMakeFiles/__idf_esp_rom.dir/patches/esp_rom_uart.c.obj
[248/2115] Building C object esp-idf/esp_rom/CMakeFiles/__idf_esp_rom.dir/patches/esp_rom_spiflash.c.obj
[249/2115] Building C object esp-idf/esp_rom/CMakeFiles/__idf_esp_rom.dir/patches/esp_rom_efuse.c.obj
[250/2115] Building C object esp-idf/esp_rom/CMakeFiles/__idf_esp_rom.dir/patches/esp_rom_print.c.obj
[251/2115] Building C object esp-idf/esp_rom/CMakeFiles/__idf_esp_rom.dir/patches/esp_rom_gpio.c.obj
[252/2115] Building ASM object esp-idf/esp_rom/CMakeFiles/__idf_esp_rom.dir/patches/esp_rom_longjmp.S.obj
[253/2115] Building C object esp-idf/esp_rom/CMakeFiles/__idf_esp_rom.dir/patches/esp_rom_wdt.c.obj
[254/2115] Building C object esp-idf/esp_rom/CMakeFiles/__idf_esp_rom.dir/patches/esp_rom_systimer.c.obj
[255/2115] Building C object esp-idf/esp_common/CMakeFiles/__idf_esp_common.dir/src/esp_err_to_name.c.obj
[256/2115] Building ASM object esp-idf/esp_rom/CMakeFiles/__idf_esp_rom.dir/patches/esp_rom_cache_writeback_esp32s3.S.obj
[257/2115] Building C object esp-idf/esp_rom/CMakeFiles/__idf_esp_rom.dir/patches/esp_rom_cache_esp32s2_esp32s3.c.obj
[258/2115] Building C object esp-idf/hal/CMakeFiles/__idf_hal.dir/hal_utils.c.obj
[259/2115] Building C object esp-idf/hal/CMakeFiles/__idf_hal.dir/mpu_hal.c.obj
[260/2115] Building C object esp-idf/hal/CMakeFiles/__idf_hal.dir/efuse_hal.c.obj
[261/2115] Building C object esp-idf/hal/CMakeFiles/__idf_hal.dir/esp32s3/efuse_hal.c.obj
[262/2115] Building C object esp-idf/hal/CMakeFiles/__idf_hal.dir/mmu_hal.c.obj
[263/2115] Building C object esp-idf/hal/CMakeFiles/__idf_hal.dir/color_hal.c.obj
[264/2115] Building C object esp-idf/hal/CMakeFiles/__idf_hal.dir/cache_hal.c.obj
[265/2115] Building C object esp-idf/hal/CMakeFiles/__idf_hal.dir/spi_flash_hal.c.obj
[266/2115] Building C object esp-idf/hal/CMakeFiles/__idf_hal.dir/spi_flash_encrypt_hal_iram.c.obj
[267/2115] Building C object esp-idf/hal/CMakeFiles/__idf_hal.dir/esp32s3/clk_tree_hal.c.obj
[268/2115] Building C object esp-idf/hal/CMakeFiles/__idf_hal.dir/systimer_hal.c.obj
[269/2115] Building C object esp-idf/hal/CMakeFiles/__idf_hal.dir/spi_flash_hal_iram.c.obj
[270/2115] Building C object esp-idf/hal/CMakeFiles/__idf_hal.dir/uart_hal_iram.c.obj
[271/2115] Building C object esp-idf/hal/CMakeFiles/__idf_hal.dir/uart_hal.c.obj
[272/2115] Performing configure step for 'bootloader'
-- Found Git: /usr/bin/git (found version "2.55.0") 
-- Minimal build - OFF
-- The C compiler identification is GNU 14.2.0
-- The CXX compiler identification is GNU 14.2.0
-- The ASM compiler identification is GNU
-- Found assembler: /home/ludovic/.espressif/tools/xtensa-esp-elf/esp-14.2.0_20260121/xtensa-esp-elf/bin/xtensa-esp32s3-elf-gcc
-- Detecting C compiler ABI info
-- Detecting C compiler ABI info - done
-- Check for working C compiler: /home/ludovic/.espressif/tools/xtensa-esp-elf/esp-14.2.0_20260121/xtensa-esp-elf/bin/xtensa-esp32s3-elf-gcc - skipped
-- Detecting C compile features
-- Detecting C compile features - done
-- Detecting CXX compiler ABI info
-- Detecting CXX compiler ABI info - done
-- Check for working CXX compiler: /home/ludovic/.espressif/tools/xtensa-esp-elf/esp-14.2.0_20260121/xtensa-esp-elf/bin/xtensa-esp32s3-elf-g++ - skipped
-- Detecting CXX compile features
-- Detecting CXX compile features - done
-- Building ESP-IDF components for target esp32s3
-- ESP-TEE is currently supported only on the esp32c6;esp32h2;esp32c5 SoCs
-- Project sdkconfig file /home/ludovic/dev/matter-esp32-home-energy-manager/firmware/sdkconfig
-- Compiler supported targets: xtensa-esp-elf
-- Detecting C compiler ABI info
-- Detecting C compiler ABI info - done
-- Detecting CXX compiler ABI info
-- Detecting CXX compiler ABI info - done
-- Detecting C compiler ABI info
-- Detecting C compiler ABI info - done
-- Detecting CXX compiler ABI info
-- Detecting CXX compiler ABI info - done
-- Adding linker script /home/ludovic/dev/esp-idf-5.5.4/components/soc/esp32s3/ld/esp32s3.peripherals.ld
-- Bootloader project name: "bootloader" version: 1
-- Adding linker script /home/ludovic/dev/esp-idf-5.5.4/components/esp_rom/esp32s3/ld/esp32s3.rom.ld
-- Adding linker script /home/ludovic/dev/esp-idf-5.5.4/components/esp_rom/esp32s3/ld/esp32s3.rom.api.ld
-- Adding linker script /home/ludovic/dev/esp-idf-5.5.4/components/esp_rom/esp32s3/ld/esp32s3.rom.bt_funcs.ld
-- Adding linker script /home/ludovic/dev/esp-idf-5.5.4/components/esp_rom/esp32s3/ld/esp32s3.rom.libgcc.ld
-- Adding linker script /home/ludovic/dev/esp-idf-5.5.4/components/esp_rom/esp32s3/ld/esp32s3.rom.wdt.ld
-- Adding linker script /home/ludovic/dev/esp-idf-5.5.4/components/esp_rom/esp32s3/ld/esp32s3.rom.version.ld
-- Adding linker script /home/ludovic/dev/esp-idf-5.5.4/components/esp_rom/esp32s3/ld/esp32s3.rom.libc.ld
-- Adding linker script /home/ludovic/dev/esp-idf-5.5.4/components/esp_rom/esp32s3/ld/esp32s3.rom.newlib.ld
-- Adding linker script /home/ludovic/dev/esp-idf-5.5.4/components/bootloader/subproject/main/ld/esp32s3/bootloader.rom.ld
-- Components: bootloader bootloader_support efuse esp_app_format esp_bootloader_format esp_common esp_hw_support esp_rom esp_security esp_system esptool_py freertos hal log main micro-ecc newlib partition_table soc spi_flash xtensa
-- Component paths: /home/ludovic/dev/esp-idf-5.5.4/components/bootloader /home/ludovic/dev/esp-idf-5.5.4/components/bootloader_support /home/ludovic/dev/esp-idf-5.5.4/components/efuse /home/ludovic/dev/esp-idf-5.5.4/components/esp_app_format /home/ludovic/dev/esp-idf-5.5.4/components/esp_bootloader_format /home/ludovic/dev/esp-idf-5.5.4/components/esp_common /home/ludovic/dev/esp-idf-5.5.4/components/esp_hw_support /home/ludovic/dev/esp-idf-5.5.4/components/esp_rom /home/ludovic/dev/esp-idf-5.5.4/components/esp_security /home/ludovic/dev/esp-idf-5.5.4/components/esp_system /home/ludovic/dev/esp-idf-5.5.4/components/esptool_py /home/ludovic/dev/esp-idf-5.5.4/components/freertos /home/ludovic/dev/esp-idf-5.5.4/components/hal /home/ludovic/dev/esp-idf-5.5.4/components/log /home/ludovic/dev/esp-idf-5.5.4/components/bootloader/subproject/main /home/ludovic/dev/esp-idf-5.5.4/components/bootloader/subproject/components/micro-ecc /home/ludovic/dev/esp-idf-5.5.4/components/newlib /home/ludovic/dev/esp-idf-5.5.4/components/partition_table /home/ludovic/dev/esp-idf-5.5.4/components/soc /home/ludovic/dev/esp-idf-5.5.4/components/spi_flash /home/ludovic/dev/esp-idf-5.5.4/components/xtensa
-- Adding linker script /home/ludovic/dev/esp-idf-5.5.4/components/bootloader/subproject/main/ld/esp32s3/bootloader.ld
-- Configuring done (7.1s)
-- Generating done (0.1s)
-- Build files have been written to: /home/ludovic/dev/matter-esp32-home-energy-manager/firmware/build/bootloader
[273/2115] Building C object esp-idf/hal/CMakeFiles/__idf_hal.dir/gpio_hal.c.obj
[274/2115] Building C object esp-idf/hal/CMakeFiles/__idf_hal.dir/rtc_io_hal.c.obj
[275/2115] Building C object esp-idf/hal/CMakeFiles/__idf_hal.dir/timer_hal.c.obj
[276/2115] Building C object esp-idf/hal/CMakeFiles/__idf_hal.dir/ledc_hal.c.obj
[277/2115] Building C object esp-idf/hal/CMakeFiles/__idf_hal.dir/ledc_hal_iram.c.obj
[278/2115] Building C object esp-idf/hal/CMakeFiles/__idf_hal.dir/pcnt_hal.c.obj
[279/2115] Building C object esp-idf/hal/CMakeFiles/__idf_hal.dir/i2c_hal_iram.c.obj
[280/2115] Building C object esp-idf/hal/CMakeFiles/__idf_hal.dir/rmt_hal.c.obj
[281/2115] Building C object esp-idf/hal/CMakeFiles/__idf_hal.dir/i2c_hal.c.obj
[282/2115] Building C object esp-idf/hal/CMakeFiles/__idf_hal.dir/uhci_hal.c.obj
[283/2115] Building C object esp-idf/hal/CMakeFiles/__idf_hal.dir/mcpwm_hal.c.obj
[284/2115] Building C object esp-idf/hal/CMakeFiles/__idf_hal.dir/gdma_hal_top.c.obj
[285/2115] Building C object esp-idf/hal/CMakeFiles/__idf_hal.dir/sdm_hal.c.obj
[286/2115] Building C object esp-idf/hal/CMakeFiles/__idf_hal.dir/gdma_hal_ahb_v1.c.obj
[287/2115] Building C object esp-idf/hal/CMakeFiles/__idf_hal.dir/sdmmc_hal.c.obj
[288/2115] Building C object esp-idf/hal/CMakeFiles/__idf_hal.dir/twai_hal_v1.c.obj
[289/2115] Building C object esp-idf/hal/CMakeFiles/__idf_hal.dir/adc_oneshot_hal.c.obj
[290/2115] Building C object esp-idf/hal/CMakeFiles/__idf_hal.dir/adc_hal_common.c.obj
[291/2115] Building C object esp-idf/hal/CMakeFiles/__idf_hal.dir/i2s_hal.c.obj
[292/2115] Building C object esp-idf/hal/CMakeFiles/__idf_hal.dir/lcd_hal.c.obj
[293/2115] Building C object esp-idf/hal/CMakeFiles/__idf_hal.dir/mpi_hal.c.obj
[294/2115] Building C object esp-idf/hal/CMakeFiles/__idf_hal.dir/sha_hal.c.obj
[295/2115] Building C object esp-idf/hal/CMakeFiles/__idf_hal.dir/aes_hal.c.obj
[296/2115] Building C object esp-idf/hal/CMakeFiles/__idf_hal.dir/brownout_hal.c.obj
[297/2115] Building C object esp-idf/hal/CMakeFiles/__idf_hal.dir/adc_hal.c.obj
[298/2115] Building C object esp-idf/hal/CMakeFiles/__idf_hal.dir/spi_hal.c.obj
[299/2115] Building C object esp-idf/hal/CMakeFiles/__idf_hal.dir/spi_slave_hal.c.obj
[300/2115] Building C object esp-idf/hal/CMakeFiles/__idf_hal.dir/spi_slave_hal_iram.c.obj
[301/2115] Building C object esp-idf/hal/CMakeFiles/__idf_hal.dir/spi_slave_hd_hal.c.obj
[302/2115] Building C object esp-idf/hal/CMakeFiles/__idf_hal.dir/hmac_hal.c.obj
[303/2115] Building C object esp-idf/hal/CMakeFiles/__idf_hal.dir/ds_hal.c.obj
[304/2115] Building C object esp-idf/hal/CMakeFiles/__idf_hal.dir/spi_hal_iram.c.obj
[305/2115] Building C object esp-idf/hal/CMakeFiles/__idf_hal.dir/spi_flash_hal_gpspi.c.obj
[306/2115] Building C object esp-idf/hal/CMakeFiles/__idf_hal.dir/cam_hal.c.obj
[307/2115] Building C object esp-idf/hal/CMakeFiles/__idf_hal.dir/usb_serial_jtag_hal.c.obj
[308/2115] Building C object esp-idf/hal/CMakeFiles/__idf_hal.dir/usb_wrap_hal.c.obj
[309/2115] Building C object esp-idf/hal/CMakeFiles/__idf_hal.dir/touch_sensor_hal.c.obj
[310/2115] Building C object esp-idf/hal/CMakeFiles/__idf_hal.dir/esp32s3/touch_sensor_hal.c.obj
[311/2115] Building C object esp-idf/hal/CMakeFiles/__idf_hal.dir/touch_sens_hal.c.obj
[312/2115] Building C object esp-idf/hal/CMakeFiles/__idf_hal.dir/xt_wdt_hal.c.obj
[313/2115] Building C object esp-idf/hal/CMakeFiles/__idf_hal.dir/usb_dwc_hal.c.obj
[314/2115] Building C object esp-idf/log/CMakeFiles/__idf_log.dir/src/os/log_timestamp.c.obj
[315/2115] Building C object esp-idf/log/CMakeFiles/__idf_log.dir/src/log_timestamp_common.c.obj
[316/2115] Building C object esp-idf/hal/CMakeFiles/__idf_hal.dir/esp32s3/rtc_cntl_hal.c.obj
[317/2115] Building C object esp-idf/log/CMakeFiles/__idf_log.dir/src/util.c.obj
[318/2115] Building C object esp-idf/log/CMakeFiles/__idf_log.dir/src/os/util.c.obj
[319/2115] Building C object esp-idf/log/CMakeFiles/__idf_log.dir/src/os/log_lock.c.obj
[320/2115] Building C object esp-idf/log/CMakeFiles/__idf_log.dir/src/buffer/log_buffers.c.obj
[321/2115] Building C object esp-idf/log/CMakeFiles/__idf_log.dir/src/log_print.c.obj
[322/2115] Building C object esp-idf/log/CMakeFiles/__idf_log.dir/src/log_format_text.c.obj
[323/2115] Building C object esp-idf/log/CMakeFiles/__idf_log.dir/src/os/log_write.c.obj
[324/2115] Building C object esp-idf/log/CMakeFiles/__idf_log.dir/src/log.c.obj
[325/2115] Building C object esp-idf/log/CMakeFiles/__idf_log.dir/src/log_level/tag_log_level/tag_log_level.c.obj
[326/2115] Building C object esp-idf/log/CMakeFiles/__idf_log.dir/src/log_level/log_level.c.obj
[327/2115] Building C object esp-idf/log/CMakeFiles/__idf_log.dir/src/log_level/tag_log_level/cache/log_binary_heap.c.obj
[328/2115] Building C object esp-idf/log/CMakeFiles/__idf_log.dir/src/log_level/tag_log_level/linked_list/log_linked_list.c.obj
[329/2115] Building C object esp-idf/heap/CMakeFiles/__idf_heap.dir/heap_caps_base.c.obj
[330/2115] Building C object esp-idf/heap/CMakeFiles/__idf_heap.dir/heap_caps_init.c.obj
[331/2115] Building C object esp-idf/heap/CMakeFiles/__idf_heap.dir/multi_heap.c.obj
[332/2115] Building C object esp-idf/heap/CMakeFiles/__idf_heap.dir/heap_caps.c.obj
[333/2115] Building C object esp-idf/heap/CMakeFiles/__idf_heap.dir/port/esp32s3/memory_layout.c.obj
[334/2115] Building C object esp-idf/soc/CMakeFiles/__idf_soc.dir/lldesc.c.obj
[335/2115] Building C object esp-idf/soc/CMakeFiles/__idf_soc.dir/dport_access_common.c.obj
[336/2115] Building C object esp-idf/heap/CMakeFiles/__idf_heap.dir/port/memory_layout_utils.c.obj
[337/2115] Building C object esp-idf/soc/CMakeFiles/__idf_soc.dir/esp32s3/interrupts.c.obj
[338/2115] Building C object esp-idf/soc/CMakeFiles/__idf_soc.dir/esp32s3/adc_periph.c.obj
[339/2115] Building C object esp-idf/soc/CMakeFiles/__idf_soc.dir/esp32s3/uart_periph.c.obj
[340/2115] Building C object esp-idf/soc/CMakeFiles/__idf_soc.dir/esp32s3/gpio_periph.c.obj
[341/2115] Building C object esp-idf/soc/CMakeFiles/__idf_soc.dir/esp32s3/gdma_periph.c.obj
[342/2115] Building C object esp-idf/soc/CMakeFiles/__idf_soc.dir/esp32s3/dedic_gpio_periph.c.obj
[343/2115] Building C object esp-idf/soc/CMakeFiles/__idf_soc.dir/esp32s3/spi_periph.c.obj
[344/2115] Building C object esp-idf/soc/CMakeFiles/__idf_soc.dir/esp32s3/pcnt_periph.c.obj
[345/2115] Building C object esp-idf/soc/CMakeFiles/__idf_soc.dir/esp32s3/ledc_periph.c.obj
[346/2115] Building C object esp-idf/soc/CMakeFiles/__idf_soc.dir/esp32s3/sdm_periph.c.obj
[347/2115] Building C object esp-idf/soc/CMakeFiles/__idf_soc.dir/esp32s3/rmt_periph.c.obj
[348/2115] Building C object esp-idf/soc/CMakeFiles/__idf_soc.dir/esp32s3/i2s_periph.c.obj
[349/2115] Building C object esp-idf/soc/CMakeFiles/__idf_soc.dir/esp32s3/temperature_sensor_periph.c.obj
[350/2115] Building C object esp-idf/soc/CMakeFiles/__idf_soc.dir/esp32s3/i2c_periph.c.obj
[351/2115] Building C object esp-idf/soc/CMakeFiles/__idf_soc.dir/esp32s3/timer_periph.c.obj
[352/2115] Building C object esp-idf/soc/CMakeFiles/__idf_soc.dir/esp32s3/lcd_periph.c.obj
[353/2115] Building C object esp-idf/soc/CMakeFiles/__idf_soc.dir/esp32s3/mpi_periph.c.obj
[354/2115] Building C object esp-idf/soc/CMakeFiles/__idf_soc.dir/esp32s3/mcpwm_periph.c.obj
[355/2115] Building C object esp-idf/soc/CMakeFiles/__idf_soc.dir/esp32s3/touch_sensor_periph.c.obj
[356/2115] Building C object esp-idf/soc/CMakeFiles/__idf_soc.dir/esp32s3/twai_periph.c.obj
[357/2115] Building C object esp-idf/soc/CMakeFiles/__idf_soc.dir/esp32s3/sdmmc_periph.c.obj
[358/2115] Building C object esp-idf/soc/CMakeFiles/__idf_soc.dir/esp32s3/usb_dwc_periph.c.obj
[359/2115] Building C object esp-idf/soc/CMakeFiles/__idf_soc.dir/esp32s3/wdt_periph.c.obj
[360/2115] Building C object esp-idf/soc/CMakeFiles/__idf_soc.dir/esp32s3/cam_periph.c.obj
[361/2115] Building C object esp-idf/soc/CMakeFiles/__idf_soc.dir/esp32s3/power_supply_periph.c.obj
[362/2115] Building C object esp-idf/soc/CMakeFiles/__idf_soc.dir/esp32s3/rtc_io_periph.c.obj
[363/2115] Building React app...
npm warn Unknown cli config "--emptyOutDir". This will stop working in the next major version of npm.

> html_app@0.0.0 build
> tsc -b && vite build

vite v7.3.2 building client environment for production...
transforming...
✓ 446 modules transformed.

(!) outDir /home/ludovic/dev/matter-esp32-home-energy-manager/firmware/html_compiled_app is not inside project root and will not be emptied.
Use --emptyOutDir to override.

rendering chunks...
computing gzip size...
../html_compiled_app/index.html    0.86 kB │ gzip:   0.51 kB
../html_compiled_app/app.css      20.87 kB │ gzip:   3.57 kB
../html_compiled_app/app.js      491.93 kB │ gzip: 152.83 kB
✓ built in 7.52s
[364/2115] Building C object esp-idf/esp_security/CMakeFiles/__idf_esp_security.dir/src/init.c.obj
[365/2115] Building C object esp-idf/esp_security/CMakeFiles/__idf_esp_security.dir/src/esp_crypto_lock.c.obj
[366/2115] Building C object esp-idf/esp_security/CMakeFiles/__idf_esp_security.dir/src/esp_hmac.c.obj
[367/2115] Building C object esp-idf/esp_security/CMakeFiles/__idf_esp_security.dir/src/esp_ds.c.obj
[368/2115] Building C object esp-idf/esp_hw_support/CMakeFiles/__idf_esp_hw_support.dir/port/esp32s3/esp_cpu_intr.c.obj
[369/2115] Building C object esp-idf/esp_hw_support/CMakeFiles/__idf_esp_hw_support.dir/port/esp32s3/cpu_region_protect.c.obj
[370/2115] Building C object esp-idf/esp_hw_support/CMakeFiles/__idf_esp_hw_support.dir/cpu.c.obj
[371/2115] Building C object esp-idf/esp_hw_support/CMakeFiles/__idf_esp_hw_support.dir/esp_memory_utils.c.obj
[372/2115] Building C object esp-idf/esp_security/CMakeFiles/__idf_esp_security.dir/src/esp_crypto_periph_clk.c.obj
[373/2115] Building C object esp-idf/esp_hw_support/CMakeFiles/__idf_esp_hw_support.dir/hw_random.c.obj
[374/2115] Performing build step for 'bootloader'
[1/123] Generating project_elf_src_esp32s3.c
[2/123] Building C object CMakeFiles/bootloader.elf.dir/project_elf_src_esp32s3.c.obj
[3/123] Building C object esp-idf/xtensa/CMakeFiles/__idf_xtensa.dir/eri.c.obj
[4/123] Building C object esp-idf/soc/CMakeFiles/__idf_soc.dir/esp32s3/interrupts.c.obj
[5/123] Building C object esp-idf/soc/CMakeFiles/__idf_soc.dir/dport_access_common.c.obj
[6/123] Building C object esp-idf/soc/CMakeFiles/__idf_soc.dir/lldesc.c.obj
[7/123] Building C object esp-idf/xtensa/CMakeFiles/__idf_xtensa.dir/xt_trax.c.obj
[8/123] Building C object esp-idf/soc/CMakeFiles/__idf_soc.dir/esp32s3/adc_periph.c.obj
[9/123] Building C object esp-idf/soc/CMakeFiles/__idf_soc.dir/esp32s3/gpio_periph.c.obj
[10/123] Building C object esp-idf/soc/CMakeFiles/__idf_soc.dir/esp32s3/uart_periph.c.obj
[11/123] Building C object esp-idf/soc/CMakeFiles/__idf_soc.dir/esp32s3/gdma_periph.c.obj
[12/123] Building C object esp-idf/soc/CMakeFiles/__idf_soc.dir/esp32s3/ledc_periph.c.obj
[13/123] Building C object esp-idf/soc/CMakeFiles/__idf_soc.dir/esp32s3/dedic_gpio_periph.c.obj
[14/123] Building C object esp-idf/soc/CMakeFiles/__idf_soc.dir/esp32s3/pcnt_periph.c.obj
[15/123] Building C object esp-idf/soc/CMakeFiles/__idf_soc.dir/esp32s3/rmt_periph.c.obj
[16/123] Building C object esp-idf/soc/CMakeFiles/__idf_soc.dir/esp32s3/sdm_periph.c.obj
[17/123] Building C object esp-idf/soc/CMakeFiles/__idf_soc.dir/esp32s3/spi_periph.c.obj
[18/123] Building C object esp-idf/soc/CMakeFiles/__idf_soc.dir/esp32s3/i2s_periph.c.obj
[19/123] Building C object esp-idf/soc/CMakeFiles/__idf_soc.dir/esp32s3/i2c_periph.c.obj
[20/123] Building C object esp-idf/soc/CMakeFiles/__idf_soc.dir/esp32s3/temperature_sensor_periph.c.obj
[21/123] Building C object esp-idf/soc/CMakeFiles/__idf_soc.dir/esp32s3/lcd_periph.c.obj
[22/123] Building C object esp-idf/soc/CMakeFiles/__idf_soc.dir/esp32s3/timer_periph.c.obj
[23/123] Building C object esp-idf/soc/CMakeFiles/__idf_soc.dir/esp32s3/sdmmc_periph.c.obj
[24/123] Building C object esp-idf/soc/CMakeFiles/__idf_soc.dir/esp32s3/mpi_periph.c.obj
[25/123] Building C object esp-idf/soc/CMakeFiles/__idf_soc.dir/esp32s3/touch_sensor_periph.c.obj
[26/123] Building C object esp-idf/soc/CMakeFiles/__idf_soc.dir/esp32s3/mcpwm_periph.c.obj
[27/123] Building C object esp-idf/soc/CMakeFiles/__idf_soc.dir/esp32s3/twai_periph.c.obj
[28/123] Building C object esp-idf/soc/CMakeFiles/__idf_soc.dir/esp32s3/wdt_periph.c.obj
[29/123] Building C object esp-idf/soc/CMakeFiles/__idf_soc.dir/esp32s3/cam_periph.c.obj
[30/123] Building C object esp-idf/soc/CMakeFiles/__idf_soc.dir/esp32s3/power_supply_periph.c.obj
[31/123] Building C object esp-idf/soc/CMakeFiles/__idf_soc.dir/esp32s3/usb_dwc_periph.c.obj
[32/123] Building C object esp-idf/soc/CMakeFiles/__idf_soc.dir/esp32s3/rtc_io_periph.c.obj
[33/123] Building C object esp-idf/hal/CMakeFiles/__idf_hal.dir/mpu_hal.c.obj
[34/123] Building C object esp-idf/hal/CMakeFiles/__idf_hal.dir/efuse_hal.c.obj
[35/123] Building C object esp-idf/hal/CMakeFiles/__idf_hal.dir/hal_utils.c.obj
[36/123] Building C object esp-idf/esp_bootloader_format/CMakeFiles/__idf_esp_bootloader_format.dir/esp_bootloader_desc.c.obj
[37/123] Building C object esp-idf/hal/CMakeFiles/__idf_hal.dir/esp32s3/efuse_hal.c.obj
[38/123] Building C object esp-idf/hal/CMakeFiles/__idf_hal.dir/cache_hal.c.obj
[39/123] Building C object esp-idf/hal/CMakeFiles/__idf_hal.dir/mmu_hal.c.obj
[40/123] Building C object esp-idf/spi_flash/CMakeFiles/__idf_spi_flash.dir/spi_flash_wrap.c.obj
[41/123] Building C object esp-idf/bootloader_support/CMakeFiles/__idf_bootloader_support.dir/src/bootloader_clock_init.c.obj
[42/123] Building C object esp-idf/bootloader_support/CMakeFiles/__idf_bootloader_support.dir/src/bootloader_mem.c.obj
[43/123] Building C object esp-idf/bootloader_support/CMakeFiles/__idf_bootloader_support.dir/src/bootloader_efuse.c.obj
[44/123] Building C object esp-idf/bootloader_support/CMakeFiles/__idf_bootloader_support.dir/src/bootloader_common.c.obj
[45/123] Building C object esp-idf/bootloader_support/CMakeFiles/__idf_bootloader_support.dir/src/bootloader_random.c.obj
[46/123] Building C object esp-idf/bootloader_support/CMakeFiles/__idf_bootloader_support.dir/src/bootloader_common_loader.c.obj
[47/123] Building C object esp-idf/bootloader_support/CMakeFiles/__idf_bootloader_support.dir/src/secure_boot.c.obj
[48/123] Building C object esp-idf/bootloader_support/CMakeFiles/__idf_bootloader_support.dir/src/flash_encrypt.c.obj
[49/123] Building C object esp-idf/bootloader_support/CMakeFiles/__idf_bootloader_support.dir/src/bootloader_random_esp32s3.c.obj
[50/123] Building C object esp-idf/bootloader_support/CMakeFiles/__idf_bootloader_support.dir/bootloader_flash/src/flash_qio_mode.c.obj
[51/123] Building C object esp-idf/bootloader_support/CMakeFiles/__idf_bootloader_support.dir/src/flash_partitions.c.obj
[52/123] Building C object esp-idf/bootloader_support/CMakeFiles/__idf_bootloader_support.dir/bootloader_flash/src/bootloader_flash_config_esp32s3.c.obj
[53/123] Building C object esp-idf/bootloader_support/CMakeFiles/__idf_bootloader_support.dir/src/bootloader_sha.c.obj
[54/123] Building C object esp-idf/bootloader_support/CMakeFiles/__idf_bootloader_support.dir/src/bootloader_clock_loader.c.obj
[55/123] Building C object esp-idf/bootloader_support/CMakeFiles/__idf_bootloader_support.dir/bootloader_flash/src/bootloader_flash.c.obj
[56/123] Building C object esp-idf/bootloader_support/CMakeFiles/__idf_bootloader_support.dir/src/bootloader_init.c.obj
[57/123] Building C object esp-idf/bootloader_support/CMakeFiles/__idf_bootloader_support.dir/src/bootloader_console.c.obj
[58/123] Building C object esp-idf/bootloader_support/CMakeFiles/__idf_bootloader_support.dir/src/bootloader_console_loader.c.obj
[59/123] Building C object esp-idf/bootloader_support/CMakeFiles/__idf_bootloader_support.dir/src/esp32s3/bootloader_soc.c.obj
[60/123] Building C object esp-idf/micro-ecc/CMakeFiles/__idf_micro-ecc.dir/uECC_verify_antifault.c.obj
[61/123] Building C object esp-idf/bootloader_support/CMakeFiles/__idf_bootloader_support.dir/src/bootloader_utility.c.obj
[62/123] Building C object esp-idf/bootloader_support/CMakeFiles/__idf_bootloader_support.dir/src/bootloader_panic.c.obj
[63/123] Building C object esp-idf/efuse/CMakeFiles/__idf_efuse.dir/esp32s3/esp_efuse_table.c.obj
[64/123] Building C object esp-idf/efuse/CMakeFiles/__idf_efuse.dir/esp32s3/esp_efuse_fields.c.obj
[65/123] Building C object esp-idf/bootloader_support/CMakeFiles/__idf_bootloader_support.dir/src/esp_image_format.c.obj
[66/123] Building C object esp-idf/efuse/CMakeFiles/__idf_efuse.dir/src/esp_efuse_fields.c.obj
[67/123] Building C object esp-idf/bootloader_support/CMakeFiles/__idf_bootloader_support.dir/src/esp32s3/bootloader_esp32s3.c.obj
[68/123] Building C object esp-idf/efuse/CMakeFiles/__idf_efuse.dir/esp32s3/esp_efuse_rtc_calib.c.obj
[69/123] Building C object esp-idf/esp_system/CMakeFiles/__idf_esp_system.dir/esp_err.c.obj
[70/123] Building C object esp-idf/efuse/CMakeFiles/__idf_efuse.dir/esp32s3/esp_efuse_utility.c.obj
[71/123] Building C object esp-idf/efuse/CMakeFiles/__idf_efuse.dir/src/esp_efuse_api.c.obj
[72/123] Building C object esp-idf/esp_hw_support/CMakeFiles/__idf_esp_hw_support.dir/port/esp32s3/esp_cpu_intr.c.obj
[73/123] Building C object esp-idf/esp_hw_support/CMakeFiles/__idf_esp_hw_support.dir/cpu.c.obj
[74/123] Building C object esp-idf/esp_hw_support/CMakeFiles/__idf_esp_hw_support.dir/esp_memory_utils.c.obj
[75/123] Building C object esp-idf/esp_hw_support/CMakeFiles/__idf_esp_hw_support.dir/port/esp32s3/cpu_region_protect.c.obj
[76/123] Building C object esp-idf/efuse/CMakeFiles/__idf_efuse.dir/src/efuse_controller/keys/with_key_purposes/esp_efuse_api_key.c.obj
[77/123] Building C object esp-idf/efuse/CMakeFiles/__idf_efuse.dir/src/esp_efuse_utility.c.obj
[78/123] Building C object esp-idf/esp_hw_support/CMakeFiles/__idf_esp_hw_support.dir/port/esp32s3/rtc_clk_init.c.obj
[79/123] Building C object esp-idf/esp_hw_support/CMakeFiles/__idf_esp_hw_support.dir/port/esp32s3/chip_info.c.obj
[80/123] Building C object esp-idf/esp_hw_support/CMakeFiles/__idf_esp_hw_support.dir/port/esp32s3/rtc_sleep.c.obj
[81/123] Building C object esp-idf/esp_hw_support/CMakeFiles/__idf_esp_hw_support.dir/port/esp32s3/rtc_time.c.obj
[82/123] Building C object esp-idf/esp_common/CMakeFiles/__idf_esp_common.dir/src/esp_err_to_name.c.obj
[83/123] Building C object esp-idf/esp_rom/CMakeFiles/__idf_esp_rom.dir/patches/esp_rom_crc.c.obj
[84/123] Building C object esp-idf/esp_rom/CMakeFiles/__idf_esp_rom.dir/patches/esp_rom_sys.c.obj
[85/123] Building C object esp-idf/esp_hw_support/CMakeFiles/__idf_esp_hw_support.dir/port/esp32s3/rtc_init.c.obj
[86/123] Building C object esp-idf/esp_rom/CMakeFiles/__idf_esp_rom.dir/patches/esp_rom_gpio.c.obj
[87/123] Building C object esp-idf/esp_rom/CMakeFiles/__idf_esp_rom.dir/patches/esp_rom_uart.c.obj
[88/123] Building C object esp-idf/esp_hw_support/CMakeFiles/__idf_esp_hw_support.dir/port/esp32s3/rtc_clk.c.obj
[89/123] Building C object esp-idf/esp_rom/CMakeFiles/__idf_esp_rom.dir/patches/esp_rom_efuse.c.obj
[90/123] Building C object esp-idf/esp_rom/CMakeFiles/__idf_esp_rom.dir/patches/esp_rom_spiflash.c.obj
[91/123] Building ASM object esp-idf/esp_rom/CMakeFiles/__idf_esp_rom.dir/patches/esp_rom_longjmp.S.obj
[92/123] Building ASM object esp-idf/esp_rom/CMakeFiles/__idf_esp_rom.dir/patches/esp_rom_cache_writeback_esp32s3.S.obj
[93/123] Building C object esp-idf/esp_rom/CMakeFiles/__idf_esp_rom.dir/patches/esp_rom_systimer.c.obj
[94/123] Building C object esp-idf/log/CMakeFiles/__idf_log.dir/src/noos/log_timestamp.c.obj
[95/123] Building C object esp-idf/esp_rom/CMakeFiles/__idf_esp_rom.dir/patches/esp_rom_wdt.c.obj
[96/123] Building C object esp-idf/esp_rom/CMakeFiles/__idf_esp_rom.dir/patches/esp_rom_cache_esp32s2_esp32s3.c.obj
[97/123] Building C object esp-idf/log/CMakeFiles/__idf_log.dir/src/log_timestamp_common.c.obj
[98/123] Building C object esp-idf/log/CMakeFiles/__idf_log.dir/src/noos/util.c.obj
[99/123] Building C object esp-idf/log/CMakeFiles/__idf_log.dir/src/noos/log_lock.c.obj
[100/123] Building C object esp-idf/esp_rom/CMakeFiles/__idf_esp_rom.dir/patches/esp_rom_print.c.obj
[101/123] Building C object esp-idf/log/CMakeFiles/__idf_log.dir/src/util.c.obj
[102/123] Building C object esp-idf/log/CMakeFiles/__idf_log.dir/src/log_format_text.c.obj
[103/123] Building C object esp-idf/log/CMakeFiles/__idf_log.dir/src/log_print.c.obj
[104/123] Building C object esp-idf/log/CMakeFiles/__idf_log.dir/src/buffer/log_buffers.c.obj
[105/123] Building C object esp-idf/main/CMakeFiles/__idf_main.dir/bootloader_start.c.obj
[106/123] Building C object esp-idf/log/CMakeFiles/__idf_log.dir/src/log.c.obj
[107/123] Linking C static library esp-idf/log/liblog.a
[108/123] Linking C static library esp-idf/esp_rom/libesp_rom.a
[109/123] Linking C static library esp-idf/esp_common/libesp_common.a
[110/123] Linking C static library esp-idf/esp_hw_support/libesp_hw_support.a
[111/123] Linking C static library esp-idf/esp_system/libesp_system.a
[112/123] Linking C static library esp-idf/efuse/libefuse.a
[113/123] Linking C static library esp-idf/bootloader_support/libbootloader_support.a
[114/123] Linking C static library esp-idf/esp_bootloader_format/libesp_bootloader_format.a
[115/123] Linking C static library esp-idf/spi_flash/libspi_flash.a
[116/123] Linking C static library esp-idf/hal/libhal.a
[117/123] Linking C static library esp-idf/micro-ecc/libmicro-ecc.a
[118/123] Linking C static library esp-idf/soc/libsoc.a
[119/123] Linking C static library esp-idf/xtensa/libxtensa.a
[120/123] Linking C static library esp-idf/main/libmain.a
[121/123] Linking C executable bootloader.elf
[122/123] Generating binary image from built executable
esptool.py v4.12.0
Creating esp32s3 image...
Merged 2 ELF sections
Successfully created esp32s3 image.
Generated /home/ludovic/dev/matter-esp32-home-energy-manager/firmware/build/bootloader/bootloader.bin
[123/123] cd /home/ludovic/dev/matter-esp32-home-energy-manager/firmware/build/bootloader/esp-idf/esptool_py && /home/ludovic/.espressif/python_env/idf5.5_py3.12_env/bin/python /home/ludovic/dev/esp-idf-5.5.4/components/partition_table/check_sizes.py --offset 0x8000 bootloader 0x0 /home/ludovic/dev/matter-esp32-home-energy-manager/firmware/build/bootloader/bootloader.bin
Bootloader binary size 0x5160 bytes. 0x2ea0 bytes (36%) free.
[375/2115] Building C object esp-idf/esp_hw_support/CMakeFiles/__idf_esp_hw_support.dir/clk_ctrl_os.c.obj
[376/2115] No install step for 'bootloader'
[377/2115] Building C object esp-idf/esp_hw_support/CMakeFiles/__idf_esp_hw_support.dir/esp_clk.c.obj
[378/2115] Completed 'bootloader'
[379/2115] Building C object esp-idf/esp_hw_support/CMakeFiles/__idf_esp_hw_support.dir/revision.c.obj
[380/2115] Building C object esp-idf/esp_hw_support/CMakeFiles/__idf_esp_hw_support.dir/mac_addr.c.obj
[381/2115] Building C object esp-idf/heap/CMakeFiles/__idf_heap.dir/tlsf/tlsf.c.obj
[382/2115] Building C object esp-idf/esp_hw_support/CMakeFiles/__idf_esp_hw_support.dir/esp_gpio_reserve.c.obj
[383/2115] Building C object esp-idf/esp_hw_support/CMakeFiles/__idf_esp_hw_support.dir/rtc_module.c.obj
[384/2115] Building C object esp-idf/esp_hw_support/CMakeFiles/__idf_esp_hw_support.dir/regi2c_ctrl.c.obj
[385/2115] Building C object esp-idf/esp_hw_support/CMakeFiles/__idf_esp_hw_support.dir/periph_ctrl.c.obj
[386/2115] Building C object esp-idf/esp_hw_support/CMakeFiles/__idf_esp_hw_support.dir/sar_periph_ctrl_common.c.obj
[387/2115] Building C object esp-idf/esp_hw_support/CMakeFiles/__idf_esp_hw_support.dir/port/esp32s3/esp_clk_tree.c.obj
[388/2115] Building C object esp-idf/esp_hw_support/CMakeFiles/__idf_esp_hw_support.dir/port/esp32s3/io_mux.c.obj
[389/2115] Building C object esp-idf/esp_hw_support/CMakeFiles/__idf_esp_hw_support.dir/clk_utils.c.obj
[390/2115] Building C object esp-idf/esp_hw_support/CMakeFiles/__idf_esp_hw_support.dir/port/esp_clk_tree_common.c.obj
[391/2115] Building C object esp-idf/esp_hw_support/CMakeFiles/__idf_esp_hw_support.dir/intr_alloc.c.obj
[392/2115] Building C object esp-idf/esp_hw_support/CMakeFiles/__idf_esp_hw_support.dir/dma/esp_dma_utils.c.obj
[393/2115] Building C object esp-idf/esp_hw_support/CMakeFiles/__idf_esp_hw_support.dir/spi_bus_lock.c.obj
[394/2115] Building C object esp-idf/esp_hw_support/CMakeFiles/__idf_esp_hw_support.dir/sleep_modem.c.obj
[395/2115] Building C object esp-idf/esp_hw_support/CMakeFiles/__idf_esp_hw_support.dir/dma/gdma_link.c.obj
[396/2115] Building C object esp-idf/esp_hw_support/CMakeFiles/__idf_esp_hw_support.dir/spi_share_hw_ctrl.c.obj
[397/2115] Building C object esp-idf/esp_hw_support/CMakeFiles/__idf_esp_hw_support.dir/sleep_mspi.c.obj
[398/2115] Building C object esp-idf/esp_hw_support/CMakeFiles/__idf_esp_hw_support.dir/sleep_usb.c.obj
[399/2115] Building C object esp-idf/esp_hw_support/CMakeFiles/__idf_esp_hw_support.dir/sleep_console.c.obj
[400/2115] Building C object esp-idf/esp_hw_support/CMakeFiles/__idf_esp_hw_support.dir/sleep_event.c.obj
[401/2115] Building C object esp-idf/esp_hw_support/CMakeFiles/__idf_esp_hw_support.dir/adc_share_hw_ctrl.c.obj
[402/2115] Building C object esp-idf/esp_hw_support/CMakeFiles/__idf_esp_hw_support.dir/dma/esp_async_memcpy.c.obj
[403/2115] Building C object esp-idf/esp_hw_support/CMakeFiles/__idf_esp_hw_support.dir/deprecated/gdma_legacy.c.obj
[404/2115] Building C object esp-idf/esp_hw_support/CMakeFiles/__idf_esp_hw_support.dir/port/esp32s3/systimer.c.obj
[405/2115] Building C object esp-idf/esp_hw_support/CMakeFiles/__idf_esp_hw_support.dir/sleep_gpio.c.obj
[406/2115] Building C object esp-idf/esp_hw_support/CMakeFiles/__idf_esp_hw_support.dir/sleep_wake_stub.c.obj
[407/2115] Building C object esp-idf/esp_hw_support/CMakeFiles/__idf_esp_hw_support.dir/mspi_timing_tuning/mspi_timing_tuning.c.obj
[408/2115] Building C object esp-idf/esp_hw_support/CMakeFiles/__idf_esp_hw_support.dir/esp_clock_output.c.obj
[409/2115] Building C object esp-idf/esp_hw_support/CMakeFiles/__idf_esp_hw_support.dir/dma/async_memcpy_gdma.c.obj
[410/2115] Building C object esp-idf/esp_hw_support/CMakeFiles/__idf_esp_hw_support.dir/power_supply/brownout.c.obj
[411/2115] Building C object esp-idf/esp_hw_support/CMakeFiles/__idf_esp_hw_support.dir/dma/gdma.c.obj
[412/2115] Building C object esp-idf/esp_hw_support/CMakeFiles/__idf_esp_hw_support.dir/port/esp32s3/rtc_clk_init.c.obj
[413/2115] Building C object esp-idf/esp_hw_support/CMakeFiles/__idf_esp_hw_support.dir/port/esp32s3/chip_info.c.obj
[414/2115] Building C object esp-idf/esp_hw_support/CMakeFiles/__idf_esp_hw_support.dir/port/esp32s3/rtc_sleep.c.obj
[415/2115] Building C object esp-idf/esp_hw_support/CMakeFiles/__idf_esp_hw_support.dir/port/esp32s3/rtc_clk.c.obj
[416/2115] Building C object esp-idf/esp_hw_support/CMakeFiles/__idf_esp_hw_support.dir/sleep_modes.c.obj
[417/2115] Building C object esp-idf/esp_hw_support/CMakeFiles/__idf_esp_hw_support.dir/port/esp32s3/rtc_init.c.obj
[418/2115] Building C object esp-idf/esp_hw_support/CMakeFiles/__idf_esp_hw_support.dir/port/esp32s3/rtc_time.c.obj
[419/2115] Building C object esp-idf/esp_hw_support/CMakeFiles/__idf_esp_hw_support.dir/port/esp_memprot_conv.c.obj
[420/2115] Building C object esp-idf/esp_hw_support/CMakeFiles/__idf_esp_hw_support.dir/mspi_timing_tuning/port/esp32s3/mspi_timing_config.c.obj
[421/2115] Building C object esp-idf/esp_hw_support/CMakeFiles/__idf_esp_hw_support.dir/port/esp32s3/sar_periph_ctrl.c.obj
[422/2115] Building C object esp-idf/esp_hw_support/CMakeFiles/__idf_esp_hw_support.dir/mspi_timing_tuning/port/esp32s3/mspi_timing_by_mspi_delay.c.obj
[423/2115] Building C object esp-idf/freertos/CMakeFiles/__idf_freertos.dir/heap_idf.c.obj
[424/2115] Building C object esp-idf/freertos/CMakeFiles/__idf_freertos.dir/port_systick.c.obj
[425/2115] Building C object esp-idf/freertos/CMakeFiles/__idf_freertos.dir/port_common.c.obj
[426/2115] Building C object esp-idf/freertos/CMakeFiles/__idf_freertos.dir/app_startup.c.obj
[427/2115] Building C object esp-idf/esp_hw_support/CMakeFiles/__idf_esp_hw_support.dir/lowpower/port/esp32s3/sleep_cpu.c.obj
[428/2115] Building C object esp-idf/freertos/CMakeFiles/__idf_freertos.dir/FreeRTOS-Kernel/list.c.obj
[429/2115] Building C object esp-idf/freertos/CMakeFiles/__idf_freertos.dir/FreeRTOS-Kernel/event_groups.c.obj
[430/2115] Building C object esp-idf/freertos/CMakeFiles/__idf_freertos.dir/FreeRTOS-Kernel/stream_buffer.c.obj
[431/2115] Building ASM object esp-idf/freertos/CMakeFiles/__idf_freertos.dir/FreeRTOS-Kernel/portable/xtensa/portasm.S.obj
[432/2115] Building C object esp-idf/freertos/CMakeFiles/__idf_freertos.dir/FreeRTOS-Kernel/portable/xtensa/xtensa_init.c.obj
[433/2115] Building C object esp-idf/freertos/CMakeFiles/__idf_freertos.dir/FreeRTOS-Kernel/timers.c.obj
[434/2115] Building C object esp-idf/freertos/CMakeFiles/__idf_freertos.dir/FreeRTOS-Kernel/portable/xtensa/port.c.obj
[435/2115] Building C object esp-idf/freertos/CMakeFiles/__idf_freertos.dir/FreeRTOS-Kernel/portable/xtensa/xtensa_overlay_os_hook.c.obj
[436/2115] Building C object esp-idf/freertos/CMakeFiles/__idf_freertos.dir/FreeRTOS-Kernel/queue.c.obj
[437/2115] Building C object esp-idf/freertos/CMakeFiles/__idf_freertos.dir/esp_additions/freertos_compatibility.c.obj
[438/2115] Building C object esp-idf/freertos/CMakeFiles/__idf_freertos.dir/esp_additions/idf_additions_event_groups.c.obj
[439/2115] Building C object esp-idf/newlib/CMakeFiles/__idf_newlib.dir/src/init.c.obj
[440/2115] Building C object esp-idf/newlib/CMakeFiles/__idf_newlib.dir/src/assert.c.obj
[441/2115] Building C object esp-idf/newlib/CMakeFiles/__idf_newlib.dir/src/abort.c.obj
[442/2115] Building C object esp-idf/newlib/CMakeFiles/__idf_newlib.dir/src/heap.c.obj
[443/2115] Building C object esp-idf/freertos/CMakeFiles/__idf_freertos.dir/esp_additions/idf_additions.c.obj
[444/2115] Building C object esp-idf/newlib/CMakeFiles/__idf_newlib.dir/src/poll.c.obj
[445/2115] Building C object esp-idf/newlib/CMakeFiles/__idf_newlib.dir/src/pthread.c.obj
[446/2115] Building C object esp-idf/newlib/CMakeFiles/__idf_newlib.dir/src/random.c.obj
[447/2115] Building C object esp-idf/newlib/CMakeFiles/__idf_newlib.dir/src/getentropy.c.obj
[448/2115] Building C object esp-idf/esp_hw_support/CMakeFiles/__idf_esp_hw_support.dir/port/esp32s3/esp_memprot.c.obj
[449/2115] Building C object esp-idf/newlib/CMakeFiles/__idf_newlib.dir/src/termios.c.obj
[450/2115] Building C object esp-idf/newlib/CMakeFiles/__idf_newlib.dir/src/sysconf.c.obj
[451/2115] Building C object esp-idf/newlib/CMakeFiles/__idf_newlib.dir/src/locks.c.obj
[452/2115] Building C object esp-idf/newlib/CMakeFiles/__idf_newlib.dir/src/realpath.c.obj
[453/2115] Building C object esp-idf/newlib/CMakeFiles/__idf_newlib.dir/src/syscalls.c.obj
[454/2115] Building C object esp-idf/newlib/CMakeFiles/__idf_newlib.dir/src/scandir.c.obj
[455/2115] Building C object esp-idf/newlib/CMakeFiles/__idf_newlib.dir/src/time.c.obj
[456/2115] Building C object esp-idf/newlib/CMakeFiles/__idf_newlib.dir/src/port/esp_time_impl.c.obj
[457/2115] Building C object esp-idf/newlib/CMakeFiles/__idf_newlib.dir/src/reent_syscalls.c.obj
[458/2115] Building C object esp-idf/freertos/CMakeFiles/__idf_freertos.dir/FreeRTOS-Kernel/tasks.c.obj
[459/2115] Building C object esp-idf/newlib/CMakeFiles/__idf_newlib.dir/src/flockfile.c.obj
[460/2115] Building C object esp-idf/newlib/CMakeFiles/__idf_newlib.dir/src/reent_init.c.obj
[461/2115] Building C object esp-idf/newlib/CMakeFiles/__idf_newlib.dir/src/newlib_init.c.obj
[462/2115] Building C object esp-idf/newlib/CMakeFiles/__idf_newlib.dir/src/port/xtensa/stdatomic_s32c1i.c.obj
[463/2115] Building C object esp-idf/pthread/CMakeFiles/__idf_pthread.dir/pthread_cond_var.c.obj
[464/2115] Building C object esp-idf/pthread/CMakeFiles/__idf_pthread.dir/pthread_local_storage.c.obj
[465/2115] Building C object esp-idf/pthread/CMakeFiles/__idf_pthread.dir/pthread_semaphore.c.obj
[466/2115] Building C object esp-idf/pthread/CMakeFiles/__idf_pthread.dir/pthread_rwlock.c.obj
[467/2115] Building CXX object esp-idf/cxx/CMakeFiles/__idf_cxx.dir/cxx_init.cpp.obj
[468/2115] Building CXX object esp-idf/cxx/CMakeFiles/__idf_cxx.dir/cxx_exception_stubs.cpp.obj
[469/2115] Building C object esp-idf/pthread/CMakeFiles/__idf_pthread.dir/pthread.c.obj
[470/2115] Building C object esp-idf/esp_timer/CMakeFiles/__idf_esp_timer.dir/src/esp_timer_init.c.obj
[471/2115] Building C object esp-idf/esp_timer/CMakeFiles/__idf_esp_timer.dir/src/system_time.c.obj
[472/2115] Building C object esp-idf/esp_timer/CMakeFiles/__idf_esp_timer.dir/src/esp_timer_impl_common.c.obj
[473/2115] Building C object esp-idf/esp_timer/CMakeFiles/__idf_esp_timer.dir/src/ets_timer_legacy.c.obj
[474/2115] Building C object esp-idf/esp_timer/CMakeFiles/__idf_esp_timer.dir/src/esp_timer.c.obj
[475/2115] Building CXX object esp-idf/cxx/CMakeFiles/__idf_cxx.dir/cxx_guards.cpp.obj
[476/2115] Building C object esp-idf/esp_psram/CMakeFiles/__idf_esp_psram.dir/system_layer/esp_psram_mspi.c.obj
[477/2115] Building C object esp-idf/esp_timer/CMakeFiles/__idf_esp_timer.dir/src/esp_timer_impl_systimer.c.obj
[478/2115] Building C object esp-idf/esp_driver_gptimer/CMakeFiles/__idf_esp_driver_gptimer.dir/src/gptimer_common.c.obj
[479/2115] Building C object esp-idf/newlib/CMakeFiles/__idf_newlib.dir/src/stdatomic.c.obj
[480/2115] Building C object esp-idf/esp_psram/CMakeFiles/__idf_esp_psram.dir/system_layer/esp_psram.c.obj
[481/2115] Building C object esp-idf/esp_psram/CMakeFiles/__idf_esp_psram.dir/xip_impl/mmu_psram_flash.c.obj
[482/2115] Building C object esp-idf/esp_driver_gptimer/CMakeFiles/__idf_esp_driver_gptimer.dir/src/gptimer.c.obj
[483/2115] Building C object esp-idf/esp_driver_uart/CMakeFiles/__idf_esp_driver_uart.dir/src/uart_wakeup.c.obj
[484/2115] Building C object esp-idf/esp_psram/CMakeFiles/__idf_esp_psram.dir/device/esp_psram_impl_ap_quad.c.obj
[485/2115] Building C object esp-idf/esp_event/CMakeFiles/__idf_esp_event.dir/default_event_loop.c.obj
[486/2115] Building C object esp-idf/esp_ringbuf/CMakeFiles/__idf_esp_ringbuf.dir/ringbuf.c.obj
[487/2115] Building C object esp-idf/esp_event/CMakeFiles/__idf_esp_event.dir/esp_event_private.c.obj
[488/2115] Building C object esp-idf/esp_driver_uart/CMakeFiles/__idf_esp_driver_uart.dir/src/uhci.c.obj
[489/2115] Building C object esp-idf/esp_driver_uart/CMakeFiles/__idf_esp_driver_uart.dir/src/uart_vfs.c.obj
[490/2115] Building C object esp-idf/esp_event/CMakeFiles/__idf_esp_event.dir/esp_event.c.obj
[491/2115] Building CXX object esp-idf/nvs_flash/CMakeFiles/__idf_nvs_flash.dir/src/nvs_item_hash_list.cpp.obj
[492/2115] Building CXX object esp-idf/nvs_flash/CMakeFiles/__idf_nvs_flash.dir/src/nvs_cxx_api.cpp.obj
[493/2115] Building C object esp-idf/esp_driver_uart/CMakeFiles/__idf_esp_driver_uart.dir/src/uart.c.obj
[494/2115] Building CXX object esp-idf/nvs_flash/CMakeFiles/__idf_nvs_flash.dir/src/nvs_pagemanager.cpp.obj
[495/2115] Building CXX object esp-idf/nvs_flash/CMakeFiles/__idf_nvs_flash.dir/src/nvs_page.cpp.obj
[496/2115] Building CXX object esp-idf/nvs_flash/CMakeFiles/__idf_nvs_flash.dir/src/nvs_api.cpp.obj
[497/2115] Building CXX object esp-idf/nvs_flash/CMakeFiles/__idf_nvs_flash.dir/src/nvs_partition.cpp.obj
[498/2115] Building CXX object esp-idf/nvs_flash/CMakeFiles/__idf_nvs_flash.dir/src/nvs_storage.cpp.obj
[499/2115] Building CXX object esp-idf/nvs_flash/CMakeFiles/__idf_nvs_flash.dir/src/nvs_partition_lookup.cpp.obj
[500/2115] Building CXX object esp-idf/nvs_flash/CMakeFiles/__idf_nvs_flash.dir/src/nvs_platform.cpp.obj
[501/2115] Building CXX object esp-idf/nvs_flash/CMakeFiles/__idf_nvs_flash.dir/src/nvs_handle_locked.cpp.obj
[502/2115] Building CXX object esp-idf/nvs_flash/CMakeFiles/__idf_nvs_flash.dir/src/nvs_handle_simple.cpp.obj
[503/2115] Building C object esp-idf/nvs_flash/CMakeFiles/__idf_nvs_flash.dir/src/nvs_bootloader_aes.c.obj
[504/2115] Building C object esp-idf/nvs_flash/CMakeFiles/__idf_nvs_flash.dir/src/nvs_bootloader_xts_aes.c.obj
[505/2115] Building C object esp-idf/nvs_flash/CMakeFiles/__idf_nvs_flash.dir/src/nvs_bootloader.c.obj
[506/2115] Building C object esp-idf/esp_phy/CMakeFiles/__idf_esp_phy.dir/src/lib_printf.c.obj
[507/2115] Building C object esp-idf/esp_phy/CMakeFiles/__idf_esp_phy.dir/src/phy_override.c.obj
[508/2115] Building C object esp-idf/esp_phy/CMakeFiles/__idf_esp_phy.dir/esp32s3/phy_init_data.c.obj
[509/2115] Building CXX object esp-idf/nvs_flash/CMakeFiles/__idf_nvs_flash.dir/src/nvs_partition_manager.cpp.obj
[510/2115] Building C object esp-idf/esp_phy/CMakeFiles/__idf_esp_phy.dir/src/phy_common.c.obj
[511/2115] Building C object esp-idf/esp_phy/CMakeFiles/__idf_esp_phy.dir/src/btbb_init.c.obj
[512/2115] Building C object esp-idf/esp_phy/CMakeFiles/__idf_esp_phy.dir/src/phy_init.c.obj
[513/2115] Building CXX object esp-idf/nvs_flash/CMakeFiles/__idf_nvs_flash.dir/src/nvs_types.cpp.obj
[514/2115] Building C object esp-idf/esp_driver_usb_serial_jtag/CMakeFiles/__idf_esp_driver_usb_serial_jtag.dir/src/usb_serial_jtag_connection_monitor.c.obj
[515/2115] Building C object esp-idf/esp_driver_usb_serial_jtag/CMakeFiles/__idf_esp_driver_usb_serial_jtag.dir/src/usb_serial_jtag.c.obj
[516/2115] Building C object esp-idf/esp_vfs_console/CMakeFiles/__idf_esp_vfs_console.dir/vfs_console.c.obj
[517/2115] Building C object esp-idf/esp_driver_usb_serial_jtag/CMakeFiles/__idf_esp_driver_usb_serial_jtag.dir/src/usb_serial_jtag_vfs.c.obj
[518/2115] Building C object esp-idf/vfs/CMakeFiles/__idf_vfs.dir/nullfs.c.obj
[519/2115] Building CXX object esp-idf/nvs_flash/CMakeFiles/__idf_nvs_flash.dir/src/nvs_encrypted_partition.cpp.obj
[520/2115] Building C object esp-idf/vfs/CMakeFiles/__idf_vfs.dir/vfs_eventfd.c.obj
[521/2115] Building C object esp-idf/lwip/CMakeFiles/__idf_lwip.dir/apps/sntp/sntp.c.obj
[522/2115] Building C object esp-idf/lwip/CMakeFiles/__idf_lwip.dir/lwip/src/api/err.c.obj
[523/2115] Building C object esp-idf/lwip/CMakeFiles/__idf_lwip.dir/lwip/src/api/api_lib.c.obj
[524/2115] Building C object esp-idf/lwip/CMakeFiles/__idf_lwip.dir/lwip/src/api/netbuf.c.obj
[525/2115] Building C object esp-idf/vfs/CMakeFiles/__idf_vfs.dir/vfs_semihost.c.obj
[526/2115] Building C object esp-idf/lwip/CMakeFiles/__idf_lwip.dir/lwip/src/api/if_api.c.obj
[527/2115] Building C object esp-idf/lwip/CMakeFiles/__idf_lwip.dir/lwip/src/api/netdb.c.obj
[528/2115] Building C object esp-idf/lwip/CMakeFiles/__idf_lwip.dir/lwip/src/api/netifapi.c.obj
[529/2115] Building C object esp-idf/vfs/CMakeFiles/__idf_vfs.dir/vfs.c.obj
[530/2115] Building C object esp-idf/lwip/CMakeFiles/__idf_lwip.dir/lwip/src/core/def.c.obj
[531/2115] Building C object esp-idf/lwip/CMakeFiles/__idf_lwip.dir/lwip/src/api/tcpip.c.obj
[532/2115] Building C object esp-idf/lwip/CMakeFiles/__idf_lwip.dir/lwip/src/apps/netbiosns/netbiosns.c.obj
[533/2115] Building C object esp-idf/lwip/CMakeFiles/__idf_lwip.dir/lwip/src/apps/sntp/sntp.c.obj
[534/2115] Building C object esp-idf/lwip/CMakeFiles/__idf_lwip.dir/lwip/src/core/inet_chksum.c.obj
[535/2115] Building C object esp-idf/lwip/CMakeFiles/__idf_lwip.dir/lwip/src/core/init.c.obj
[536/2115] Building C object esp-idf/lwip/CMakeFiles/__idf_lwip.dir/lwip/src/core/ip.c.obj
[537/2115] Building C object esp-idf/lwip/CMakeFiles/__idf_lwip.dir/lwip/src/api/api_msg.c.obj
[538/2115] Building C object esp-idf/lwip/CMakeFiles/__idf_lwip.dir/lwip/src/core/mem.c.obj
[539/2115] Building C object esp-idf/lwip/CMakeFiles/__idf_lwip.dir/lwip/src/core/memp.c.obj
[540/2115] Building C object esp-idf/lwip/CMakeFiles/__idf_lwip.dir/lwip/src/core/stats.c.obj
[541/2115] Building C object esp-idf/lwip/CMakeFiles/__idf_lwip.dir/lwip/src/core/dns.c.obj
[542/2115] Building C object esp-idf/lwip/CMakeFiles/__idf_lwip.dir/lwip/src/core/sys.c.obj
[543/2115] Building C object esp-idf/lwip/CMakeFiles/__idf_lwip.dir/lwip/src/api/sockets.c.obj
[544/2115] Building C object esp-idf/lwip/CMakeFiles/__idf_lwip.dir/lwip/src/core/raw.c.obj
[545/2115] Building C object esp-idf/lwip/CMakeFiles/__idf_lwip.dir/lwip/src/core/pbuf.c.obj
[546/2115] Building C object esp-idf/lwip/CMakeFiles/__idf_lwip.dir/lwip/src/core/netif.c.obj
[547/2115] Building C object esp-idf/lwip/CMakeFiles/__idf_lwip.dir/lwip/src/core/timeouts.c.obj
[548/2115] Building C object esp-idf/lwip/CMakeFiles/__idf_lwip.dir/lwip/src/core/ipv4/autoip.c.obj
[549/2115] Building C object esp-idf/lwip/CMakeFiles/__idf_lwip.dir/lwip/src/core/udp.c.obj
[550/2115] Building C object esp-idf/lwip/CMakeFiles/__idf_lwip.dir/lwip/src/core/tcp_out.c.obj
[551/2115] Building C object esp-idf/lwip/CMakeFiles/__idf_lwip.dir/lwip/src/core/tcp_in.c.obj
[552/2115] Building C object esp-idf/lwip/CMakeFiles/__idf_lwip.dir/lwip/src/core/tcp.c.obj
[553/2115] Building C object esp-idf/lwip/CMakeFiles/__idf_lwip.dir/lwip/src/core/ipv4/etharp.c.obj
[554/2115] Building C object esp-idf/lwip/CMakeFiles/__idf_lwip.dir/lwip/src/core/ipv4/icmp.c.obj
[555/2115] Building C object esp-idf/lwip/CMakeFiles/__idf_lwip.dir/lwip/src/core/ipv4/ip4_napt.c.obj
[556/2115] Building C object esp-idf/lwip/CMakeFiles/__idf_lwip.dir/lwip/src/core/ipv4/ip4.c.obj
[557/2115] Building C object esp-idf/lwip/CMakeFiles/__idf_lwip.dir/lwip/src/core/ipv6/dhcp6.c.obj
[558/2115] Building C object esp-idf/lwip/CMakeFiles/__idf_lwip.dir/lwip/src/core/ipv4/ip4_frag.c.obj
[559/2115] Building C object esp-idf/lwip/CMakeFiles/__idf_lwip.dir/lwip/src/core/ipv6/ethip6.c.obj
[560/2115] Building C object esp-idf/lwip/CMakeFiles/__idf_lwip.dir/lwip/src/core/ipv6/icmp6.c.obj
[561/2115] Building C object esp-idf/lwip/CMakeFiles/__idf_lwip.dir/lwip/src/core/ipv4/dhcp.c.obj
[562/2115] Building C object esp-idf/lwip/CMakeFiles/__idf_lwip.dir/lwip/src/core/ipv4/igmp.c.obj
[563/2115] Building C object esp-idf/lwip/CMakeFiles/__idf_lwip.dir/lwip/src/core/ipv4/ip4_addr.c.obj
[564/2115] Building C object esp-idf/lwip/CMakeFiles/__idf_lwip.dir/lwip/src/core/ipv6/inet6.c.obj
[565/2115] Building C object esp-idf/lwip/CMakeFiles/__idf_lwip.dir/lwip/src/core/ipv6/ip6_frag.c.obj
[566/2115] Building C object esp-idf/lwip/CMakeFiles/__idf_lwip.dir/lwip/src/netif/ethernet.c.obj
[567/2115] Building C object esp-idf/lwip/CMakeFiles/__idf_lwip.dir/lwip/src/core/ipv6/ip6_addr.c.obj
[568/2115] Building C object esp-idf/lwip/CMakeFiles/__idf_lwip.dir/lwip/src/netif/bridgeif.c.obj
[569/2115] Building C object esp-idf/lwip/CMakeFiles/__idf_lwip.dir/lwip/src/core/ipv6/mld6.c.obj
[570/2115] Building C object esp-idf/lwip/CMakeFiles/__idf_lwip.dir/lwip/src/netif/bridgeif_fdb.c.obj
[571/2115] Building C object esp-idf/lwip/CMakeFiles/__idf_lwip.dir/lwip/src/netif/ppp/ccp.c.obj
[572/2115] Building C object esp-idf/lwip/CMakeFiles/__idf_lwip.dir/lwip/src/netif/ppp/auth.c.obj
[573/2115] Building C object esp-idf/lwip/CMakeFiles/__idf_lwip.dir/lwip/src/netif/slipif.c.obj
[574/2115] Building C object esp-idf/lwip/CMakeFiles/__idf_lwip.dir/lwip/src/core/ipv6/ip6.c.obj
[575/2115] Building C object esp-idf/lwip/CMakeFiles/__idf_lwip.dir/lwip/src/netif/ppp/chap-new.c.obj
[576/2115] Building C object esp-idf/lwip/CMakeFiles/__idf_lwip.dir/lwip/src/netif/ppp/chap-md5.c.obj
[577/2115] Building C object esp-idf/lwip/CMakeFiles/__idf_lwip.dir/lwip/src/netif/ppp/chap_ms.c.obj
[578/2115] Building C object esp-idf/lwip/CMakeFiles/__idf_lwip.dir/lwip/src/netif/ppp/ecp.c.obj
[579/2115] Building C object esp-idf/lwip/CMakeFiles/__idf_lwip.dir/lwip/src/netif/ppp/demand.c.obj
[580/2115] Building C object esp-idf/lwip/CMakeFiles/__idf_lwip.dir/lwip/src/netif/ppp/eap.c.obj
[581/2115] Building C object esp-idf/lwip/CMakeFiles/__idf_lwip.dir/lwip/src/netif/ppp/eui64.c.obj
[582/2115] Building C object esp-idf/lwip/CMakeFiles/__idf_lwip.dir/lwip/src/netif/ppp/fsm.c.obj
[583/2115] Building C object esp-idf/lwip/CMakeFiles/__idf_lwip.dir/lwip/src/netif/ppp/ipv6cp.c.obj
[584/2115] Building C object esp-idf/lwip/CMakeFiles/__idf_lwip.dir/lwip/src/netif/ppp/ipcp.c.obj
[585/2115] Building C object esp-idf/lwip/CMakeFiles/__idf_lwip.dir/lwip/src/netif/ppp/lcp.c.obj
[586/2115] Building C object esp-idf/lwip/CMakeFiles/__idf_lwip.dir/lwip/src/netif/ppp/magic.c.obj
[587/2115] Building C object esp-idf/lwip/CMakeFiles/__idf_lwip.dir/lwip/src/netif/ppp/mppe.c.obj
[588/2115] Building C object esp-idf/lwip/CMakeFiles/__idf_lwip.dir/lwip/src/netif/ppp/ppp.c.obj
[589/2115] Building C object esp-idf/lwip/CMakeFiles/__idf_lwip.dir/lwip/src/netif/ppp/multilink.c.obj
[590/2115] Building C object esp-idf/lwip/CMakeFiles/__idf_lwip.dir/lwip/src/netif/ppp/pppapi.c.obj
[591/2115] Building C object esp-idf/lwip/CMakeFiles/__idf_lwip.dir/lwip/src/netif/ppp/pppcrypt.c.obj
[592/2115] Building C object esp-idf/lwip/CMakeFiles/__idf_lwip.dir/lwip/src/netif/ppp/pppoe.c.obj
[593/2115] Building C object esp-idf/lwip/CMakeFiles/__idf_lwip.dir/lwip/src/netif/ppp/pppol2tp.c.obj
[594/2115] Building C object esp-idf/lwip/CMakeFiles/__idf_lwip.dir/lwip/src/netif/ppp/pppos.c.obj
[595/2115] Building C object esp-idf/lwip/CMakeFiles/__idf_lwip.dir/lwip/src/netif/ppp/upap.c.obj
[596/2115] Building C object esp-idf/lwip/CMakeFiles/__idf_lwip.dir/lwip/src/netif/ppp/utils.c.obj
[597/2115] Building C object esp-idf/lwip/CMakeFiles/__idf_lwip.dir/lwip/src/netif/ppp/vj.c.obj
[598/2115] Building C object esp-idf/lwip/CMakeFiles/__idf_lwip.dir/port/hooks/tcp_isn_default.c.obj
[599/2115] Building C object esp-idf/lwip/CMakeFiles/__idf_lwip.dir/port/hooks/lwip_default_hooks.c.obj
[600/2115] Building C object esp-idf/lwip/CMakeFiles/__idf_lwip.dir/port/sockets_ext.c.obj
[601/2115] Building C object esp-idf/lwip/CMakeFiles/__idf_lwip.dir/port/if_index.c.obj
[602/2115] Building C object esp-idf/lwip/CMakeFiles/__idf_lwip.dir/port/debug/lwip_debug.c.obj
[603/2115] Building C object esp-idf/lwip/CMakeFiles/__idf_lwip.dir/port/freertos/sys_arch.c.obj
[604/2115] Building C object esp-idf/lwip/CMakeFiles/__idf_lwip.dir/lwip/src/core/ipv6/nd6.c.obj
[605/2115] Building C object esp-idf/lwip/CMakeFiles/__idf_lwip.dir/port/acd_dhcp_check.c.obj
[606/2115] Building C object esp-idf/lwip/CMakeFiles/__idf_lwip.dir/port/esp32xx/vfs_lwip.c.obj
[607/2115] Building C object esp-idf/lwip/CMakeFiles/__idf_lwip.dir/apps/ping/esp_ping.c.obj
[608/2115] Building C object esp-idf/lwip/CMakeFiles/__idf_lwip.dir/lwip/src/netif/ppp/polarssl/arc4.c.obj
[609/2115] Building C object esp-idf/lwip/CMakeFiles/__idf_lwip.dir/apps/ping/ping.c.obj
[610/2115] Building C object esp-idf/lwip/CMakeFiles/__idf_lwip.dir/lwip/src/netif/ppp/polarssl/des.c.obj
[611/2115] Building C object esp-idf/lwip/CMakeFiles/__idf_lwip.dir/lwip/src/netif/ppp/polarssl/md4.c.obj
[612/2115] Building C object esp-idf/lwip/CMakeFiles/__idf_lwip.dir/lwip/src/netif/ppp/polarssl/md5.c.obj
[613/2115] Building C object esp-idf/lwip/CMakeFiles/__idf_lwip.dir/lwip/src/netif/ppp/polarssl/sha1.c.obj
[614/2115] Building C object esp-idf/esp_netif/CMakeFiles/__idf_esp_netif.dir/esp_netif_defaults.c.obj
[615/2115] Building C object esp-idf/lwip/CMakeFiles/__idf_lwip.dir/apps/ping/ping_sock.c.obj
[616/2115] Building C object esp-idf/esp_netif/CMakeFiles/__idf_esp_netif.dir/esp_netif_objects.c.obj
[617/2115] Building C object esp-idf/esp_netif/CMakeFiles/__idf_esp_netif.dir/esp_netif_handlers.c.obj
[618/2115] Building C object esp-idf/esp_netif/CMakeFiles/__idf_esp_netif.dir/lwip/esp_netif_lwip_defaults.c.obj
[619/2115] Building C object esp-idf/esp_netif/CMakeFiles/__idf_esp_netif.dir/lwip/esp_netif_sntp.c.obj
[620/2115] Building C object esp-idf/esp_netif/CMakeFiles/__idf_esp_netif.dir/lwip/netif/wlanif.c.obj
[621/2115] Building C object esp-idf/esp_netif/CMakeFiles/__idf_esp_netif.dir/lwip/netif/ethernetif.c.obj
[622/2115] Building C object esp-idf/esp_netif/CMakeFiles/__idf_esp_netif.dir/lwip/netif/esp_pbuf_ref.c.obj
[623/2115] Building C object esp-idf/wpa_supplicant/CMakeFiles/__idf_wpa_supplicant.dir/port/os_xtensa.c.obj
[624/2115] Building C object esp-idf/lwip/CMakeFiles/__idf_lwip.dir/apps/dhcpserver/dhcpserver.c.obj
[625/2115] Building C object esp-idf/wpa_supplicant/CMakeFiles/__idf_wpa_supplicant.dir/src/ap/ap_config.c.obj
[626/2115] Building C object esp-idf/wpa_supplicant/CMakeFiles/__idf_wpa_supplicant.dir/port/eloop.c.obj
[627/2115] Building C object esp-idf/wpa_supplicant/CMakeFiles/__idf_wpa_supplicant.dir/src/ap/ieee802_1x.c.obj
[628/2115] Building C object esp-idf/wpa_supplicant/CMakeFiles/__idf_wpa_supplicant.dir/src/ap/ieee802_11.c.obj
[629/2115] Building C object esp-idf/wpa_supplicant/CMakeFiles/__idf_wpa_supplicant.dir/src/ap/pmksa_cache_auth.c.obj
[630/2115] Building C object esp-idf/wpa_supplicant/CMakeFiles/__idf_wpa_supplicant.dir/src/ap/wpa_auth_ie.c.obj
[631/2115] Building C object esp-idf/wpa_supplicant/CMakeFiles/__idf_wpa_supplicant.dir/src/ap/sta_info.c.obj
[632/2115] Building C object esp-idf/esp_netif/CMakeFiles/__idf_esp_netif.dir/lwip/esp_netif_lwip.c.obj
[633/2115] Building C object esp-idf/wpa_supplicant/CMakeFiles/__idf_wpa_supplicant.dir/src/ap/comeback_token.c.obj
[634/2115] Building C object esp-idf/wpa_supplicant/CMakeFiles/__idf_wpa_supplicant.dir/src/utils/bitfield.c.obj
[635/2115] Building C object esp-idf/wpa_supplicant/CMakeFiles/__idf_wpa_supplicant.dir/src/common/dragonfly.c.obj
[636/2115] Building C object esp-idf/wpa_supplicant/CMakeFiles/__idf_wpa_supplicant.dir/src/crypto/sha256-kdf.c.obj
[637/2115] Building C object esp-idf/wpa_supplicant/CMakeFiles/__idf_wpa_supplicant.dir/src/crypto/aes-siv.c.obj
[638/2115] Building C object esp-idf/wpa_supplicant/CMakeFiles/__idf_wpa_supplicant.dir/src/crypto/aes-gcm.c.obj
[639/2115] Building C object esp-idf/wpa_supplicant/CMakeFiles/__idf_wpa_supplicant.dir/src/crypto/crypto_ops.c.obj
[640/2115] Building C object esp-idf/wpa_supplicant/CMakeFiles/__idf_wpa_supplicant.dir/src/crypto/ccmp.c.obj
[641/2115] Building C object esp-idf/wpa_supplicant/CMakeFiles/__idf_wpa_supplicant.dir/src/crypto/dh_group5.c.obj
[642/2115] Building C object esp-idf/wpa_supplicant/CMakeFiles/__idf_wpa_supplicant.dir/src/crypto/dh_groups.c.obj
[643/2115] Building C object esp-idf/wpa_supplicant/CMakeFiles/__idf_wpa_supplicant.dir/src/common/wpa_common.c.obj
[644/2115] Building C object esp-idf/wpa_supplicant/CMakeFiles/__idf_wpa_supplicant.dir/src/ap/wpa_auth.c.obj
[645/2115] Building C object esp-idf/wpa_supplicant/CMakeFiles/__idf_wpa_supplicant.dir/src/crypto/sha1-tlsprf.c.obj
[646/2115] Building C object esp-idf/wpa_supplicant/CMakeFiles/__idf_wpa_supplicant.dir/src/crypto/sha256-tlsprf.c.obj
[647/2115] Building C object esp-idf/wpa_supplicant/CMakeFiles/__idf_wpa_supplicant.dir/src/crypto/ms_funcs.c.obj
[648/2115] Building C object esp-idf/wpa_supplicant/CMakeFiles/__idf_wpa_supplicant.dir/src/crypto/sha384-tlsprf.c.obj
[649/2115] Building C object esp-idf/wpa_supplicant/CMakeFiles/__idf_wpa_supplicant.dir/src/crypto/sha256-prf.c.obj
[650/2115] Building C object esp-idf/wpa_supplicant/CMakeFiles/__idf_wpa_supplicant.dir/src/crypto/sha384-prf.c.obj
[651/2115] Building C object esp-idf/wpa_supplicant/CMakeFiles/__idf_wpa_supplicant.dir/src/crypto/sha1-prf.c.obj
[652/2115] Building C object esp-idf/wpa_supplicant/CMakeFiles/__idf_wpa_supplicant.dir/src/common/sae.c.obj
[653/2115] Building C object esp-idf/wpa_supplicant/CMakeFiles/__idf_wpa_supplicant.dir/src/crypto/sha1-tprf.c.obj
[654/2115] Building C object esp-idf/wpa_supplicant/CMakeFiles/__idf_wpa_supplicant.dir/src/eap_peer/chap.c.obj
[655/2115] Building C object esp-idf/wpa_supplicant/CMakeFiles/__idf_wpa_supplicant.dir/src/crypto/md4-internal.c.obj
[656/2115] Building C object esp-idf/wpa_supplicant/CMakeFiles/__idf_wpa_supplicant.dir/src/eap_common/eap_wsc_common.c.obj
[657/2115] Building C object esp-idf/wpa_supplicant/CMakeFiles/__idf_wpa_supplicant.dir/src/common/ieee802_11_common.c.obj
[658/2115] Building C object esp-idf/wpa_supplicant/CMakeFiles/__idf_wpa_supplicant.dir/src/eap_peer/eap_common.c.obj
[659/2115] Building C object esp-idf/wpa_supplicant/CMakeFiles/__idf_wpa_supplicant.dir/src/eap_peer/eap_peap_common.c.obj
[660/2115] Building C object esp-idf/wpa_supplicant/CMakeFiles/__idf_wpa_supplicant.dir/src/eap_peer/eap_mschapv2.c.obj
[661/2115] Building C object esp-idf/wpa_supplicant/CMakeFiles/__idf_wpa_supplicant.dir/src/eap_peer/mschapv2.c.obj
[662/2115] Building C object esp-idf/wpa_supplicant/CMakeFiles/__idf_wpa_supplicant.dir/src/eap_peer/eap_tls.c.obj
[663/2115] Building C object esp-idf/wpa_supplicant/CMakeFiles/__idf_wpa_supplicant.dir/src/eap_peer/eap.c.obj
[664/2115] Building C object esp-idf/wpa_supplicant/CMakeFiles/__idf_wpa_supplicant.dir/src/eap_peer/eap_tls_common.c.obj
[665/2115] Building C object esp-idf/wpa_supplicant/CMakeFiles/__idf_wpa_supplicant.dir/src/eap_peer/eap_fast_common.c.obj
[666/2115] Building C object esp-idf/wpa_supplicant/CMakeFiles/__idf_wpa_supplicant.dir/src/eap_peer/eap_ttls.c.obj
[667/2115] Building C object esp-idf/wpa_supplicant/CMakeFiles/__idf_wpa_supplicant.dir/src/eap_peer/eap_peap.c.obj
[668/2115] Building C object esp-idf/wpa_supplicant/CMakeFiles/__idf_wpa_supplicant.dir/src/rsn_supp/pmksa_cache.c.obj
[669/2115] Building C object esp-idf/wpa_supplicant/CMakeFiles/__idf_wpa_supplicant.dir/src/rsn_supp/wpa_ie.c.obj
[670/2115] Building C object esp-idf/wpa_supplicant/CMakeFiles/__idf_wpa_supplicant.dir/src/eap_peer/eap_fast.c.obj
[671/2115] Building C object esp-idf/wpa_supplicant/CMakeFiles/__idf_wpa_supplicant.dir/src/utils/base64.c.obj
[672/2115] Building C object esp-idf/wpa_supplicant/CMakeFiles/__idf_wpa_supplicant.dir/src/utils/ext_password.c.obj
[673/2115] Building C object esp-idf/wpa_supplicant/CMakeFiles/__idf_wpa_supplicant.dir/src/eap_peer/eap_fast_pac.c.obj
[674/2115] Building C object esp-idf/wpa_supplicant/CMakeFiles/__idf_wpa_supplicant.dir/src/utils/uuid.c.obj
[675/2115] Building C object esp-idf/wpa_supplicant/CMakeFiles/__idf_wpa_supplicant.dir/src/utils/wpa_debug.c.obj
[676/2115] Building C object esp-idf/wpa_supplicant/CMakeFiles/__idf_wpa_supplicant.dir/src/utils/wpabuf.c.obj
[677/2115] Building C object esp-idf/wpa_supplicant/CMakeFiles/__idf_wpa_supplicant.dir/src/utils/common.c.obj
[678/2115] Building C object esp-idf/wpa_supplicant/CMakeFiles/__idf_wpa_supplicant.dir/src/wps/wps.c.obj
[679/2115] Building C object esp-idf/wpa_supplicant/CMakeFiles/__idf_wpa_supplicant.dir/src/wps/wps_attr_parse.c.obj
[680/2115] Building C object esp-idf/wpa_supplicant/CMakeFiles/__idf_wpa_supplicant.dir/src/utils/json.c.obj
[681/2115] Building C object esp-idf/wpa_supplicant/CMakeFiles/__idf_wpa_supplicant.dir/src/wps/wps_attr_process.c.obj
[682/2115] Building C object esp-idf/wpa_supplicant/CMakeFiles/__idf_wpa_supplicant.dir/src/wps/wps_attr_build.c.obj
[683/2115] Building C object esp-idf/wpa_supplicant/CMakeFiles/__idf_wpa_supplicant.dir/src/wps/wps_common.c.obj
[684/2115] Building C object esp-idf/wpa_supplicant/CMakeFiles/__idf_wpa_supplicant.dir/src/rsn_supp/wpa.c.obj
[685/2115] Building C object esp-idf/wpa_supplicant/CMakeFiles/__idf_wpa_supplicant.dir/src/common/sae_pk.c.obj
[686/2115] Building C object esp-idf/wpa_supplicant/CMakeFiles/__idf_wpa_supplicant.dir/src/wps/wps_dev_attr.c.obj
[687/2115] Building C object esp-idf/wpa_supplicant/CMakeFiles/__idf_wpa_supplicant.dir/esp_supplicant/src/esp_wpa2_api_port.c.obj
[688/2115] Building C object esp-idf/wpa_supplicant/CMakeFiles/__idf_wpa_supplicant.dir/esp_supplicant/src/esp_wpa_main.c.obj
[689/2115] Building C object esp-idf/wpa_supplicant/CMakeFiles/__idf_wpa_supplicant.dir/esp_supplicant/src/esp_wpas_glue.c.obj
[690/2115] Building C object esp-idf/wpa_supplicant/CMakeFiles/__idf_wpa_supplicant.dir/esp_supplicant/src/esp_common.c.obj
[691/2115] Building C object esp-idf/wpa_supplicant/CMakeFiles/__idf_wpa_supplicant.dir/esp_supplicant/src/esp_wpa3.c.obj
[692/2115] Building C object esp-idf/wpa_supplicant/CMakeFiles/__idf_wpa_supplicant.dir/src/wps/wps_enrollee.c.obj
[693/2115] Building C object esp-idf/wpa_supplicant/CMakeFiles/__idf_wpa_supplicant.dir/esp_supplicant/src/esp_owe.c.obj
[694/2115] Building C object esp-idf/wpa_supplicant/CMakeFiles/__idf_wpa_supplicant.dir/esp_supplicant/src/crypto/crypto_mbedtls-bignum.c.obj
[695/2115] Building C object esp-idf/wpa_supplicant/CMakeFiles/__idf_wpa_supplicant.dir/esp_supplicant/src/esp_eap_client.c.obj
[696/2115] Building C object esp-idf/wpa_supplicant/CMakeFiles/__idf_wpa_supplicant.dir/esp_supplicant/src/crypto/fastpsk.c.obj
[697/2115] Building C object esp-idf/wpa_supplicant/CMakeFiles/__idf_wpa_supplicant.dir/esp_supplicant/src/crypto/tls_mbedtls.c.obj
[698/2115] Building C object esp-idf/wpa_supplicant/CMakeFiles/__idf_wpa_supplicant.dir/esp_supplicant/src/crypto/crypto_mbedtls-rsa.c.obj
[699/2115] Building C object esp-idf/wpa_supplicant/CMakeFiles/__idf_wpa_supplicant.dir/esp_supplicant/src/crypto/crypto_mbedtls-ec.c.obj
[700/2115] Building C object esp-idf/wpa_supplicant/CMakeFiles/__idf_wpa_supplicant.dir/esp_supplicant/src/crypto/crypto_mbedtls.c.obj
[701/2115] Building C object esp-idf/wpa_supplicant/CMakeFiles/__idf_wpa_supplicant.dir/esp_supplicant/src/esp_wps.c.obj
[702/2115] Building C object esp-idf/wpa_supplicant/CMakeFiles/__idf_wpa_supplicant.dir/src/crypto/rc4.c.obj
[703/2115] Building C object esp-idf/wpa_supplicant/CMakeFiles/__idf_wpa_supplicant.dir/src/crypto/des-internal.c.obj
[704/2115] Building C object esp-idf/esp_coex/CMakeFiles/__idf_esp_coex.dir/src/coexist_debug_diagram.c.obj
[705/2115] Building C object esp-idf/wpa_supplicant/CMakeFiles/__idf_wpa_supplicant.dir/src/crypto/aes-wrap.c.obj
[706/2115] Building C object esp-idf/wpa_supplicant/CMakeFiles/__idf_wpa_supplicant.dir/src/crypto/aes-unwrap.c.obj
[707/2115] Building C object esp-idf/wpa_supplicant/CMakeFiles/__idf_wpa_supplicant.dir/esp_supplicant/src/crypto/fastpbkdf2.c.obj
[708/2115] Building C object esp-idf/wpa_supplicant/CMakeFiles/__idf_wpa_supplicant.dir/src/crypto/aes-ccm.c.obj
[709/2115] Building C object esp-idf/esp_coex/CMakeFiles/__idf_esp_coex.dir/src/coexist_debug.c.obj
[710/2115] Building C object esp-idf/esp_coex/CMakeFiles/__idf_esp_coex.dir/esp32s3/esp_coex_adapter.c.obj
[711/2115] Building C object esp-idf/esp_wifi/CMakeFiles/__idf_esp_wifi.dir/src/mesh_event.c.obj
[712/2115] Building C object esp-idf/esp_wifi/CMakeFiles/__idf_esp_wifi.dir/src/lib_printf.c.obj
[713/2115] Building C object esp-idf/esp_wifi/CMakeFiles/__idf_esp_wifi.dir/src/smartconfig.c.obj
[714/2115] Building C object esp-idf/esp_wifi/CMakeFiles/__idf_esp_wifi.dir/src/wifi_default_ap.c.obj
[715/2115] Building C object esp-idf/esp_wifi/CMakeFiles/__idf_esp_wifi.dir/src/wifi_init.c.obj
[716/2115] Building C object esp-idf/esp_wifi/CMakeFiles/__idf_esp_wifi.dir/src/wifi_netif.c.obj
[717/2115] Building C object esp-idf/esp_wifi/CMakeFiles/__idf_esp_wifi.dir/src/wifi_default.c.obj
[718/2115] Building C object esp-idf/esp_wifi/CMakeFiles/__idf_esp_wifi.dir/regulatory/esp_wifi_regulatory.c.obj
[719/2115] Building C object esp-idf/esp_wifi/CMakeFiles/__idf_esp_wifi.dir/esp32s3/esp_adapter.c.obj
[720/2115] Building C object esp-idf/esp_wifi/CMakeFiles/__idf_esp_wifi.dir/src/smartconfig_ack.c.obj
[721/2115] Building C object esp-idf/esp_gdbstub/CMakeFiles/__idf_esp_gdbstub.dir/src/gdbstub_transport.c.obj
[722/2115] Building C object esp-idf/esp_gdbstub/CMakeFiles/__idf_esp_gdbstub.dir/src/gdbstub.c.obj
[723/2115] Building C object esp-idf/esp_gdbstub/CMakeFiles/__idf_esp_gdbstub.dir/src/packet.c.obj
[724/2115] Building C object esp-idf/esp_driver_spi/CMakeFiles/__idf_esp_driver_spi.dir/src/gpspi/spi_slave_hd.c.obj
[725/2115] Building ASM object esp-idf/esp_gdbstub/CMakeFiles/__idf_esp_gdbstub.dir/src/port/xtensa/gdbstub-entry.S.obj
[726/2115] Building ASM object esp-idf/esp_gdbstub/CMakeFiles/__idf_esp_gdbstub.dir/src/port/xtensa/xt_debugexception.S.obj
[727/2115] Building C object esp-idf/esp_driver_spi/CMakeFiles/__idf_esp_driver_spi.dir/src/gpspi/spi_slave.c.obj
[728/2115] Building C object esp-idf/esp_gdbstub/CMakeFiles/__idf_esp_gdbstub.dir/src/port/xtensa/gdbstub_xtensa.c.obj
[729/2115] Building C object esp-idf/esp_driver_spi/CMakeFiles/__idf_esp_driver_spi.dir/src/gpspi/spi_common.c.obj
[730/2115] Building C object esp-idf/esp_driver_mcpwm/CMakeFiles/__idf_esp_driver_mcpwm.dir/src/mcpwm_cmpr.c.obj
[731/2115] Building C object esp-idf/esp_driver_mcpwm/CMakeFiles/__idf_esp_driver_mcpwm.dir/src/mcpwm_com.c.obj
[732/2115] Building C object esp-idf/esp_driver_mcpwm/CMakeFiles/__idf_esp_driver_mcpwm.dir/src/mcpwm_cap.c.obj
[733/2115] Building C object esp-idf/esp_driver_spi/CMakeFiles/__idf_esp_driver_spi.dir/src/gpspi/spi_master.c.obj
[734/2115] Building C object esp-idf/esp_driver_mcpwm/CMakeFiles/__idf_esp_driver_mcpwm.dir/src/mcpwm_fault.c.obj
[735/2115] Building C object esp-idf/esp_driver_pcnt/CMakeFiles/__idf_esp_driver_pcnt.dir/src/pulse_cnt.c.obj
[736/2115] Building C object esp-idf/esp_driver_mcpwm/CMakeFiles/__idf_esp_driver_mcpwm.dir/src/mcpwm_sync.c.obj
[737/2115] Building C object esp-idf/esp_driver_mcpwm/CMakeFiles/__idf_esp_driver_mcpwm.dir/src/mcpwm_oper.c.obj
[738/2115] Building C object esp-idf/esp_driver_mcpwm/CMakeFiles/__idf_esp_driver_mcpwm.dir/src/mcpwm_gen.c.obj
[739/2115] Building C object esp-idf/esp_driver_i2s/CMakeFiles/__idf_esp_driver_i2s.dir/i2s_std.c.obj
[740/2115] Building C object esp-idf/esp_driver_mcpwm/CMakeFiles/__idf_esp_driver_mcpwm.dir/src/mcpwm_timer.c.obj
[741/2115] Building C object esp-idf/esp_driver_i2s/CMakeFiles/__idf_esp_driver_i2s.dir/i2s_pdm.c.obj
[742/2115] Building C object esp-idf/esp_driver_i2s/CMakeFiles/__idf_esp_driver_i2s.dir/i2s_platform.c.obj
[743/2115] Building C object esp-idf/esp_driver_i2s/CMakeFiles/__idf_esp_driver_i2s.dir/i2s_tdm.c.obj
[744/2115] Building C object esp-idf/sdmmc/CMakeFiles/__idf_sdmmc.dir/sdmmc_cmd.c.obj
[745/2115] Building C object esp-idf/sdmmc/CMakeFiles/__idf_sdmmc.dir/sdmmc_init.c.obj
[746/2115] Building C object esp-idf/sdmmc/CMakeFiles/__idf_sdmmc.dir/sdmmc_common.c.obj
[747/2115] Building C object esp-idf/sdmmc/CMakeFiles/__idf_sdmmc.dir/sd_pwr_ctrl/sd_pwr_ctrl.c.obj
[748/2115] Building C object esp-idf/esp_driver_i2s/CMakeFiles/__idf_esp_driver_i2s.dir/i2s_common.c.obj
[749/2115] Building C object esp-idf/esp_driver_sdspi/CMakeFiles/__idf_esp_driver_sdspi.dir/src/sdspi_crc.c.obj
[750/2115] Building C object esp-idf/sdmmc/CMakeFiles/__idf_sdmmc.dir/sdmmc_mmc.c.obj
[751/2115] Building C object esp-idf/sdmmc/CMakeFiles/__idf_sdmmc.dir/sdmmc_io.c.obj
[752/2115] Building C object esp-idf/esp_driver_sdmmc/CMakeFiles/__idf_esp_driver_sdmmc.dir/src/sdmmc_transaction.c.obj
[753/2115] Building C object esp-idf/esp_driver_sdspi/CMakeFiles/__idf_esp_driver_sdspi.dir/src/sdspi_transaction.c.obj
[754/2115] Building C object esp-idf/sdmmc/CMakeFiles/__idf_sdmmc.dir/sdmmc_sd.c.obj
[755/2115] Building C object esp-idf/esp_driver_rmt/CMakeFiles/__idf_esp_driver_rmt.dir/src/rmt_encoder.c.obj
[756/2115] Building C object esp-idf/esp_driver_rmt/CMakeFiles/__idf_esp_driver_rmt.dir/src/rmt_encoder_copy.c.obj
[757/2115] Building C object esp-idf/esp_driver_rmt/CMakeFiles/__idf_esp_driver_rmt.dir/src/rmt_encoder_bytes.c.obj
[758/2115] Building C object esp-idf/esp_driver_rmt/CMakeFiles/__idf_esp_driver_rmt.dir/src/rmt_common.c.obj
[759/2115] Building C object esp-idf/esp_driver_sdspi/CMakeFiles/__idf_esp_driver_sdspi.dir/src/sdspi_host.c.obj
[760/2115] Building C object esp-idf/esp_driver_rmt/CMakeFiles/__idf_esp_driver_rmt.dir/src/rmt_encoder_simple.c.obj
[761/2115] Building C object esp-idf/esp_driver_tsens/CMakeFiles/__idf_esp_driver_tsens.dir/src/temperature_sensor.c.obj
[762/2115] Building C object esp-idf/esp_driver_sdmmc/CMakeFiles/__idf_esp_driver_sdmmc.dir/src/sdmmc_host.c.obj
[763/2115] Building C object esp-idf/esp_driver_sdm/CMakeFiles/__idf_esp_driver_sdm.dir/src/sdm.c.obj
[764/2115] Building C object esp-idf/esp_driver_rmt/CMakeFiles/__idf_esp_driver_rmt.dir/src/rmt_rx.c.obj
[765/2115] Building C object esp-idf/esp_driver_i2c/CMakeFiles/__idf_esp_driver_i2c.dir/i2c_common.c.obj
[766/2115] Building C object esp-idf/esp_driver_twai/CMakeFiles/__idf_esp_driver_twai.dir/esp_twai.c.obj
[767/2115] Building C object esp-idf/esp_driver_i2c/CMakeFiles/__idf_esp_driver_i2c.dir/i2c_slave.c.obj
[768/2115] Building C object esp-idf/esp_driver_rmt/CMakeFiles/__idf_esp_driver_rmt.dir/src/rmt_tx.c.obj
[769/2115] Building C object esp-idf/esp_driver_twai/CMakeFiles/__idf_esp_driver_twai.dir/esp_twai_onchip.c.obj
[770/2115] Building C object esp-idf/driver/CMakeFiles/__idf_driver.dir/deprecated/adc_legacy.c.obj
[771/2115] Building C object esp-idf/driver/CMakeFiles/__idf_driver.dir/deprecated/adc_dma_legacy.c.obj
[772/2115] Building C object esp-idf/esp_driver_i2c/CMakeFiles/__idf_esp_driver_i2c.dir/i2c_master.c.obj
[773/2115] Building C object esp-idf/driver/CMakeFiles/__idf_driver.dir/deprecated/timer_legacy.c.obj
[774/2115] Building C object esp-idf/esp_driver_ledc/CMakeFiles/__idf_esp_driver_ledc.dir/src/ledc.c.obj
[775/2115] Building C object esp-idf/driver/CMakeFiles/__idf_driver.dir/deprecated/sigma_delta_legacy.c.obj
[776/2115] Building C object esp-idf/driver/CMakeFiles/__idf_driver.dir/deprecated/rtc_temperature_legacy.c.obj
[777/2115] Building C object esp-idf/driver/CMakeFiles/__idf_driver.dir/deprecated/pcnt_legacy.c.obj
[778/2115] Building C object esp-idf/driver/CMakeFiles/__idf_driver.dir/i2c/i2c.c.obj
[779/2115] Building C object esp-idf/driver/CMakeFiles/__idf_driver.dir/touch_sensor/touch_sensor_common.c.obj
[780/2115] Building C object esp-idf/driver/CMakeFiles/__idf_driver.dir/deprecated/i2s_legacy.c.obj
[781/2115] Building C object esp-idf/driver/CMakeFiles/__idf_driver.dir/deprecated/mcpwm_legacy.c.obj
[782/2115] Building C object esp-idf/esp-tls/CMakeFiles/__idf_esp-tls.dir/esp-tls-crypto/esp_tls_crypto.c.obj
[783/2115] Building C object esp-idf/esp-tls/CMakeFiles/__idf_esp-tls.dir/esp_tls.c.obj
[784/2115] Building C object esp-idf/esp-tls/CMakeFiles/__idf_esp-tls.dir/esp_tls_platform_port.c.obj
[785/2115] Building C object esp-idf/esp-tls/CMakeFiles/__idf_esp-tls.dir/esp_tls_error_capture.c.obj
[786/2115] Building C object esp-idf/driver/CMakeFiles/__idf_driver.dir/twai/twai.c.obj
[787/2115] Building C object esp-idf/esp_adc/CMakeFiles/__idf_esp_adc.dir/adc_common.c.obj
[788/2115] Building C object esp-idf/esp_adc/CMakeFiles/__idf_esp_adc.dir/adc_oneshot.c.obj
[789/2115] Building C object esp-idf/esp_adc/CMakeFiles/__idf_esp_adc.dir/adc_cali.c.obj
[790/2115] Building C object esp-idf/esp-tls/CMakeFiles/__idf_esp-tls.dir/esp_tls_mbedtls.c.obj
[791/2115] Building C object esp-idf/driver/CMakeFiles/__idf_driver.dir/touch_sensor/esp32s3/touch_sensor.c.obj
[792/2115] Building C object esp-idf/driver/CMakeFiles/__idf_driver.dir/deprecated/rmt_legacy.c.obj
[793/2115] Building C object esp-idf/esp_adc/CMakeFiles/__idf_esp_adc.dir/adc_cali_curve_fitting.c.obj
[794/2115] Building C object esp-idf/esp_adc/CMakeFiles/__idf_esp_adc.dir/deprecated/esp_adc_cal_common_legacy.c.obj
[795/2115] Building C object esp-idf/esp_adc/CMakeFiles/__idf_esp_adc.dir/esp32s3/curve_fitting_coefficients.c.obj
[796/2115] Building C object esp-idf/esp_adc/CMakeFiles/__idf_esp_adc.dir/gdma/adc_dma.c.obj
[797/2115] Building C object esp-idf/esp_adc/CMakeFiles/__idf_esp_adc.dir/deprecated/esp32s3/esp_adc_cal_legacy.c.obj
[798/2115] Building C object esp-idf/esp_adc/CMakeFiles/__idf_esp_adc.dir/adc_monitor.c.obj
[799/2115] Building C object esp-idf/esp_adc/CMakeFiles/__idf_esp_adc.dir/adc_filter.c.obj
[800/2115] Building C object esp-idf/esp_adc/CMakeFiles/__idf_esp_adc.dir/adc_continuous.c.obj
[801/2115] Building C object esp-idf/http_parser/CMakeFiles/__idf_http_parser.dir/http_parser.c.obj
[802/2115] Building C object esp-idf/tcp_transport/CMakeFiles/__idf_tcp_transport.dir/transport_internal.c.obj
[803/2115] Building C object esp-idf/tcp_transport/CMakeFiles/__idf_tcp_transport.dir/transport_socks_proxy.c.obj
[804/2115] Building C object esp-idf/tcp_transport/CMakeFiles/__idf_tcp_transport.dir/transport.c.obj
[805/2115] Building C object esp-idf/esp_http_client/CMakeFiles/__idf_esp_http_client.dir/lib/http_auth.c.obj
[806/2115] Building C object esp-idf/esp_http_client/CMakeFiles/__idf_esp_http_client.dir/lib/http_header.c.obj
[807/2115] Building C object esp-idf/tcp_transport/CMakeFiles/__idf_tcp_transport.dir/transport_ssl.c.obj
[808/2115] Building C object esp-idf/esp_http_client/CMakeFiles/__idf_esp_http_client.dir/lib/http_utils.c.obj
[809/2115] Building C object esp-idf/tcp_transport/CMakeFiles/__idf_tcp_transport.dir/transport_ws.c.obj
[810/2115] Building C object esp-idf/esp_http_server/CMakeFiles/__idf_esp_http_server.dir/src/httpd_sess.c.obj
[811/2115] Building C object esp-idf/esp_http_server/CMakeFiles/__idf_esp_http_server.dir/src/httpd_txrx.c.obj
[812/2115] Building C object esp-idf/esp_http_server/CMakeFiles/__idf_esp_http_server.dir/src/httpd_uri.c.obj
[813/2115] Building C object esp-idf/esp_http_server/CMakeFiles/__idf_esp_http_server.dir/src/httpd_main.c.obj
[814/2115] Building C object esp-idf/esp_http_server/CMakeFiles/__idf_esp_http_server.dir/src/httpd_parse.c.obj
[815/2115] Creating directories for 'chip_gn'
[816/2115] No download step for 'chip_gn'
[817/2115] Building C object esp-idf/esp_http_server/CMakeFiles/__idf_esp_http_server.dir/src/httpd_ws.c.obj
[818/2115] No update step for 'chip_gn'
[819/2115] cd /home/ludovic/dev/matter-esp32-home-energy-manager/firmware/build/esp-idf/main && /home/ludovic/.espressif/python_env/idf5.5_py3.12_env/bin/python /home/ludovic/dev/esp-idf-5.5.4/components/spiffs/spiffsgen.py 0x200000 /home/ludovic/dev/matter-esp32-home-energy-manager/firmware/html_compiled_app /home/ludovic/dev/matter-esp32-home-energy-manager/firmware/build/storage.bin --page-size=256 --obj-name-len=32 --meta-len=4 --use-magic --use-magic-len
[820/2115] No patch step for 'chip_gn'
[821/2115] Building C object esp-idf/esp_http_client/CMakeFiles/__idf_esp_http_client.dir/esp_http_client.c.obj
[822/2115] Building C object esp-idf/esp_http_server/CMakeFiles/__idf_esp_http_server.dir/src/util/ctrl_sock.c.obj
[823/2115] Building C object esp-idf/esp_https_ota/CMakeFiles/__idf_esp_https_ota.dir/src/esp_https_ota.c.obj
[824/2115] Linking C static library esp-idf/esp_https_ota/libesp_https_ota.a
[825/2115] Linking C static library esp-idf/esp_http_server/libesp_http_server.a
[826/2115] Linking C static library esp-idf/esp_http_client/libesp_http_client.a
[827/2115] Linking C static library esp-idf/tcp_transport/libtcp_transport.a
[828/2115] Linking C static library esp-idf/esp_adc/libesp_adc.a
[829/2115] Linking C static library esp-idf/esp-tls/libesp-tls.a
[830/2115] Linking C static library esp-idf/http_parser/libhttp_parser.a
[831/2115] Linking C static library esp-idf/driver/libdriver.a
[832/2115] Linking C static library esp-idf/esp_driver_twai/libesp_driver_twai.a
[833/2115] Linking C static library esp-idf/esp_driver_ledc/libesp_driver_ledc.a
[834/2115] Linking C static library esp-idf/esp_driver_i2c/libesp_driver_i2c.a
[835/2115] Linking C static library esp-idf/esp_driver_sdm/libesp_driver_sdm.a
[836/2115] Linking C static library esp-idf/esp_driver_tsens/libesp_driver_tsens.a
[837/2115] Linking C static library esp-idf/esp_driver_rmt/libesp_driver_rmt.a
[838/2115] Linking C static library esp-idf/esp_driver_sdspi/libesp_driver_sdspi.a
[839/2115] Linking C static library esp-idf/esp_driver_sdmmc/libesp_driver_sdmmc.a
[840/2115] Linking C static library esp-idf/sdmmc/libsdmmc.a
[841/2115] Linking C static library esp-idf/esp_driver_i2s/libesp_driver_i2s.a
[842/2115] Linking C static library esp-idf/esp_driver_mcpwm/libesp_driver_mcpwm.a
[843/2115] Linking C static library esp-idf/esp_driver_pcnt/libesp_driver_pcnt.a
[844/2115] Linking C static library esp-idf/esp_gdbstub/libesp_gdbstub.a
[845/2115] Linking C static library esp-idf/esp_driver_spi/libesp_driver_spi.a
[846/2115] Linking C static library esp-idf/esp_wifi/libesp_wifi.a
[847/2115] Linking C static library esp-idf/esp_coex/libesp_coex.a
[848/2115] Linking C static library esp-idf/wpa_supplicant/libwpa_supplicant.a
[849/2115] Linking C static library esp-idf/esp_netif/libesp_netif.a
[850/2115] Linking C static library esp-idf/lwip/liblwip.a
[851/2115] Linking C static library esp-idf/vfs/libvfs.a
[852/2115] Linking C static library esp-idf/esp_vfs_console/libesp_vfs_console.a
[853/2115] Performing configure step for 'chip_gn'
Done. Made 6233 targets from 545 files in 1585ms
[854/2115] Linking C static library esp-idf/esp_driver_usb_serial_jtag/libesp_driver_usb_serial_jtag.a
[855/2115] Linking C static library esp-idf/esp_phy/libesp_phy.a
[856/2115] Linking C static library esp-idf/nvs_flash/libnvs_flash.a
[857/2115] Linking C static library esp-idf/esp_event/libesp_event.a
[858/2115] Linking C static library esp-idf/esp_driver_uart/libesp_driver_uart.a
[859/2115] Linking C static library esp-idf/esp_psram/libesp_psram.a
[860/2115] Linking C static library esp-idf/esp_ringbuf/libesp_ringbuf.a
[861/2115] Linking C static library esp-idf/esp_driver_gptimer/libesp_driver_gptimer.a
[862/2115] Linking C static library esp-idf/esp_timer/libesp_timer.a
[863/2115] Linking C static library esp-idf/cxx/libcxx.a
[864/2115] Linking C static library esp-idf/pthread/libpthread.a
[865/2115] Linking C static library esp-idf/newlib/libnewlib.a
[866/2115] Linking C static library esp-idf/freertos/libfreertos.a
[867/2115] Linking C static library esp-idf/esp_hw_support/libesp_hw_support.a
[868/2115] Linking C static library esp-idf/esp_security/libesp_security.a
[869/2115] Linking C static library esp-idf/soc/libsoc.a
[870/2115] Linking C static library esp-idf/heap/libheap.a
[871/2115] Linking C static library esp-idf/log/liblog.a
[872/2115] Linking C static library esp-idf/hal/libhal.a
[873/2115] Linking C static library esp-idf/esp_rom/libesp_rom.a
[874/2115] Linking C static library esp-idf/esp_common/libesp_common.a
[875/2115] Linking C static library esp-idf/esp_system/libesp_system.a
[876/2115] Linking C static library esp-idf/spi_flash/libspi_flash.a
[877/2115] Linking C static library esp-idf/esp_mm/libesp_mm.a
[878/2115] Linking C static library esp-idf/bootloader_support/libbootloader_support.a
[879/2115] Linking C static library esp-idf/efuse/libefuse.a
[880/2115] Linking C static library esp-idf/esp_partition/libesp_partition.a
[881/2115] Linking C static library esp-idf/app_update/libapp_update.a
[882/2115] Linking C static library esp-idf/esp_bootloader_format/libesp_bootloader_format.a
[883/2115] Linking C static library esp-idf/esp_app_format/libesp_app_format.a
[884/2115] Linking CXX static library esp-idf/mbedtls/mbedtls/library/libmbedtls.a
[885/2115] Linking CXX static library esp-idf/mbedtls/mbedtls/library/libmbedx509.a
[886/2115] Linking CXX static library esp-idf/mbedtls/mbedtls/library/libmbedcrypto.a
[887/2115] Linking CXX static library esp-idf/mbedtls/mbedtls/3rdparty/p256-m/libp256m.a
[888/2115] Linking CXX static library esp-idf/mbedtls/mbedtls/3rdparty/everest/libeverest.a
[889/2115] Generating x509_crt_bundle
[890/2115] Generating ../../x509_crt_bundle.S
[891/2115] Building C object esp-idf/xtensa/CMakeFiles/__idf_xtensa.dir/eri.c.obj
[892/2115] Building ASM object esp-idf/xtensa/CMakeFiles/__idf_xtensa.dir/xtensa_context.S.obj
[893/2115] Building ASM object esp-idf/xtensa/CMakeFiles/__idf_xtensa.dir/xtensa_intr_asm.S.obj
[894/2115] Building ASM object esp-idf/xtensa/CMakeFiles/__idf_xtensa.dir/xtensa_vectors.S.obj
[895/2115] Building C object esp-idf/xtensa/CMakeFiles/__idf_xtensa.dir/xt_trax.c.obj
[896/2115] Building C object esp-idf/esp_driver_gpio/CMakeFiles/__idf_esp_driver_gpio.dir/src/gpio_glitch_filter_ops.c.obj
[897/2115] Building C object esp-idf/xtensa/CMakeFiles/__idf_xtensa.dir/xtensa_intr.c.obj
[898/2115] Building C object esp-idf/esp_driver_gpio/CMakeFiles/__idf_esp_driver_gpio.dir/src/gpio_pin_glitch_filter.c.obj
[899/2115] Building C object esp-idf/esp_pm/CMakeFiles/__idf_esp_pm.dir/pm_locks.c.obj
[900/2115] Building C object esp-idf/esp_driver_gpio/CMakeFiles/__idf_esp_driver_gpio.dir/src/rtc_io.c.obj
[901/2115] Building C object esp-idf/esp_pm/CMakeFiles/__idf_esp_pm.dir/pm_trace.c.obj
[902/2115] Building ASM object esp-idf/mbedtls/CMakeFiles/__idf_mbedtls.dir/__/__/x509_crt_bundle.S.obj
[903/2115] Building C object esp-idf/esp_driver_gpio/CMakeFiles/__idf_esp_driver_gpio.dir/src/dedic_gpio.c.obj
[904/2115] Building C object esp-idf/esp_pm/CMakeFiles/__idf_esp_pm.dir/pm_impl.c.obj
[905/2115] Building C object esp-idf/mbedtls/CMakeFiles/__idf_mbedtls.dir/esp_crt_bundle/esp_crt_bundle.c.obj
[906/2115] Building C object esp-idf/app_trace/CMakeFiles/__idf_app_trace.dir/app_trace_util.c.obj
[907/2115] Linking C static library esp-idf/mbedtls/libmbedtls.a
[908/2115] Linking C static library esp-idf/esp_pm/libesp_pm.a
[909/2115] Building C object esp-idf/app_trace/CMakeFiles/__idf_app_trace.dir/host_file_io.c.obj
[910/2115] Building C object esp-idf/app_trace/CMakeFiles/__idf_app_trace.dir/port/port_uart.c.obj
[911/2115] Building C object esp-idf/unity/CMakeFiles/__idf_unity.dir/unity_compat.c.obj
[912/2115] Building C object esp-idf/app_trace/CMakeFiles/__idf_app_trace.dir/app_trace.c.obj
[913/2115] Building C object esp-idf/esp_driver_gpio/CMakeFiles/__idf_esp_driver_gpio.dir/src/gpio.c.obj
[914/2115] Building C object esp-idf/unity/CMakeFiles/__idf_unity.dir/unity_utils_cache.c.obj
[915/2115] Building C object esp-idf/unity/CMakeFiles/__idf_unity.dir/unity_utils_freertos.c.obj
[916/2115] Linking C static library esp-idf/esp_driver_gpio/libesp_driver_gpio.a
[917/2115] Building C object esp-idf/unity/CMakeFiles/__idf_unity.dir/unity_runner.c.obj
[918/2115] Linking C static library esp-idf/xtensa/libxtensa.a
[919/2115] Linking C static library esp-idf/app_trace/libapp_trace.a
[920/2115] Building C object esp-idf/cmock/CMakeFiles/__idf_cmock.dir/CMock/src/cmock.c.obj
[921/2115] Building C object esp-idf/unity/CMakeFiles/__idf_unity.dir/unity_port_esp32.c.obj
[922/2115] Building C object esp-idf/unity/CMakeFiles/__idf_unity.dir/unity_utils_memory.c.obj
[923/2115] Building C object esp-idf/unity/CMakeFiles/__idf_unity.dir/port/esp/unity_utils_memory_esp.c.obj
[924/2115] Building C object esp-idf/console/CMakeFiles/__idf_console.dir/split_argv.c.obj
[925/2115] Building C object esp-idf/unity/CMakeFiles/__idf_unity.dir/unity/src/unity.c.obj
[926/2115] Building C object esp-idf/console/CMakeFiles/__idf_console.dir/esp_console_common.c.obj
[927/2115] Building C object esp-idf/console/CMakeFiles/__idf_console.dir/commands.c.obj
[928/2115] Linking C static library esp-idf/unity/libunity.a
[929/2115] Building C object esp-idf/console/CMakeFiles/__idf_console.dir/esp_console_repl_internal.c.obj
[930/2115] Linking C static library esp-idf/cmock/libcmock.a
[931/2115] Building C object esp-idf/console/CMakeFiles/__idf_console.dir/argtable3/arg_dbl.c.obj
[932/2115] Building C object esp-idf/console/CMakeFiles/__idf_console.dir/esp_console_repl_chip.c.obj
[933/2115] Building C object esp-idf/console/CMakeFiles/__idf_console.dir/argtable3/arg_end.c.obj
[934/2115] Building C object esp-idf/console/CMakeFiles/__idf_console.dir/argtable3/arg_cmd.c.obj
[935/2115] Building C object esp-idf/console/CMakeFiles/__idf_console.dir/argtable3/arg_file.c.obj
[936/2115] Building C object esp-idf/console/CMakeFiles/__idf_console.dir/argtable3/arg_dstr.c.obj
[937/2115] Building C object esp-idf/console/CMakeFiles/__idf_console.dir/argtable3/arg_date.c.obj
[938/2115] Building C object esp-idf/console/CMakeFiles/__idf_console.dir/argtable3/arg_int.c.obj
[939/2115] Building C object esp-idf/console/CMakeFiles/__idf_console.dir/argtable3/arg_rem.c.obj
[940/2115] Building C object esp-idf/console/CMakeFiles/__idf_console.dir/argtable3/arg_lit.c.obj
[941/2115] Building C object esp-idf/console/CMakeFiles/__idf_console.dir/argtable3/arg_hashtable.c.obj
[942/2115] Building C object esp-idf/console/CMakeFiles/__idf_console.dir/argtable3/arg_str.c.obj
[943/2115] Building C object esp-idf/console/CMakeFiles/__idf_console.dir/linenoise/linenoise.c.obj
[944/2115] Building C object esp-idf/console/CMakeFiles/__idf_console.dir/argtable3/arg_utils.c.obj
[945/2115] Building C object esp-idf/esp_driver_cam/CMakeFiles/__idf_esp_driver_cam.dir/dvp_share_ctrl.c.obj
[946/2115] Building C object esp-idf/esp_driver_cam/CMakeFiles/__idf_esp_driver_cam.dir/esp_cam_ctlr.c.obj
[947/2115] Building C object esp-idf/esp_driver_cam/CMakeFiles/__idf_esp_driver_cam.dir/dvp/src/esp_cam_ctlr_dvp_gdma.c.obj
[948/2115] Building C object esp-idf/console/CMakeFiles/__idf_console.dir/argtable3/arg_rex.c.obj
[949/2115] Building C object esp-idf/console/CMakeFiles/__idf_console.dir/argtable3/argtable3.c.obj
[950/2115] Linking C static library esp-idf/console/libconsole.a
[951/2115] Building C object esp-idf/esp_driver_touch_sens/CMakeFiles/__idf_esp_driver_touch_sens.dir/hw_ver2/touch_version_specific.c.obj
[952/2115] Building C object esp-idf/esp_driver_touch_sens/CMakeFiles/__idf_esp_driver_touch_sens.dir/common/touch_sens_common.c.obj
[953/2115] Linking C static library esp-idf/esp_driver_touch_sens/libesp_driver_touch_sens.a
[954/2115] Building C object esp-idf/esp_eth/CMakeFiles/__idf_esp_eth.dir/src/esp_eth.c.obj
[955/2115] Building C object esp-idf/esp_eth/CMakeFiles/__idf_esp_eth.dir/src/esp_eth_netif_glue.c.obj
[956/2115] Building C object esp-idf/esp_driver_cam/CMakeFiles/__idf_esp_driver_cam.dir/dvp/src/esp_cam_ctlr_dvp_cam.c.obj
[957/2115] Linking C static library esp-idf/esp_driver_cam/libesp_driver_cam.a
[958/2115] Building C object esp-idf/esp_hid/CMakeFiles/__idf_esp_hid.dir/src/esp_hidd.c.obj
[959/2115] Building C object esp-idf/esp_hid/CMakeFiles/__idf_esp_hid.dir/src/esp_hid_common.c.obj
[960/2115] Building C object esp-idf/esp_https_server/CMakeFiles/__idf_esp_https_server.dir/src/https_server.c.obj
[961/2115] Linking C static library esp-idf/esp_https_server/libesp_https_server.a
[962/2115] Building C object esp-idf/esp_lcd/CMakeFiles/__idf_esp_lcd.dir/src/esp_lcd_common.c.obj
[963/2115] Building C object esp-idf/esp_lcd/CMakeFiles/__idf_esp_lcd.dir/src/esp_lcd_panel_io.c.obj
[964/2115] Building C object esp-idf/esp_hid/CMakeFiles/__idf_esp_hid.dir/src/esp_hidh.c.obj
[965/2115] Linking C static library esp-idf/esp_hid/libesp_hid.a
[966/2115] Building C object esp-idf/esp_eth/CMakeFiles/__idf_esp_eth.dir/src/phy/esp_eth_phy_802_3.c.obj
[967/2115] Linking C static library esp-idf/esp_eth/libesp_eth.a
[968/2115] Building C object esp-idf/esp_lcd/CMakeFiles/__idf_esp_lcd.dir/src/esp_lcd_panel_st7789.c.obj
[969/2115] Building C object esp-idf/esp_lcd/CMakeFiles/__idf_esp_lcd.dir/src/esp_lcd_panel_nt35510.c.obj
[970/2115] Building C object esp-idf/esp_lcd/CMakeFiles/__idf_esp_lcd.dir/src/esp_lcd_panel_ssd1306.c.obj
[971/2115] Building C object esp-idf/esp_lcd/CMakeFiles/__idf_esp_lcd.dir/src/esp_lcd_panel_ops.c.obj
[972/2115] Building C object esp-idf/esp_lcd/CMakeFiles/__idf_esp_lcd.dir/i2c/esp_lcd_panel_io_i2c_v1.c.obj
[973/2115] Building C object esp-idf/esp_lcd/CMakeFiles/__idf_esp_lcd.dir/i2c/esp_lcd_panel_io_i2c_v2.c.obj
[974/2115] Building C object esp-idf/esp_lcd/CMakeFiles/__idf_esp_lcd.dir/spi/esp_lcd_panel_io_spi.c.obj
[975/2115] Building C object esp-idf/protocomm/CMakeFiles/__idf_protocomm.dir/proto-c/constants.pb-c.c.obj
[976/2115] Building C object esp-idf/protocomm/CMakeFiles/__idf_protocomm.dir/src/common/protocomm.c.obj
[977/2115] Building C object esp-idf/protocomm/CMakeFiles/__idf_protocomm.dir/proto-c/sec0.pb-c.c.obj
[978/2115] Building C object esp-idf/esp_lcd/CMakeFiles/__idf_esp_lcd.dir/i80/esp_lcd_panel_io_i80.c.obj
[979/2115] Building C object esp-idf/protocomm/CMakeFiles/__idf_protocomm.dir/proto-c/sec1.pb-c.c.obj
[980/2115] Building C object esp-idf/protocomm/CMakeFiles/__idf_protocomm.dir/proto-c/sec2.pb-c.c.obj
[981/2115] Building C object esp-idf/protocomm/CMakeFiles/__idf_protocomm.dir/proto-c/session.pb-c.c.obj
[982/2115] Building C object esp-idf/protocomm/CMakeFiles/__idf_protocomm.dir/src/transports/protocomm_console.c.obj
[983/2115] Building C object esp-idf/protocomm/CMakeFiles/__idf_protocomm.dir/src/security/security0.c.obj
[984/2115] Building C object esp-idf/protocomm/CMakeFiles/__idf_protocomm.dir/src/transports/protocomm_httpd.c.obj
[985/2115] Building C object esp-idf/protobuf-c/CMakeFiles/__idf_protobuf-c.dir/protobuf-c/protobuf-c/protobuf-c.c.obj
[986/2115] Building C object esp-idf/protocomm/CMakeFiles/__idf_protocomm.dir/src/security/security2.c.obj
[987/2115] Linking C static library esp-idf/protobuf-c/libprotobuf-c.a
[988/2115] Building C object esp-idf/protocomm/CMakeFiles/__idf_protocomm.dir/src/crypto/srp6a/esp_srp.c.obj
[989/2115] Building C object esp-idf/esp_lcd/CMakeFiles/__idf_esp_lcd.dir/rgb/esp_lcd_panel_rgb.c.obj
[990/2115] Building C object esp-idf/protocomm/CMakeFiles/__idf_protocomm.dir/src/security/security1.c.obj
[991/2115] Building C object esp-idf/protocomm/CMakeFiles/__idf_protocomm.dir/src/crypto/srp6a/esp_srp_mpi.c.obj
[992/2115] Linking C static library esp-idf/esp_lcd/libesp_lcd.a
[993/2115] Linking C static library esp-idf/protocomm/libprotocomm.a
[994/2115] Building C object esp-idf/espcoredump/CMakeFiles/__idf_espcoredump.dir/src/core_dump_init.c.obj
[995/2115] Building C object esp-idf/esp_local_ctrl/CMakeFiles/__idf_esp_local_ctrl.dir/src/esp_local_ctrl_handler.c.obj
[996/2115] Building C object esp-idf/esp_local_ctrl/CMakeFiles/__idf_esp_local_ctrl.dir/src/esp_local_ctrl_transport_httpd.c.obj
[997/2115] Building C object esp-idf/espcoredump/CMakeFiles/__idf_espcoredump.dir/src/core_dump_common.c.obj
[998/2115] Building C object esp-idf/esp_local_ctrl/CMakeFiles/__idf_esp_local_ctrl.dir/proto-c/esp_local_ctrl.pb-c.c.obj
[999/2115] Building C object esp-idf/espcoredump/CMakeFiles/__idf_espcoredump.dir/src/core_dump_elf.c.obj
[1000/2115] Building C object esp-idf/esp_local_ctrl/CMakeFiles/__idf_esp_local_ctrl.dir/src/esp_local_ctrl.c.obj
[1001/2115] Building C object esp-idf/espcoredump/CMakeFiles/__idf_espcoredump.dir/src/core_dump_flash.c.obj
[1002/2115] Building C object esp-idf/espcoredump/CMakeFiles/__idf_espcoredump.dir/src/core_dump_sha.c.obj
[1003/2115] Building C object esp-idf/espcoredump/CMakeFiles/__idf_espcoredump.dir/src/core_dump_uart.c.obj
[1004/2115] Building C object esp-idf/espcoredump/CMakeFiles/__idf_espcoredump.dir/src/core_dump_crc.c.obj
[1005/2115] Building C object esp-idf/espcoredump/CMakeFiles/__idf_espcoredump.dir/src/core_dump_binary.c.obj
[1006/2115] Building ASM object esp-idf/espcoredump/CMakeFiles/__idf_espcoredump.dir/src/port/xtensa/core_dump_stack_switch.S.obj
[1007/2115] Building C object esp-idf/espcoredump/CMakeFiles/__idf_espcoredump.dir/src/port/xtensa/core_dump_port.c.obj
[1008/2115] Linking C static library esp-idf/espcoredump/libespcoredump.a
[1009/2115] Building CXX object esp-idf/wear_levelling/CMakeFiles/__idf_wear_levelling.dir/Partition.cpp.obj
[1010/2115] Building CXX object esp-idf/wear_levelling/CMakeFiles/__idf_wear_levelling.dir/crc32.cpp.obj
[1011/2115] Building CXX object esp-idf/wear_levelling/CMakeFiles/__idf_wear_levelling.dir/SPI_Flash.cpp.obj
[1012/2115] Building CXX object esp-idf/wear_levelling/CMakeFiles/__idf_wear_levelling.dir/WL_Ext_Perf.cpp.obj
[1013/2115] Building CXX object esp-idf/wear_levelling/CMakeFiles/__idf_wear_levelling.dir/wear_levelling.cpp.obj
[1014/2115] Building CXX object esp-idf/wear_levelling/CMakeFiles/__idf_wear_levelling.dir/WL_Ext_Safe.cpp.obj
[1015/2115] Building C object esp-idf/fatfs/CMakeFiles/__idf_fatfs.dir/diskio/diskio.c.obj
[1016/2115] Building C object esp-idf/fatfs/CMakeFiles/__idf_fatfs.dir/diskio/diskio_wl.c.obj
[1017/2115] Building C object esp-idf/fatfs/CMakeFiles/__idf_fatfs.dir/diskio/diskio_rawflash.c.obj
[1018/2115] Building C object esp-idf/fatfs/CMakeFiles/__idf_fatfs.dir/port/freertos/ffsystem.c.obj
[1019/2115] Building CXX object esp-idf/wear_levelling/CMakeFiles/__idf_wear_levelling.dir/WL_Flash.cpp.obj
[1020/2115] Building C object esp-idf/fatfs/CMakeFiles/__idf_fatfs.dir/src/ffunicode.c.obj
[1021/2115] Linking C static library esp-idf/wear_levelling/libwear_levelling.a
[1022/2115] Building C object esp-idf/fatfs/CMakeFiles/__idf_fatfs.dir/diskio/diskio_sdmmc.c.obj
[1023/2115] Building C object esp-idf/fatfs/CMakeFiles/__idf_fatfs.dir/vfs/vfs_fat_spiflash.c.obj
[1024/2115] Building C object esp-idf/fatfs/CMakeFiles/__idf_fatfs.dir/vfs/vfs_fat_sdmmc.c.obj
[1025/2115] Building C object esp-idf/fatfs/CMakeFiles/__idf_fatfs.dir/vfs/vfs_fat.c.obj
[1026/2115] Building C object esp-idf/mqtt/CMakeFiles/__idf_mqtt.dir/esp-mqtt/lib/mqtt_msg.c.obj
[1027/2115] Building C object esp-idf/json/CMakeFiles/__idf_json.dir/cJSON/cJSON_Utils.c.obj
[1028/2115] Building C object esp-idf/json/CMakeFiles/__idf_json.dir/cJSON/cJSON.c.obj
[1029/2115] Linking C static library esp-idf/json/libjson.a
[1030/2115] Building C object esp-idf/mqtt/CMakeFiles/__idf_mqtt.dir/esp-mqtt/lib/platform_esp32_idf.c.obj
[1031/2115] Building C object esp-idf/nvs_sec_provider/CMakeFiles/__idf_nvs_sec_provider.dir/nvs_sec_provider.c.obj
[1032/2115] Linking C static library esp-idf/nvs_sec_provider/libnvs_sec_provider.a
[1033/2115] Building C object esp-idf/perfmon/CMakeFiles/__idf_perfmon.dir/xtensa_perfmon_access.c.obj
[1034/2115] Building C object esp-idf/mqtt/CMakeFiles/__idf_mqtt.dir/esp-mqtt/lib/mqtt_outbox.c.obj
[1035/2115] Building C object esp-idf/fatfs/CMakeFiles/__idf_fatfs.dir/src/ff.c.obj
[1036/2115] Building C object esp-idf/perfmon/CMakeFiles/__idf_perfmon.dir/xtensa_perfmon_masks.c.obj
[1037/2115] Building C object esp-idf/perfmon/CMakeFiles/__idf_perfmon.dir/xtensa_perfmon_apis.c.obj
[1038/2115] Linking C static library esp-idf/fatfs/libfatfs.a
[1039/2115] Linking C static library esp-idf/perfmon/libperfmon.a
[1040/2115] Building C object esp-idf/rt/CMakeFiles/__idf_rt.dir/FreeRTOS_POSIX_utils.c.obj
[1041/2115] Building C object esp-idf/rt/CMakeFiles/__idf_rt.dir/FreeRTOS_POSIX_mqueue.c.obj
[1042/2115] Building C object esp-idf/spiffs/CMakeFiles/__idf_spiffs.dir/spiffs_api.c.obj
[1043/2115] Linking C static library esp-idf/rt/librt.a
[1044/2115] Building C object esp-idf/spiffs/CMakeFiles/__idf_spiffs.dir/spiffs/src/spiffs_cache.c.obj
[1045/2115] Building C object esp-idf/mqtt/CMakeFiles/__idf_mqtt.dir/esp-mqtt/mqtt_client.c.obj
[1046/2115] Linking C static library esp-idf/mqtt/libmqtt.a
[1047/2115] Building C object esp-idf/spiffs/CMakeFiles/__idf_spiffs.dir/spiffs/src/spiffs_gc.c.obj
[1048/2115] Building C object esp-idf/spiffs/CMakeFiles/__idf_spiffs.dir/spiffs/src/spiffs_check.c.obj
[1049/2115] Building C object esp-idf/spiffs/CMakeFiles/__idf_spiffs.dir/spiffs/src/spiffs_hydrogen.c.obj
[1050/2115] Building C object esp-idf/touch_element/CMakeFiles/__idf_touch_element.dir/touch_button.c.obj
[1051/2115] Building C object esp-idf/touch_element/CMakeFiles/__idf_touch_element.dir/touch_element.c.obj
[1052/2115] Building C object esp-idf/spiffs/CMakeFiles/__idf_spiffs.dir/esp_spiffs.c.obj
[1053/2115] Building C object esp-idf/touch_element/CMakeFiles/__idf_touch_element.dir/touch_slider.c.obj
[1054/2115] Building C object esp-idf/touch_element/CMakeFiles/__idf_touch_element.dir/touch_matrix.c.obj
[1055/2115] Linking C static library esp-idf/touch_element/libtouch_element.a
[1056/2115] Building C object esp-idf/spiffs/CMakeFiles/__idf_spiffs.dir/spiffs/src/spiffs_nucleus.c.obj
[1057/2115] Building C object esp-idf/usb/CMakeFiles/__idf_usb.dir/enum.c.obj
[1058/2115] Linking C static library esp-idf/spiffs/libspiffs.a
[1059/2115] Building C object esp-idf/usb/CMakeFiles/__idf_usb.dir/usb_private.c.obj
[1060/2115] Building C object esp-idf/usb/CMakeFiles/__idf_usb.dir/hub.c.obj
[1061/2115] Building C object esp-idf/usb/CMakeFiles/__idf_usb.dir/usb_helpers.c.obj
[1062/2115] Building C object esp-idf/wifi_provisioning/CMakeFiles/__idf_wifi_provisioning.dir/src/wifi_config.c.obj
[1063/2115] Building C object esp-idf/usb/CMakeFiles/__idf_usb.dir/usb_phy.c.obj
[1064/2115] Building C object esp-idf/usb/CMakeFiles/__idf_usb.dir/hcd_dwc.c.obj
[1065/2115] Building C object esp-idf/wifi_provisioning/CMakeFiles/__idf_wifi_provisioning.dir/src/wifi_scan.c.obj
[1066/2115] Building C object esp-idf/wifi_provisioning/CMakeFiles/__idf_wifi_provisioning.dir/src/wifi_ctrl.c.obj
[1067/2115] Building C object esp-idf/usb/CMakeFiles/__idf_usb.dir/usbh.c.obj
[1068/2115] Building C object esp-idf/wifi_provisioning/CMakeFiles/__idf_wifi_provisioning.dir/src/scheme_console.c.obj
[1069/2115] Building C object esp-idf/wifi_provisioning/CMakeFiles/__idf_wifi_provisioning.dir/src/handlers.c.obj
[1070/2115] Building C object esp-idf/usb/CMakeFiles/__idf_usb.dir/usb_host.c.obj
[1071/2115] Linking C static library esp-idf/usb/libusb.a
[1072/2115] Building C object esp-idf/wifi_provisioning/CMakeFiles/__idf_wifi_provisioning.dir/proto-c/wifi_ctrl.pb-c.c.obj
[1073/2115] Building C object esp-idf/wifi_provisioning/CMakeFiles/__idf_wifi_provisioning.dir/proto-c/wifi_constants.pb-c.c.obj
[1074/2115] Building C object esp-idf/wifi_provisioning/CMakeFiles/__idf_wifi_provisioning.dir/proto-c/wifi_config.pb-c.c.obj
[1075/2115] Building C object esp-idf/wifi_provisioning/CMakeFiles/__idf_wifi_provisioning.dir/proto-c/wifi_scan.pb-c.c.obj
[1076/2115] Building C object esp-idf/ethernet_init/CMakeFiles/__idf_ethernet_init.dir/ethernet_init.c.obj
[1077/2115] Linking C static library esp-idf/ethernet_init/libethernet_init.a
[1078/2115] Building C object esp-idf/espressif__button/CMakeFiles/__idf_espressif__button.dir/button_gpio.c.obj
[1079/2115] Building C object esp-idf/espressif__button/CMakeFiles/__idf_espressif__button.dir/button_matrix.c.obj
[1080/2115] Building C object esp-idf/espressif__button/CMakeFiles/__idf_espressif__button.dir/button_rtc.c.obj
[1081/2115] Building C object esp-idf/wifi_provisioning/CMakeFiles/__idf_wifi_provisioning.dir/src/manager.c.obj
[1082/2115] Linking C static library esp-idf/wifi_provisioning/libwifi_provisioning.a
[1083/2115] Building C object esp-idf/espressif__esp_delta_ota/CMakeFiles/__idf_espressif__esp_delta_ota.dir/src/esp_delta_ota.c.obj
[1084/2115] Building C object esp-idf/espressif__cjson/CMakeFiles/__idf_espressif__cjson.dir/cJSON/cJSON_Utils.c.obj
[1085/2115] Building C object esp-idf/espressif__button/CMakeFiles/__idf_espressif__button.dir/button_adc.c.obj
[1086/2115] Building C object esp-idf/espressif__esp_delta_ota/CMakeFiles/__idf_espressif__esp_delta_ota.dir/detools/c/heatshrink/heatshrink_decoder.c.obj
[1087/2115] Building C object esp-idf/espressif__button/CMakeFiles/__idf_espressif__button.dir/iot_button.c.obj
[1088/2115] Linking C static library esp-idf/espressif__button/libespressif__button.a
[1089/2115] Building C object esp-idf/espressif__esp_secure_cert_mgr/CMakeFiles/__idf_espressif__esp_secure_cert_mgr.dir/srcs/esp_secure_cert_crypto.c.obj
[1090/2115] Building C object esp-idf/espressif__esp_delta_ota/CMakeFiles/__idf_espressif__esp_delta_ota.dir/detools/c/detools.c.obj
[1091/2115] Linking C static library esp-idf/espressif__esp_delta_ota/libespressif__esp_delta_ota.a
[1092/2115] Building C object esp-idf/espressif__cjson/CMakeFiles/__idf_espressif__cjson.dir/cJSON/cJSON.c.obj
[1093/2115] Linking C static library esp-idf/espressif__cjson/libespressif__cjson.a
[1094/2115] Building C object esp-idf/espressif__esp_secure_cert_mgr/CMakeFiles/__idf_espressif__esp_secure_cert_mgr.dir/srcs/esp_secure_cert_tlv_read.c.obj
[1095/2115] Building C object esp-idf/espressif__esp_encrypted_img/CMakeFiles/__idf_espressif__esp_encrypted_img.dir/src/esp_encrypted_img.c.obj
[1096/2115] Building C object esp-idf/espressif__mdns/CMakeFiles/__idf_espressif__mdns.dir/mdns_utils.c.obj
[1097/2115] Building C object esp-idf/espressif__esp_secure_cert_mgr/CMakeFiles/__idf_espressif__esp_secure_cert_mgr.dir/srcs/esp_secure_cert_tlv_write.c.obj
[1098/2115] Linking C static library esp-idf/espressif__esp_secure_cert_mgr/libespressif__esp_secure_cert_mgr.a
[1099/2115] Linking C static library esp-idf/espressif__esp_encrypted_img/libespressif__esp_encrypted_img.a
[1100/2115] Building C object esp-idf/espressif__mdns/CMakeFiles/__idf_espressif__mdns.dir/mdns_debug.c.obj
[1101/2115] Building C object esp-idf/espressif__mdns/CMakeFiles/__idf_espressif__mdns.dir/mdns_netif.c.obj
[1102/2115] Building C object esp-idf/espressif__mdns/CMakeFiles/__idf_espressif__mdns.dir/mdns_responder.c.obj
[1103/2115] Building C object esp-idf/espressif__mdns/CMakeFiles/__idf_espressif__mdns.dir/mdns_receive.c.obj
[1104/2115] Building C object esp-idf/espressif__mdns/CMakeFiles/__idf_espressif__mdns.dir/mdns_service.c.obj
[1105/2115] Building C object esp-idf/espressif__mdns/CMakeFiles/__idf_espressif__mdns.dir/mdns_pcb.c.obj
[1106/2115] Building C object esp-idf/espressif__mdns/CMakeFiles/__idf_espressif__mdns.dir/mdns_browser.c.obj
[1107/2115] Building C object esp-idf/espressif__mdns/CMakeFiles/__idf_espressif__mdns.dir/mdns_querier.c.obj
[1108/2115] Building C object esp-idf/espressif__mdns/CMakeFiles/__idf_espressif__mdns.dir/mdns_send.c.obj
[1109/2115] Building C object esp-idf/espressif__mdns/CMakeFiles/__idf_espressif__mdns.dir/mdns_mem_caps.c.obj
[1110/2115] Building C object esp-idf/lcd_display/CMakeFiles/__idf_lcd_display.dir/lcd_display.c.obj
[1111/2115] Linking C static library esp-idf/lcd_display/liblcd_display.a
[1112/2115] Building C object esp-idf/touch_input/CMakeFiles/__idf_touch_input.dir/touch_input.c.obj
[1113/2115] Linking C static library esp-idf/touch_input/libtouch_input.a
[1114/2115] Building C object esp-idf/espressif__mdns/CMakeFiles/__idf_espressif__mdns.dir/mdns_networking_lwip.c.obj
[1115/2115] Building C object esp-idf/espressif__mdns/CMakeFiles/__idf_espressif__mdns.dir/mdns_cache.c.obj
[1116/2115] Building C object esp-idf/espressif__esp_lcd_gc9a01/CMakeFiles/__idf_espressif__esp_lcd_gc9a01.dir/esp_lcd_gc9a01.c.obj
[1117/2115] Linking C static library esp-idf/espressif__esp_lcd_gc9a01/libespressif__esp_lcd_gc9a01.a
[1118/2115] Building C object esp-idf/espressif__mdns/CMakeFiles/__idf_espressif__mdns.dir/mdns_console.c.obj
[1119/2115] Linking C static library esp-idf/espressif__mdns/libespressif__mdns.a
[1120/2115] Linking C static library esp-idf/esp_local_ctrl/libesp_local_ctrl.a
[1121/2115] Building C object esp-idf/lvgl__lvgl/CMakeFiles/__idf_lvgl__lvgl.dir/src/core/lv_obj_class.c.obj
[1122/2115] Building C object esp-idf/lvgl__lvgl/CMakeFiles/__idf_lvgl__lvgl.dir/src/core/lv_group.c.obj
[1123/2115] Building C object esp-idf/lvgl__lvgl/CMakeFiles/__idf_lvgl__lvgl.dir/src/core/lv_obj_id_builtin.c.obj
[1124/2115] Building C object esp-idf/lvgl__lvgl/CMakeFiles/__idf_lvgl__lvgl.dir/src/core/lv_obj_event.c.obj
[1125/2115] Building C object esp-idf/lvgl__lvgl/CMakeFiles/__idf_lvgl__lvgl.dir/src/core/lv_obj_draw.c.obj
[1126/2115] Building C object esp-idf/lvgl__lvgl/CMakeFiles/__idf_lvgl__lvgl.dir/src/core/lv_obj_property.c.obj
[1127/2115] Building C object esp-idf/lvgl__lvgl/CMakeFiles/__idf_lvgl__lvgl.dir/src/core/lv_obj_scroll.c.obj
[1128/2115] Building C object esp-idf/lvgl__lvgl/CMakeFiles/__idf_lvgl__lvgl.dir/src/core/lv_obj_pos.c.obj
[1129/2115] Building C object esp-idf/lvgl__lvgl/CMakeFiles/__idf_lvgl__lvgl.dir/src/core/lv_obj.c.obj
[1130/2115] Building C object esp-idf/lvgl__lvgl/CMakeFiles/__idf_lvgl__lvgl.dir/src/core/lv_obj_tree.c.obj
[1131/2115] Building C object esp-idf/lvgl__lvgl/CMakeFiles/__idf_lvgl__lvgl.dir/src/core/lv_obj_style.c.obj
[1132/2115] Building C object esp-idf/lvgl__lvgl/CMakeFiles/__idf_lvgl__lvgl.dir/src/core/lv_obj_style_gen.c.obj
[1133/2115] Building C object esp-idf/lvgl__lvgl/CMakeFiles/__idf_lvgl__lvgl.dir/src/debugging/profiler/lv_profiler_builtin.c.obj
[1134/2115] Building C object esp-idf/lvgl__lvgl/CMakeFiles/__idf_lvgl__lvgl.dir/src/debugging/profiler/lv_profiler_builtin_posix.c.obj
[1135/2115] Building C object esp-idf/lvgl__lvgl/CMakeFiles/__idf_lvgl__lvgl.dir/src/debugging/monkey/lv_monkey.c.obj
[1136/2115] Building C object esp-idf/lvgl__lvgl/CMakeFiles/__idf_lvgl__lvgl.dir/src/core/lv_refr.c.obj
[1137/2115] Building C object esp-idf/lvgl__lvgl/CMakeFiles/__idf_lvgl__lvgl.dir/src/debugging/test/lv_test_display_egl.c.obj
[1138/2115] Building C object esp-idf/lvgl__lvgl/CMakeFiles/__idf_lvgl__lvgl.dir/src/debugging/test/lv_test_display.c.obj
[1139/2115] Building C object esp-idf/lvgl__lvgl/CMakeFiles/__idf_lvgl__lvgl.dir/src/debugging/sysmon/lv_sysmon.c.obj
[1140/2115] Building C object esp-idf/lvgl__lvgl/CMakeFiles/__idf_lvgl__lvgl.dir/src/core/lv_observer.c.obj
[1141/2115] Building C object esp-idf/lvgl__lvgl/CMakeFiles/__idf_lvgl__lvgl.dir/src/debugging/test/lv_test_indev.c.obj
[1142/2115] Building C object esp-idf/lvgl__lvgl/CMakeFiles/__idf_lvgl__lvgl.dir/src/debugging/test/lv_test_indev_gesture.c.obj
[1143/2115] Building C object esp-idf/lvgl__lvgl/CMakeFiles/__idf_lvgl__lvgl.dir/src/debugging/test/lv_test_fs.c.obj
[1144/2115] Building C object esp-idf/lvgl__lvgl/CMakeFiles/__idf_lvgl__lvgl.dir/src/debugging/test/lv_test_helpers.c.obj
[1145/2115] Building C object esp-idf/lvgl__lvgl/CMakeFiles/__idf_lvgl__lvgl.dir/src/debugging/test/lv_test_screenshot_compare.c.obj
[1146/2115] Building CXX object esp-idf/lvgl__lvgl/CMakeFiles/__idf_lvgl__lvgl.dir/src/debugging/vg_lite_tvg/vg_lite_tvg.cpp.obj
[1147/2115] Building C object esp-idf/lvgl__lvgl/CMakeFiles/__idf_lvgl__lvgl.dir/src/debugging/vg_lite_tvg/vg_lite_matrix.c.obj
[1148/2115] Building C object esp-idf/lvgl__lvgl/CMakeFiles/__idf_lvgl__lvgl.dir/src/draw/convert/lv_draw_buf_convert.c.obj
[1149/2115] Building C object esp-idf/lvgl__lvgl/CMakeFiles/__idf_lvgl__lvgl.dir/src/draw/convert/helium/lv_draw_buf_convert_helium.c.obj
[1150/2115] Building C object esp-idf/lvgl__lvgl/CMakeFiles/__idf_lvgl__lvgl.dir/src/draw/convert/neon/lv_draw_buf_convert_neon.c.obj
[1151/2115] Building C object esp-idf/lvgl__lvgl/CMakeFiles/__idf_lvgl__lvgl.dir/src/draw/dma2d/lv_draw_dma2d.c.obj
[1152/2115] Building C object esp-idf/lvgl__lvgl/CMakeFiles/__idf_lvgl__lvgl.dir/src/draw/dma2d/lv_draw_dma2d_fill.c.obj
[1153/2115] Building C object esp-idf/lvgl__lvgl/CMakeFiles/__idf_lvgl__lvgl.dir/src/draw/dma2d/lv_draw_dma2d_img.c.obj
[1154/2115] Building C object esp-idf/lvgl__lvgl/CMakeFiles/__idf_lvgl__lvgl.dir/src/draw/espressif/ppa/lv_draw_ppa.c.obj
[1155/2115] Building C object esp-idf/lvgl__lvgl/CMakeFiles/__idf_lvgl__lvgl.dir/src/draw/espressif/ppa/lv_draw_ppa_fill.c.obj
[1156/2115] Building C object esp-idf/lvgl__lvgl/CMakeFiles/__idf_lvgl__lvgl.dir/src/draw/espressif/ppa/lv_draw_ppa_img.c.obj
[1157/2115] Building C object esp-idf/lvgl__lvgl/CMakeFiles/__idf_lvgl__lvgl.dir/src/draw/eve/lv_draw_eve.c.obj
[1158/2115] Building C object esp-idf/lvgl__lvgl/CMakeFiles/__idf_lvgl__lvgl.dir/src/draw/espressif/ppa/lv_draw_ppa_buf.c.obj
[1159/2115] Building C object esp-idf/lvgl__lvgl/CMakeFiles/__idf_lvgl__lvgl.dir/src/draw/eve/lv_draw_eve_arc.c.obj
[1160/2115] Building C object esp-idf/lvgl__lvgl/CMakeFiles/__idf_lvgl__lvgl.dir/src/display/lv_display.c.obj
[1161/2115] Building C object esp-idf/lvgl__lvgl/CMakeFiles/__idf_lvgl__lvgl.dir/src/draw/eve/lv_draw_eve_fill.c.obj
[1162/2115] Building C object esp-idf/lvgl__lvgl/CMakeFiles/__idf_lvgl__lvgl.dir/src/draw/eve/lv_draw_eve_image.c.obj
[1163/2115] Building C object esp-idf/lvgl__lvgl/CMakeFiles/__idf_lvgl__lvgl.dir/src/draw/eve/lv_draw_eve_letter.c.obj
[1164/2115] Building C object esp-idf/lvgl__lvgl/CMakeFiles/__idf_lvgl__lvgl.dir/src/draw/eve/lv_draw_eve_line.c.obj
[1165/2115] Building C object esp-idf/lvgl__lvgl/CMakeFiles/__idf_lvgl__lvgl.dir/src/draw/eve/lv_draw_eve_ram_g.c.obj
[1166/2115] Building C object esp-idf/lvgl__lvgl/CMakeFiles/__idf_lvgl__lvgl.dir/src/draw/eve/lv_draw_eve_triangle.c.obj
[1167/2115] Building C object esp-idf/lvgl__lvgl/CMakeFiles/__idf_lvgl__lvgl.dir/src/draw/eve/lv_eve.c.obj
[1168/2115] Building C object esp-idf/lvgl__lvgl/CMakeFiles/__idf_lvgl__lvgl.dir/src/draw/lv_draw_3d.c.obj
[1169/2115] Building C object esp-idf/lvgl__lvgl/CMakeFiles/__idf_lvgl__lvgl.dir/src/draw/lv_draw.c.obj
[1170/2115] Building C object esp-idf/lvgl__lvgl/CMakeFiles/__idf_lvgl__lvgl.dir/src/draw/lv_draw_arc.c.obj
[1171/2115] Building C object esp-idf/lvgl__lvgl/CMakeFiles/__idf_lvgl__lvgl.dir/src/draw/lv_draw_blur.c.obj
[1172/2115] Building C object esp-idf/lvgl__lvgl/CMakeFiles/__idf_lvgl__lvgl.dir/src/draw/lv_draw_image.c.obj
[1173/2115] Building C object esp-idf/lvgl__lvgl/CMakeFiles/__idf_lvgl__lvgl.dir/src/draw/lv_draw_line.c.obj
[1174/2115] Building C object esp-idf/lvgl__lvgl/CMakeFiles/__idf_lvgl__lvgl.dir/src/draw/lv_draw_buf.c.obj
[1175/2115] Building C object esp-idf/lvgl__lvgl/CMakeFiles/__idf_lvgl__lvgl.dir/src/draw/lv_draw_mask.c.obj
[1176/2115] Building C object esp-idf/lvgl__lvgl/CMakeFiles/__idf_lvgl__lvgl.dir/src/draw/lv_draw_label.c.obj
[1177/2115] Building C object esp-idf/lvgl__lvgl/CMakeFiles/__idf_lvgl__lvgl.dir/src/draw/lv_draw_vector.c.obj
[1178/2115] Building C object esp-idf/lvgl__lvgl/CMakeFiles/__idf_lvgl__lvgl.dir/src/draw/lv_draw_triangle.c.obj
[1179/2115] Building C object esp-idf/lvgl__lvgl/CMakeFiles/__idf_lvgl__lvgl.dir/src/draw/lv_draw_rect.c.obj
[1180/2115] Building C object esp-idf/lvgl__lvgl/CMakeFiles/__idf_lvgl__lvgl.dir/src/draw/nanovg/lv_draw_nanovg_3d.c.obj
[1181/2115] Building C object esp-idf/lvgl__lvgl/CMakeFiles/__idf_lvgl__lvgl.dir/src/draw/nanovg/lv_draw_nanovg.c.obj
[1182/2115] Building C object esp-idf/lvgl__lvgl/CMakeFiles/__idf_lvgl__lvgl.dir/src/draw/lv_draw_utils.c.obj
[1183/2115] Building C object esp-idf/lvgl__lvgl/CMakeFiles/__idf_lvgl__lvgl.dir/src/draw/nanovg/lv_draw_nanovg_arc.c.obj
[1184/2115] Building C object esp-idf/lvgl__lvgl/CMakeFiles/__idf_lvgl__lvgl.dir/src/draw/nanovg/lv_draw_nanovg_border.c.obj
[1185/2115] Building C object esp-idf/lvgl__lvgl/CMakeFiles/__idf_lvgl__lvgl.dir/src/draw/nanovg/lv_draw_nanovg_blur.c.obj
[1186/2115] Building C object esp-idf/lvgl__lvgl/CMakeFiles/__idf_lvgl__lvgl.dir/src/draw/nanovg/lv_draw_nanovg_grad.c.obj
[1187/2115] Building C object esp-idf/lvgl__lvgl/CMakeFiles/__idf_lvgl__lvgl.dir/src/draw/nanovg/lv_draw_nanovg_fill.c.obj
[1188/2115] Building C object esp-idf/lvgl__lvgl/CMakeFiles/__idf_lvgl__lvgl.dir/src/draw/nanovg/lv_draw_nanovg_box_shadow.c.obj
[1189/2115] Building C object esp-idf/lvgl__lvgl/CMakeFiles/__idf_lvgl__lvgl.dir/src/draw/nanovg/lv_draw_nanovg_image.c.obj
[1190/2115] Building C object esp-idf/lvgl__lvgl/CMakeFiles/__idf_lvgl__lvgl.dir/src/draw/nanovg/lv_draw_nanovg_label.c.obj
[1191/2115] Building C object esp-idf/lvgl__lvgl/CMakeFiles/__idf_lvgl__lvgl.dir/src/draw/nanovg/lv_draw_nanovg_layer.c.obj
[1192/2115] Building C object esp-idf/lvgl__lvgl/CMakeFiles/__idf_lvgl__lvgl.dir/src/draw/nanovg/lv_draw_nanovg_line.c.obj
[1193/2115] Building C object esp-idf/lvgl__lvgl/CMakeFiles/__idf_lvgl__lvgl.dir/src/draw/nanovg/lv_draw_nanovg_mask_rect.c.obj
[1194/2115] Building C object esp-idf/lvgl__lvgl/CMakeFiles/__idf_lvgl__lvgl.dir/src/draw/nanovg/lv_draw_nanovg_triangle.c.obj
[1195/2115] Building C object esp-idf/lvgl__lvgl/CMakeFiles/__idf_lvgl__lvgl.dir/src/draw/nanovg/lv_draw_nanovg_vector.c.obj
[1196/2115] Building C object esp-idf/lvgl__lvgl/CMakeFiles/__idf_lvgl__lvgl.dir/src/draw/nanovg/lv_nanovg_fbo_cache.c.obj
[1197/2115] Building C object esp-idf/lvgl__lvgl/CMakeFiles/__idf_lvgl__lvgl.dir/src/draw/nanovg/lv_nanovg_image_cache.c.obj
[1198/2115] Building C object esp-idf/lvgl__lvgl/CMakeFiles/__idf_lvgl__lvgl.dir/src/draw/nema_gfx/lv_draw_nema_gfx.c.obj
[1199/2115] Building C object esp-idf/lvgl__lvgl/CMakeFiles/__idf_lvgl__lvgl.dir/src/draw/nema_gfx/lv_draw_nema_gfx_border.c.obj
[1200/2115] Building C object esp-idf/lvgl__lvgl/CMakeFiles/__idf_lvgl__lvgl.dir/src/draw/nanovg/lv_nanovg_utils.c.obj
[1201/2115] Building C object esp-idf/lvgl__lvgl/CMakeFiles/__idf_lvgl__lvgl.dir/src/draw/nema_gfx/lv_draw_nema_gfx_arc.c.obj
[1202/2115] Building C object esp-idf/lvgl__lvgl/CMakeFiles/__idf_lvgl__lvgl.dir/src/draw/nema_gfx/lv_draw_nema_gfx_img.c.obj
[1203/2115] Building C object esp-idf/lvgl__lvgl/CMakeFiles/__idf_lvgl__lvgl.dir/src/draw/nema_gfx/lv_draw_nema_gfx_fill.c.obj
[1204/2115] Building C object esp-idf/lvgl__lvgl/CMakeFiles/__idf_lvgl__lvgl.dir/src/draw/nema_gfx/lv_draw_nema_gfx_cache.c.obj
[1205/2115] Building C object esp-idf/lvgl__lvgl/CMakeFiles/__idf_lvgl__lvgl.dir/src/draw/nema_gfx/lv_draw_nema_gfx_label.c.obj
[1206/2115] Building C object esp-idf/lvgl__lvgl/CMakeFiles/__idf_lvgl__lvgl.dir/src/draw/nema_gfx/lv_draw_nema_gfx_layer.c.obj
[1207/2115] Building C object esp-idf/lvgl__lvgl/CMakeFiles/__idf_lvgl__lvgl.dir/src/draw/nema_gfx/lv_draw_nema_gfx_line.c.obj
[1208/2115] Building C object esp-idf/lvgl__lvgl/CMakeFiles/__idf_lvgl__lvgl.dir/src/draw/nema_gfx/lv_draw_nema_gfx_triangle.c.obj
[1209/2115] Building C object esp-idf/lvgl__lvgl/CMakeFiles/__idf_lvgl__lvgl.dir/src/draw/nema_gfx/lv_draw_nema_gfx_stm32_hal.c.obj
[1210/2115] Building C object esp-idf/lvgl__lvgl/CMakeFiles/__idf_lvgl__lvgl.dir/src/draw/nema_gfx/lv_draw_nema_gfx_vector.c.obj
[1211/2115] Building C object esp-idf/lvgl__lvgl/CMakeFiles/__idf_lvgl__lvgl.dir/src/draw/nema_gfx/lv_draw_nema_gfx_utils.c.obj
[1212/2115] Building C object esp-idf/lvgl__lvgl/CMakeFiles/__idf_lvgl__lvgl.dir/src/draw/nxp/g2d/lv_draw_buf_g2d.c.obj
[1213/2115] Building C object esp-idf/lvgl__lvgl/CMakeFiles/__idf_lvgl__lvgl.dir/src/draw/nema_gfx/lv_nema_gfx_path.c.obj
[1214/2115] Building C object esp-idf/lvgl__lvgl/CMakeFiles/__idf_lvgl__lvgl.dir/src/draw/nxp/g2d/lv_draw_g2d.c.obj
[1215/2115] Building C object esp-idf/lvgl__lvgl/CMakeFiles/__idf_lvgl__lvgl.dir/src/draw/nxp/g2d/lv_draw_g2d_fill.c.obj
[1216/2115] Building C object esp-idf/lvgl__lvgl/CMakeFiles/__idf_lvgl__lvgl.dir/src/draw/nxp/g2d/lv_draw_g2d_img.c.obj
[1217/2115] Building C object esp-idf/lvgl__lvgl/CMakeFiles/__idf_lvgl__lvgl.dir/src/draw/nxp/g2d/lv_g2d_buf_map.c.obj
[1218/2115] Building C object esp-idf/lvgl__lvgl/CMakeFiles/__idf_lvgl__lvgl.dir/src/draw/nxp/g2d/lv_g2d_utils.c.obj
[1219/2115] Building C object esp-idf/lvgl__lvgl/CMakeFiles/__idf_lvgl__lvgl.dir/src/draw/nxp/pxp/lv_draw_buf_pxp.c.obj
[1220/2115] Building C object esp-idf/lvgl__lvgl/CMakeFiles/__idf_lvgl__lvgl.dir/src/draw/nxp/pxp/lv_draw_pxp_fill.c.obj
[1221/2115] Building C object esp-idf/lvgl__lvgl/CMakeFiles/__idf_lvgl__lvgl.dir/src/draw/nxp/pxp/lv_draw_pxp.c.obj
[1222/2115] Building C object esp-idf/lvgl__lvgl/CMakeFiles/__idf_lvgl__lvgl.dir/src/draw/nxp/pxp/lv_draw_pxp_layer.c.obj
[1223/2115] Building C object esp-idf/lvgl__lvgl/CMakeFiles/__idf_lvgl__lvgl.dir/src/draw/nxp/pxp/lv_draw_pxp_img.c.obj
[1224/2115] Building C object esp-idf/lvgl__lvgl/CMakeFiles/__idf_lvgl__lvgl.dir/src/draw/nxp/pxp/lv_pxp_cfg.c.obj
[1225/2115] Building C object esp-idf/lvgl__lvgl/CMakeFiles/__idf_lvgl__lvgl.dir/src/draw/nxp/pxp/lv_pxp_osa.c.obj
[1226/2115] Building C object esp-idf/lvgl__lvgl/CMakeFiles/__idf_lvgl__lvgl.dir/src/draw/opengles/lv_draw_opengles.c.obj
[1227/2115] Building C object esp-idf/lvgl__lvgl/CMakeFiles/__idf_lvgl__lvgl.dir/src/draw/nxp/pxp/lv_pxp_utils.c.obj
[1228/2115] Building C object esp-idf/lvgl__lvgl/CMakeFiles/__idf_lvgl__lvgl.dir/src/draw/renesas/dave2d/lv_draw_dave2d.c.obj
[1229/2115] Building C object esp-idf/lvgl__lvgl/CMakeFiles/__idf_lvgl__lvgl.dir/src/draw/renesas/dave2d/lv_draw_dave2d_arc.c.obj
[1230/2115] Building C object esp-idf/lvgl__lvgl/CMakeFiles/__idf_lvgl__lvgl.dir/src/draw/renesas/dave2d/lv_draw_dave2d_border.c.obj
[1231/2115] Building C object esp-idf/lvgl__lvgl/CMakeFiles/__idf_lvgl__lvgl.dir/src/draw/renesas/dave2d/lv_draw_dave2d_fill.c.obj
[1232/2115] Building C object esp-idf/lvgl__lvgl/CMakeFiles/__idf_lvgl__lvgl.dir/src/draw/renesas/dave2d/lv_draw_dave2d_image.c.obj
[1233/2115] Building C object esp-idf/lvgl__lvgl/CMakeFiles/__idf_lvgl__lvgl.dir/src/draw/renesas/dave2d/lv_draw_dave2d_label.c.obj
[1234/2115] Building C object esp-idf/lvgl__lvgl/CMakeFiles/__idf_lvgl__lvgl.dir/src/draw/renesas/dave2d/lv_draw_dave2d_mask_rectangle.c.obj
[1235/2115] Building C object esp-idf/lvgl__lvgl/CMakeFiles/__idf_lvgl__lvgl.dir/src/draw/renesas/dave2d/lv_draw_dave2d_triangle.c.obj
[1236/2115] Building C object esp-idf/lvgl__lvgl/CMakeFiles/__idf_lvgl__lvgl.dir/src/draw/renesas/dave2d/lv_draw_dave2d_line.c.obj
[1237/2115] Building C object esp-idf/lvgl__lvgl/CMakeFiles/__idf_lvgl__lvgl.dir/src/draw/renesas/dave2d/lv_draw_dave2d_utils.c.obj
[1238/2115] Building C object esp-idf/lvgl__lvgl/CMakeFiles/__idf_lvgl__lvgl.dir/src/draw/sifli/epic/lv_draw_sifli_epic.c.obj
[1239/2115] Building C object esp-idf/lvgl__lvgl/CMakeFiles/__idf_lvgl__lvgl.dir/src/draw/sdl/lv_draw_sdl.c.obj
[1240/2115] Building C object esp-idf/lvgl__lvgl/CMakeFiles/__idf_lvgl__lvgl.dir/src/draw/sifli/epic/lv_draw_buf_sifli_epic.c.obj
[1241/2115] Building C object esp-idf/lvgl__lvgl/CMakeFiles/__idf_lvgl__lvgl.dir/src/draw/sifli/epic/lv_draw_sifli_epic_fill.c.obj
[1242/2115] Building C object esp-idf/lvgl__lvgl/CMakeFiles/__idf_lvgl__lvgl.dir/src/draw/sifli/epic/lv_draw_sifli_epic_border.c.obj
[1243/2115] Building C object esp-idf/lvgl__lvgl/CMakeFiles/__idf_lvgl__lvgl.dir/src/draw/sifli/epic/lv_draw_sifli_epic_img.c.obj
[1244/2115] Building C object esp-idf/lvgl__lvgl/CMakeFiles/__idf_lvgl__lvgl.dir/src/draw/sifli/epic/lv_draw_sifli_epic_layer.c.obj
[1245/2115] Building C object esp-idf/lvgl__lvgl/CMakeFiles/__idf_lvgl__lvgl.dir/src/draw/sifli/epic/lv_draw_sifli_epic_label.c.obj
[1246/2115] Building C object esp-idf/lvgl__lvgl/CMakeFiles/__idf_lvgl__lvgl.dir/src/draw/sifli/epic/lv_sifli_epic_cfg.c.obj
[1247/2115] Building C object esp-idf/lvgl__lvgl/CMakeFiles/__idf_lvgl__lvgl.dir/src/draw/sifli/epic/lv_sifli_epic_osa.c.obj
[1248/2115] Building C object esp-idf/lvgl__lvgl/CMakeFiles/__idf_lvgl__lvgl.dir/src/draw/sifli/epic/lv_sifli_epic_utils.c.obj
[1249/2115] Building C object esp-idf/lvgl__lvgl/CMakeFiles/__idf_lvgl__lvgl.dir/src/draw/sw/blend/lv_draw_sw_blend.c.obj
[1250/2115] Building C object esp-idf/lvgl__lvgl/CMakeFiles/__idf_lvgl__lvgl.dir/src/draw/sw/blend/arm2d/lv_blend_arm2d.c.obj
[1251/2115] Building C object esp-idf/lvgl__lvgl/CMakeFiles/__idf_lvgl__lvgl.dir/src/draw/snapshot/lv_snapshot.c.obj
[1252/2115] Building C object esp-idf/lvgl__lvgl/CMakeFiles/__idf_lvgl__lvgl.dir/src/draw/sw/blend/lv_draw_sw_blend_to_a8.c.obj
[1253/2115] Building C object esp-idf/lvgl__lvgl/CMakeFiles/__idf_lvgl__lvgl.dir/src/draw/sw/blend/lv_draw_sw_blend_to_al88.c.obj
[1254/2115] Building C object esp-idf/lvgl__lvgl/CMakeFiles/__idf_lvgl__lvgl.dir/src/draw/sw/blend/lv_draw_sw_blend_to_argb8888_premultiplied.c.obj
[1255/2115] Building C object esp-idf/lvgl__lvgl/CMakeFiles/__idf_lvgl__lvgl.dir/src/draw/sw/blend/lv_draw_sw_blend_to_i1.c.obj
[1256/2115] Building C object esp-idf/lvgl__lvgl/CMakeFiles/__idf_lvgl__lvgl.dir/src/draw/sw/blend/lv_draw_sw_blend_to_l8.c.obj
[1257/2115] Building C object esp-idf/lvgl__lvgl/CMakeFiles/__idf_lvgl__lvgl.dir/src/draw/sw/blend/lv_draw_sw_blend_to_argb8888.c.obj
[1258/2115] Building C object esp-idf/lvgl__lvgl/CMakeFiles/__idf_lvgl__lvgl.dir/src/draw/sw/blend/neon/lv_draw_sw_blend_neon_to_rgb565.c.obj
[1259/2115] Building C object esp-idf/lvgl__lvgl/CMakeFiles/__idf_lvgl__lvgl.dir/src/draw/sw/blend/neon/lv_draw_sw_blend_neon_to_rgb888.c.obj
[1260/2115] Building C object esp-idf/lvgl__lvgl/CMakeFiles/__idf_lvgl__lvgl.dir/src/draw/sw/blend/lv_draw_sw_blend_to_rgb565.c.obj
[1261/2115] Building C object esp-idf/lvgl__lvgl/CMakeFiles/__idf_lvgl__lvgl.dir/src/draw/sw/blend/riscv_v/lv_draw_sw_blend_riscv_v_to_rgb888.c.obj
[1262/2115] Building C object esp-idf/lvgl__lvgl/CMakeFiles/__idf_lvgl__lvgl.dir/src/draw/sw/blend/sve2/lv_draw_sw_blend_sve2_to_rgb888.c.obj
[1263/2115] Building C object esp-idf/lvgl__lvgl/CMakeFiles/__idf_lvgl__lvgl.dir/src/draw/sw/lv_draw_sw.c.obj
[1264/2115] Building C object esp-idf/lvgl__lvgl/CMakeFiles/__idf_lvgl__lvgl.dir/src/draw/sw/blend/lv_draw_sw_blend_to_rgb888.c.obj
[1265/2115] Building C object esp-idf/lvgl__lvgl/CMakeFiles/__idf_lvgl__lvgl.dir/src/draw/sw/lv_draw_sw_arc.c.obj
[1266/2115] Building C object esp-idf/lvgl__lvgl/CMakeFiles/__idf_lvgl__lvgl.dir/src/draw/sw/blend/lv_draw_sw_blend_to_rgb565_swapped.c.obj
[1267/2115] Building C object esp-idf/lvgl__lvgl/CMakeFiles/__idf_lvgl__lvgl.dir/src/draw/sw/lv_draw_sw_blur.c.obj
[1268/2115] Building C object esp-idf/lvgl__lvgl/CMakeFiles/__idf_lvgl__lvgl.dir/src/draw/sw/lv_draw_sw_border.c.obj
[1269/2115] Building C object esp-idf/lvgl__lvgl/CMakeFiles/__idf_lvgl__lvgl.dir/src/draw/sw/lv_draw_sw_fill.c.obj
[1270/2115] Building C object esp-idf/lvgl__lvgl/CMakeFiles/__idf_lvgl__lvgl.dir/src/draw/sw/lv_draw_sw_grad.c.obj
[1271/2115] Building C object esp-idf/lvgl__lvgl/CMakeFiles/__idf_lvgl__lvgl.dir/src/draw/sw/lv_draw_sw_letter.c.obj
[1272/2115] Building C object esp-idf/lvgl__lvgl/CMakeFiles/__idf_lvgl__lvgl.dir/src/draw/sw/lv_draw_sw_box_shadow.c.obj
[1273/2115] Building C object esp-idf/lvgl__lvgl/CMakeFiles/__idf_lvgl__lvgl.dir/src/draw/sw/lv_draw_sw_line.c.obj
[1274/2115] Building C object esp-idf/lvgl__lvgl/CMakeFiles/__idf_lvgl__lvgl.dir/src/draw/sw/lv_draw_sw_mask_rect.c.obj
[1275/2115] Building C object esp-idf/lvgl__lvgl/CMakeFiles/__idf_lvgl__lvgl.dir/src/draw/sw/lv_draw_sw_img.c.obj
[1276/2115] Building C object esp-idf/lvgl__lvgl/CMakeFiles/__idf_lvgl__lvgl.dir/src/draw/sw/lv_draw_sw_triangle.c.obj
[1277/2115] Building C object esp-idf/lvgl__lvgl/CMakeFiles/__idf_lvgl__lvgl.dir/src/draw/sw/lv_draw_sw_vector.c.obj
[1278/2115] Building C object esp-idf/lvgl__lvgl/CMakeFiles/__idf_lvgl__lvgl.dir/src/draw/vg_lite/lv_draw_buf_vg_lite.c.obj
[1279/2115] Building C object esp-idf/lvgl__lvgl/CMakeFiles/__idf_lvgl__lvgl.dir/src/draw/sw/lv_draw_sw_mask.c.obj
[1280/2115] Building C object esp-idf/lvgl__lvgl/CMakeFiles/__idf_lvgl__lvgl.dir/src/draw/vg_lite/lv_draw_vg_lite_border.c.obj
[1281/2115] Building C object esp-idf/lvgl__lvgl/CMakeFiles/__idf_lvgl__lvgl.dir/src/draw/vg_lite/lv_draw_vg_lite.c.obj
[1282/2115] Building C object esp-idf/lvgl__lvgl/CMakeFiles/__idf_lvgl__lvgl.dir/src/draw/vg_lite/lv_draw_vg_lite_arc.c.obj
[1283/2115] Building C object esp-idf/lvgl__lvgl/CMakeFiles/__idf_lvgl__lvgl.dir/src/draw/vg_lite/lv_draw_vg_lite_fill.c.obj
[1284/2115] Building C object esp-idf/lvgl__lvgl/CMakeFiles/__idf_lvgl__lvgl.dir/src/draw/vg_lite/lv_draw_vg_lite_box_shadow.c.obj
[1285/2115] Building C object esp-idf/lvgl__lvgl/CMakeFiles/__idf_lvgl__lvgl.dir/src/draw/vg_lite/lv_draw_vg_lite_label.c.obj
[1286/2115] Building C object esp-idf/lvgl__lvgl/CMakeFiles/__idf_lvgl__lvgl.dir/src/draw/vg_lite/lv_draw_vg_lite_img.c.obj
[1287/2115] Building C object esp-idf/lvgl__lvgl/CMakeFiles/__idf_lvgl__lvgl.dir/src/draw/sw/lv_draw_sw_transform.c.obj
[1288/2115] Building C object esp-idf/lvgl__lvgl/CMakeFiles/__idf_lvgl__lvgl.dir/src/draw/vg_lite/lv_draw_vg_lite_layer.c.obj
[1289/2115] Building C object esp-idf/lvgl__lvgl/CMakeFiles/__idf_lvgl__lvgl.dir/src/draw/vg_lite/lv_draw_vg_lite_line.c.obj
[1290/2115] Building C object esp-idf/lvgl__lvgl/CMakeFiles/__idf_lvgl__lvgl.dir/src/draw/vg_lite/lv_draw_vg_lite_mask_rect.c.obj
[1291/2115] Building C object esp-idf/lvgl__lvgl/CMakeFiles/__idf_lvgl__lvgl.dir/src/draw/vg_lite/lv_draw_vg_lite_triangle.c.obj
[1292/2115] Building C object esp-idf/lvgl__lvgl/CMakeFiles/__idf_lvgl__lvgl.dir/src/draw/vg_lite/lv_draw_vg_lite_vector.c.obj
[1293/2115] Building C object esp-idf/lvgl__lvgl/CMakeFiles/__idf_lvgl__lvgl.dir/src/draw/vg_lite/lv_vg_lite_decoder.c.obj
[1294/2115] Building C object esp-idf/lvgl__lvgl/CMakeFiles/__idf_lvgl__lvgl.dir/src/draw/vg_lite/lv_vg_lite_bitmap_font_cache.c.obj
[1295/2115] Building C object esp-idf/lvgl__lvgl/CMakeFiles/__idf_lvgl__lvgl.dir/src/draw/vg_lite/lv_vg_lite_math.c.obj
[1296/2115] Building C object esp-idf/lvgl__lvgl/CMakeFiles/__idf_lvgl__lvgl.dir/src/draw/vg_lite/lv_vg_lite_pending.c.obj
[1297/2115] Building C object esp-idf/lvgl__lvgl/CMakeFiles/__idf_lvgl__lvgl.dir/src/draw/vg_lite/lv_vg_lite_grad.c.obj
[1298/2115] Building C object esp-idf/lvgl__lvgl/CMakeFiles/__idf_lvgl__lvgl.dir/src/draw/vg_lite/lv_vg_lite_utils.c.obj
[1299/2115] Building C object esp-idf/lvgl__lvgl/CMakeFiles/__idf_lvgl__lvgl.dir/src/draw/vg_lite/lv_vg_lite_path.c.obj
[1300/2115] Building C object esp-idf/lvgl__lvgl/CMakeFiles/__idf_lvgl__lvgl.dir/src/draw/vg_lite/lv_vg_lite_stroke.c.obj
[1301/2115] Building C object esp-idf/lvgl__lvgl/CMakeFiles/__idf_lvgl__lvgl.dir/src/drivers/display/drm/lv_linux_drm_common.c.obj
[1302/2115] Building C object esp-idf/lvgl__lvgl/CMakeFiles/__idf_lvgl__lvgl.dir/src/drivers/display/drm/lv_linux_drm_egl.c.obj
[1303/2115] Building C object esp-idf/lvgl__lvgl/CMakeFiles/__idf_lvgl__lvgl.dir/src/drivers/display/drm/lv_linux_drm.c.obj
[1304/2115] Building C object esp-idf/lvgl__lvgl/CMakeFiles/__idf_lvgl__lvgl.dir/src/drivers/display/fb/lv_linux_fbdev.c.obj
[1305/2115] Building C object esp-idf/lvgl__lvgl/CMakeFiles/__idf_lvgl__lvgl.dir/src/drivers/display/ft81x/lv_ft81x.c.obj
[1306/2115] Building CXX object esp-idf/lvgl__lvgl/CMakeFiles/__idf_lvgl__lvgl.dir/src/drivers/display/lovyan_gfx/lv_lovyan_gfx.cpp.obj
[1307/2115] Building C object esp-idf/lvgl__lvgl/CMakeFiles/__idf_lvgl__lvgl.dir/src/drivers/display/mipi/lv_ili9341.c.obj
[1308/2115] Building C object esp-idf/lvgl__lvgl/CMakeFiles/__idf_lvgl__lvgl.dir/src/drivers/display/mipi/lv_lcd_generic_mipi.c.obj
[1309/2115] Building C object esp-idf/lvgl__lvgl/CMakeFiles/__idf_lvgl__lvgl.dir/src/drivers/display/mipi/lv_nv3007.c.obj
[1310/2115] Building C object esp-idf/lvgl__lvgl/CMakeFiles/__idf_lvgl__lvgl.dir/src/drivers/display/mipi/lv_st7789.c.obj
[1311/2115] Building C object esp-idf/lvgl__lvgl/CMakeFiles/__idf_lvgl__lvgl.dir/src/drivers/display/mipi/lv_st7735.c.obj
[1312/2115] Building C object esp-idf/lvgl__lvgl/CMakeFiles/__idf_lvgl__lvgl.dir/src/drivers/display/mipi/lv_st7796.c.obj
[1313/2115] Building C object esp-idf/lvgl__lvgl/CMakeFiles/__idf_lvgl__lvgl.dir/src/drivers/display/nxp_elcdif/lv_nxp_elcdif.c.obj
[1314/2115] Building C object esp-idf/lvgl__lvgl/CMakeFiles/__idf_lvgl__lvgl.dir/src/drivers/display/st_ltdc/lv_st_ltdc.c.obj
[1315/2115] Building C object esp-idf/lvgl__lvgl/CMakeFiles/__idf_lvgl__lvgl.dir/src/drivers/draw/eve/lv_draw_eve_display.c.obj
[1316/2115] Building CXX object esp-idf/lvgl__lvgl/CMakeFiles/__idf_lvgl__lvgl.dir/src/drivers/display/tft_espi/lv_tft_espi.cpp.obj
[1317/2115] Building C object esp-idf/lvgl__lvgl/CMakeFiles/__idf_lvgl__lvgl.dir/src/drivers/display/renesas_glcdc/lv_renesas_glcdc.c.obj
[1318/2115] Building C object esp-idf/lvgl__lvgl/CMakeFiles/__idf_lvgl__lvgl.dir/src/drivers/evdev/lv_evdev.c.obj
[1319/2115] Building C object esp-idf/lvgl__lvgl/CMakeFiles/__idf_lvgl__lvgl.dir/src/drivers/libinput/lv_xkb.c.obj
[1320/2115] Building C object esp-idf/lvgl__lvgl/CMakeFiles/__idf_lvgl__lvgl.dir/src/drivers/nuttx/lv_nuttx_cache.c.obj
[1321/2115] Building C object esp-idf/lvgl__lvgl/CMakeFiles/__idf_lvgl__lvgl.dir/src/drivers/libinput/lv_libinput.c.obj
[1322/2115] Building C object esp-idf/lvgl__lvgl/CMakeFiles/__idf_lvgl__lvgl.dir/src/drivers/nuttx/lv_nuttx_entry.c.obj
[1323/2115] Building C object esp-idf/lvgl__lvgl/CMakeFiles/__idf_lvgl__lvgl.dir/src/drivers/nuttx/lv_nuttx_fbdev.c.obj
[1324/2115] Building C object esp-idf/lvgl__lvgl/CMakeFiles/__idf_lvgl__lvgl.dir/src/drivers/nuttx/lv_nuttx_image_cache.c.obj
[1325/2115] Building C object esp-idf/lvgl__lvgl/CMakeFiles/__idf_lvgl__lvgl.dir/src/drivers/nuttx/lv_nuttx_mouse.c.obj
[1326/2115] Building C object esp-idf/lvgl__lvgl/CMakeFiles/__idf_lvgl__lvgl.dir/src/drivers/nuttx/lv_nuttx_touchscreen.c.obj
[1327/2115] Building C object esp-idf/lvgl__lvgl/CMakeFiles/__idf_lvgl__lvgl.dir/src/drivers/nuttx/lv_nuttx_profiler.c.obj
[1328/2115] Building C object esp-idf/lvgl__lvgl/CMakeFiles/__idf_lvgl__lvgl.dir/src/drivers/nuttx/lv_nuttx_libuv.c.obj
[1329/2115] Building C object esp-idf/lvgl__lvgl/CMakeFiles/__idf_lvgl__lvgl.dir/src/drivers/nuttx/lv_nuttx_lcd.c.obj
[1330/2115] Building C object esp-idf/lvgl__lvgl/CMakeFiles/__idf_lvgl__lvgl.dir/src/drivers/opengles/assets/lv_opengles_shader.c.obj
[1331/2115] Building C object esp-idf/lvgl__lvgl/CMakeFiles/__idf_lvgl__lvgl.dir/src/drivers/opengles/glad/src/gl.c.obj
[1332/2115] Building C object esp-idf/lvgl__lvgl/CMakeFiles/__idf_lvgl__lvgl.dir/src/drivers/opengles/lv_opengles_debug.c.obj
[1333/2115] Building C object esp-idf/lvgl__lvgl/CMakeFiles/__idf_lvgl__lvgl.dir/src/drivers/opengles/glad/src/gles2.c.obj
[1334/2115] Building C object esp-idf/lvgl__lvgl/CMakeFiles/__idf_lvgl__lvgl.dir/src/drivers/opengles/glad/src/egl.c.obj
[1335/2115] Building C object esp-idf/lvgl__lvgl/CMakeFiles/__idf_lvgl__lvgl.dir/src/drivers/opengles/lv_opengles_egl.c.obj
[1336/2115] Building C object esp-idf/lvgl__lvgl/CMakeFiles/__idf_lvgl__lvgl.dir/src/drivers/opengles/lv_opengles_pbuffer.c.obj
[1337/2115] Building C object esp-idf/lvgl__lvgl/CMakeFiles/__idf_lvgl__lvgl.dir/src/drivers/opengles/lv_opengles_driver.c.obj
[1338/2115] Building C object esp-idf/lvgl__lvgl/CMakeFiles/__idf_lvgl__lvgl.dir/src/drivers/opengles/lv_opengles_glfw.c.obj
[1339/2115] Building C object esp-idf/lvgl__lvgl/CMakeFiles/__idf_lvgl__lvgl.dir/src/drivers/opengles/lv_opengles_texture.c.obj
[1340/2115] Building C object esp-idf/lvgl__lvgl/CMakeFiles/__idf_lvgl__lvgl.dir/src/drivers/opengles/opengl_shader/lv_opengl_shader_manager.c.obj
[1341/2115] Building C object esp-idf/lvgl__lvgl/CMakeFiles/__idf_lvgl__lvgl.dir/src/drivers/opengles/opengl_shader/lv_opengl_shader_program.c.obj
[1342/2115] Building C object esp-idf/lvgl__lvgl/CMakeFiles/__idf_lvgl__lvgl.dir/src/drivers/sdl/lv_sdl_egl.c.obj
[1343/2115] Building C object esp-idf/lvgl__lvgl/CMakeFiles/__idf_lvgl__lvgl.dir/src/drivers/qnx/lv_qnx.c.obj
[1344/2115] Building C object esp-idf/lvgl__lvgl/CMakeFiles/__idf_lvgl__lvgl.dir/src/drivers/sdl/lv_sdl_mousewheel.c.obj
[1345/2115] Building C object esp-idf/lvgl__lvgl/CMakeFiles/__idf_lvgl__lvgl.dir/src/drivers/sdl/lv_sdl_mouse.c.obj
[1346/2115] Building C object esp-idf/lvgl__lvgl/CMakeFiles/__idf_lvgl__lvgl.dir/src/drivers/sdl/lv_sdl_keyboard.c.obj
[1347/2115] Building C object esp-idf/lvgl__lvgl/CMakeFiles/__idf_lvgl__lvgl.dir/src/drivers/sdl/lv_sdl_sw.c.obj
[1348/2115] Building C object esp-idf/lvgl__lvgl/CMakeFiles/__idf_lvgl__lvgl.dir/src/drivers/sdl/lv_sdl_texture.c.obj
[1349/2115] Building C object esp-idf/lvgl__lvgl/CMakeFiles/__idf_lvgl__lvgl.dir/src/drivers/sdl/lv_sdl_window.c.obj
[1350/2115] Building C object esp-idf/lvgl__lvgl/CMakeFiles/__idf_lvgl__lvgl.dir/src/drivers/uefi/lv_uefi_display.c.obj
[1351/2115] Building C object esp-idf/lvgl__lvgl/CMakeFiles/__idf_lvgl__lvgl.dir/src/drivers/uefi/lv_uefi_context.c.obj
[1352/2115] Building C object esp-idf/lvgl__lvgl/CMakeFiles/__idf_lvgl__lvgl.dir/src/drivers/uefi/lv_uefi_indev_keyboard.c.obj
[1353/2115] Building C object esp-idf/lvgl__lvgl/CMakeFiles/__idf_lvgl__lvgl.dir/src/drivers/uefi/lv_uefi_private.c.obj
[1354/2115] Building C object esp-idf/lvgl__lvgl/CMakeFiles/__idf_lvgl__lvgl.dir/src/drivers/uefi/lv_uefi_indev_pointer.c.obj
[1355/2115] Building C object esp-idf/lvgl__lvgl/CMakeFiles/__idf_lvgl__lvgl.dir/src/drivers/wayland/lv_wayland.c.obj
[1356/2115] Building C object esp-idf/lvgl__lvgl/CMakeFiles/__idf_lvgl__lvgl.dir/src/drivers/uefi/lv_uefi_indev_touch.c.obj
[1357/2115] Building C object esp-idf/lvgl__lvgl/CMakeFiles/__idf_lvgl__lvgl.dir/src/drivers/wayland/lv_wayland_backend_dmabuf.c.obj
[1358/2115] Building C object esp-idf/lvgl__lvgl/CMakeFiles/__idf_lvgl__lvgl.dir/src/drivers/wayland/lv_wayland_backend_egl.c.obj
[1359/2115] Building C object esp-idf/lvgl__lvgl/CMakeFiles/__idf_lvgl__lvgl.dir/src/drivers/wayland/lv_wayland_backend.c.obj
[1360/2115] Building C object esp-idf/lvgl__lvgl/CMakeFiles/__idf_lvgl__lvgl.dir/src/drivers/wayland/lv_wayland_backend_g2d.c.obj
[1361/2115] Building C object esp-idf/lvgl__lvgl/CMakeFiles/__idf_lvgl__lvgl.dir/src/drivers/wayland/lv_wayland_backend_shm.c.obj
[1362/2115] Building C object esp-idf/lvgl__lvgl/CMakeFiles/__idf_lvgl__lvgl.dir/src/drivers/wayland/lv_wayland_dmabuf.c.obj
[1363/2115] Building C object esp-idf/lvgl__lvgl/CMakeFiles/__idf_lvgl__lvgl.dir/src/drivers/wayland/lv_wayland_keyboard.c.obj
[1364/2115] Building C object esp-idf/lvgl__lvgl/CMakeFiles/__idf_lvgl__lvgl.dir/src/drivers/wayland/lv_wayland_pointer.c.obj
[1365/2115] Building C object esp-idf/lvgl__lvgl/CMakeFiles/__idf_lvgl__lvgl.dir/src/drivers/wayland/lv_wayland_seat.c.obj
[1366/2115] Building C object esp-idf/lvgl__lvgl/CMakeFiles/__idf_lvgl__lvgl.dir/src/drivers/wayland/lv_wayland_xdg_shell.c.obj
[1367/2115] Building C object esp-idf/lvgl__lvgl/CMakeFiles/__idf_lvgl__lvgl.dir/src/drivers/wayland/lv_wayland_touch.c.obj
[1368/2115] Building C object esp-idf/lvgl__lvgl/CMakeFiles/__idf_lvgl__lvgl.dir/src/drivers/wayland/lv_wayland_window.c.obj
[1369/2115] Building C object esp-idf/lvgl__lvgl/CMakeFiles/__idf_lvgl__lvgl.dir/src/drivers/windows/lv_windows_context.c.obj
[1370/2115] Building C object esp-idf/lvgl__lvgl/CMakeFiles/__idf_lvgl__lvgl.dir/src/drivers/windows/lv_windows_display.c.obj
[1371/2115] Building C object esp-idf/lvgl__lvgl/CMakeFiles/__idf_lvgl__lvgl.dir/src/drivers/windows/lv_windows_input.c.obj
[1372/2115] Building C object esp-idf/lvgl__lvgl/CMakeFiles/__idf_lvgl__lvgl.dir/src/drivers/x11/lv_x11_input.c.obj
[1373/2115] Building C object esp-idf/lvgl__lvgl/CMakeFiles/__idf_lvgl__lvgl.dir/src/drivers/x11/lv_x11_display.c.obj
[1374/2115] Building C object esp-idf/lvgl__lvgl/CMakeFiles/__idf_lvgl__lvgl.dir/src/font/font_manager/lv_font_manager.c.obj
[1375/2115] Building C object esp-idf/lvgl__lvgl/CMakeFiles/__idf_lvgl__lvgl.dir/src/font/fmt_txt/lv_font_fmt_txt.c.obj
[1376/2115] Building C object esp-idf/lvgl__lvgl/CMakeFiles/__idf_lvgl__lvgl.dir/src/font/font_manager/lv_font_manager_recycle.c.obj
[1377/2115] Building C object esp-idf/lvgl__lvgl/CMakeFiles/__idf_lvgl__lvgl.dir/src/font/binfont_loader/lv_binfont_loader.c.obj
[1378/2115] Building C object esp-idf/lvgl__lvgl/CMakeFiles/__idf_lvgl__lvgl.dir/src/font/freetype/lv_freetype.c.obj
[1379/2115] Building C object esp-idf/lvgl__lvgl/CMakeFiles/__idf_lvgl__lvgl.dir/src/font/freetype/lv_freetype_image.c.obj
[1380/2115] Building C object esp-idf/lvgl__lvgl/CMakeFiles/__idf_lvgl__lvgl.dir/src/font/freetype/lv_freetype_glyph.c.obj
[1381/2115] Building C object esp-idf/lvgl__lvgl/CMakeFiles/__idf_lvgl__lvgl.dir/src/font/freetype/lv_ftsystem.c.obj
[1382/2115] Building C object esp-idf/lvgl__lvgl/CMakeFiles/__idf_lvgl__lvgl.dir/src/font/imgfont/lv_imgfont.c.obj
[1383/2115] Building C object esp-idf/lvgl__lvgl/CMakeFiles/__idf_lvgl__lvgl.dir/src/font/freetype/lv_freetype_outline.c.obj
[1384/2115] Building C object esp-idf/lvgl__lvgl/CMakeFiles/__idf_lvgl__lvgl.dir/src/font/lv_font.c.obj
[1385/2115] Building C object esp-idf/lvgl__lvgl/CMakeFiles/__idf_lvgl__lvgl.dir/src/font/lv_font_dejavu_16_persian_hebrew.c.obj
[1386/2115] Building C object esp-idf/lvgl__lvgl/CMakeFiles/__idf_lvgl__lvgl.dir/src/font/lv_font_montserrat_14.c.obj
[1387/2115] Building C object esp-idf/lvgl__lvgl/CMakeFiles/__idf_lvgl__lvgl.dir/src/font/lv_font_montserrat_10.c.obj
[1388/2115] Building C object esp-idf/lvgl__lvgl/CMakeFiles/__idf_lvgl__lvgl.dir/src/font/lv_font_montserrat_12.c.obj
[1389/2115] Building C object esp-idf/lvgl__lvgl/CMakeFiles/__idf_lvgl__lvgl.dir/src/font/lv_font_montserrat_16.c.obj
[1390/2115] Building C object esp-idf/lvgl__lvgl/CMakeFiles/__idf_lvgl__lvgl.dir/src/font/lv_font_montserrat_14_aligned.c.obj
[1391/2115] Building C object esp-idf/lvgl__lvgl/CMakeFiles/__idf_lvgl__lvgl.dir/src/font/lv_font_montserrat_20.c.obj
[1392/2115] Building C object esp-idf/lvgl__lvgl/CMakeFiles/__idf_lvgl__lvgl.dir/src/font/lv_font_montserrat_18.c.obj
[1393/2115] Building C object esp-idf/lvgl__lvgl/CMakeFiles/__idf_lvgl__lvgl.dir/src/font/lv_font_montserrat_22.c.obj
[1394/2115] Building C object esp-idf/lvgl__lvgl/CMakeFiles/__idf_lvgl__lvgl.dir/src/font/lv_font_montserrat_24.c.obj
[1395/2115] Building C object esp-idf/lvgl__lvgl/CMakeFiles/__idf_lvgl__lvgl.dir/src/font/lv_font_montserrat_26.c.obj
[1396/2115] Building C object esp-idf/lvgl__lvgl/CMakeFiles/__idf_lvgl__lvgl.dir/src/font/lv_font_montserrat_28.c.obj
[1397/2115] Building C object esp-idf/lvgl__lvgl/CMakeFiles/__idf_lvgl__lvgl.dir/src/font/lv_font_montserrat_28_compressed.c.obj
[1398/2115] Building C object esp-idf/lvgl__lvgl/CMakeFiles/__idf_lvgl__lvgl.dir/src/font/lv_font_montserrat_30.c.obj
[1399/2115] Building C object esp-idf/lvgl__lvgl/CMakeFiles/__idf_lvgl__lvgl.dir/src/font/lv_font_montserrat_34.c.obj
[1400/2115] Building C object esp-idf/lvgl__lvgl/CMakeFiles/__idf_lvgl__lvgl.dir/src/font/lv_font_montserrat_32.c.obj
[1401/2115] Building C object esp-idf/lvgl__lvgl/CMakeFiles/__idf_lvgl__lvgl.dir/src/font/lv_font_montserrat_38.c.obj
[1402/2115] Building C object esp-idf/lvgl__lvgl/CMakeFiles/__idf_lvgl__lvgl.dir/src/font/lv_font_montserrat_36.c.obj
[1403/2115] Building C object esp-idf/lvgl__lvgl/CMakeFiles/__idf_lvgl__lvgl.dir/src/font/lv_font_montserrat_40.c.obj
[1404/2115] Building C object esp-idf/lvgl__lvgl/CMakeFiles/__idf_lvgl__lvgl.dir/src/font/lv_font_montserrat_44.c.obj
[1405/2115] Building C object esp-idf/lvgl__lvgl/CMakeFiles/__idf_lvgl__lvgl.dir/src/font/lv_font_montserrat_46.c.obj
[1406/2115] Building C object esp-idf/lvgl__lvgl/CMakeFiles/__idf_lvgl__lvgl.dir/src/font/lv_font_montserrat_48.c.obj
[1407/2115] Building C object esp-idf/lvgl__lvgl/CMakeFiles/__idf_lvgl__lvgl.dir/src/font/lv_font_montserrat_42.c.obj
[1408/2115] Building C object esp-idf/lvgl__lvgl/CMakeFiles/__idf_lvgl__lvgl.dir/src/font/lv_font_montserrat_8.c.obj
[1409/2115] Building C object esp-idf/lvgl__lvgl/CMakeFiles/__idf_lvgl__lvgl.dir/src/font/lv_font_unscii_8.c.obj
[1410/2115] Building C object esp-idf/lvgl__lvgl/CMakeFiles/__idf_lvgl__lvgl.dir/src/font/lv_font_source_han_sans_sc_16_cjk.c.obj
[1411/2115] Building C object esp-idf/lvgl__lvgl/CMakeFiles/__idf_lvgl__lvgl.dir/src/font/lv_font_source_han_sans_sc_14_cjk.c.obj
[1412/2115] Building C object esp-idf/lvgl__lvgl/CMakeFiles/__idf_lvgl__lvgl.dir/src/font/lv_font_unscii_16.c.obj
[1413/2115] Building C object esp-idf/lvgl__lvgl/CMakeFiles/__idf_lvgl__lvgl.dir/src/font/tiny_ttf/lv_tiny_ttf.c.obj
[1414/2115] Building C object esp-idf/lvgl__lvgl/CMakeFiles/__idf_lvgl__lvgl.dir/src/fs/lv_fs_fatfs.c.obj
[1415/2115] Building CXX object esp-idf/lvgl__lvgl/CMakeFiles/__idf_lvgl__lvgl.dir/src/fs/lv_fs_arduino_esp_littlefs.cpp.obj
[1416/2115] Building CXX object esp-idf/lvgl__lvgl/CMakeFiles/__idf_lvgl__lvgl.dir/src/fs/lv_fs_arduino_sd.cpp.obj
[1417/2115] Building C object esp-idf/lvgl__lvgl/CMakeFiles/__idf_lvgl__lvgl.dir/src/fs/lv_fs_littlefs.c.obj
[1418/2115] Building C object esp-idf/lvgl__lvgl/CMakeFiles/__idf_lvgl__lvgl.dir/src/fs/lv_fs_frogfs.c.obj
[1419/2115] Building C object esp-idf/lvgl__lvgl/CMakeFiles/__idf_lvgl__lvgl.dir/src/fs/lv_fs.c.obj
[1420/2115] Building C object esp-idf/lvgl__lvgl/CMakeFiles/__idf_lvgl__lvgl.dir/src/fs/lv_fs_posix.c.obj
[1421/2115] Building C object esp-idf/lvgl__lvgl/CMakeFiles/__idf_lvgl__lvgl.dir/src/fs/lv_fs_memfs.c.obj
[1422/2115] Building C object esp-idf/lvgl__lvgl/CMakeFiles/__idf_lvgl__lvgl.dir/src/fs/lv_fs_stdio.c.obj
[1423/2115] Building C object esp-idf/lvgl__lvgl/CMakeFiles/__idf_lvgl__lvgl.dir/src/fs/lv_fs_uefi.c.obj
[1424/2115] Building C object esp-idf/lvgl__lvgl/CMakeFiles/__idf_lvgl__lvgl.dir/src/fs/lv_fs_win32.c.obj
[1425/2115] Building C object esp-idf/lvgl__lvgl/CMakeFiles/__idf_lvgl__lvgl.dir/src/image/lv_libpng.c.obj
[1426/2115] Building C object esp-idf/lvgl__lvgl/CMakeFiles/__idf_lvgl__lvgl.dir/src/image/lv_bmp.c.obj
[1427/2115] Building C object esp-idf/lvgl__lvgl/CMakeFiles/__idf_lvgl__lvgl.dir/src/image/lv_image_decoder.c.obj
[1428/2115] Building C object esp-idf/lvgl__lvgl/CMakeFiles/__idf_lvgl__lvgl.dir/src/image/lv_libwebp.c.obj
[1429/2115] Building C object esp-idf/lvgl__lvgl/CMakeFiles/__idf_lvgl__lvgl.dir/src/image/lv_libjpeg_turbo.c.obj
[1430/2115] Building C object esp-idf/lvgl__lvgl/CMakeFiles/__idf_lvgl__lvgl.dir/src/image/lv_lodepng.c.obj
[1431/2115] Building C object esp-idf/lvgl__lvgl/CMakeFiles/__idf_lvgl__lvgl.dir/src/image/lv_tjpgd.c.obj
[1432/2115] Building C object esp-idf/lvgl__lvgl/CMakeFiles/__idf_lvgl__lvgl.dir/src/image/svg/lv_svg.c.obj
[1433/2115] Building C object esp-idf/lvgl__lvgl/CMakeFiles/__idf_lvgl__lvgl.dir/src/image/lv_bin_decoder.c.obj
[1434/2115] Building C object esp-idf/lvgl__lvgl/CMakeFiles/__idf_lvgl__lvgl.dir/src/image/svg/lv_svg_decoder.c.obj
[1435/2115] Building C object esp-idf/lvgl__lvgl/CMakeFiles/__idf_lvgl__lvgl.dir/src/image/svg/lv_svg_parser.c.obj
[1436/2115] Building C object esp-idf/lvgl__lvgl/CMakeFiles/__idf_lvgl__lvgl.dir/src/indev/lv_gridnav.c.obj
[1437/2115] Building C object esp-idf/lvgl__lvgl/CMakeFiles/__idf_lvgl__lvgl.dir/src/image/svg/lv_svg_token.c.obj
[1438/2115] Building C object esp-idf/lvgl__lvgl/CMakeFiles/__idf_lvgl__lvgl.dir/src/image/svg/lv_svg_render.c.obj
[1439/2115] Building C object esp-idf/lvgl__lvgl/CMakeFiles/__idf_lvgl__lvgl.dir/src/indev/lv_indev_gesture.c.obj
[1440/2115] Building C object esp-idf/lvgl__lvgl/CMakeFiles/__idf_lvgl__lvgl.dir/src/layouts/lv_layout.c.obj
[1441/2115] Building C object esp-idf/lvgl__lvgl/CMakeFiles/__idf_lvgl__lvgl.dir/src/layouts/grid/lv_grid.c.obj
[1442/2115] Building C object esp-idf/lvgl__lvgl/CMakeFiles/__idf_lvgl__lvgl.dir/src/layouts/flex/lv_flex.c.obj
[1443/2115] Building C object esp-idf/lvgl__lvgl/CMakeFiles/__idf_lvgl__lvgl.dir/src/indev/lv_indev_scroll.c.obj
[1444/2115] Building C object esp-idf/lvgl__lvgl/CMakeFiles/__idf_lvgl__lvgl.dir/src/libs/FT800-FT813/EVE_commands.c.obj
[1445/2115] Building C object esp-idf/lvgl__lvgl/CMakeFiles/__idf_lvgl__lvgl.dir/src/libs/FT800-FT813/EVE_supplemental.c.obj
[1446/2115] Building C object esp-idf/lvgl__lvgl/CMakeFiles/__idf_lvgl__lvgl.dir/src/libs/barcode/code128.c.obj
[1447/2115] Building C object esp-idf/lvgl__lvgl/CMakeFiles/__idf_lvgl__lvgl.dir/src/indev/lv_indev.c.obj
[1448/2115] Building C object esp-idf/lvgl__lvgl/CMakeFiles/__idf_lvgl__lvgl.dir/src/libs/frogfs/src/frogfs.c.obj
[1449/2115] Building C object esp-idf/lvgl__lvgl/CMakeFiles/__idf_lvgl__lvgl.dir/src/libs/gif/gif.c.obj
[1450/2115] Building C object esp-idf/lvgl__lvgl/CMakeFiles/__idf_lvgl__lvgl.dir/src/libs/frogfs/src/decomp_raw.c.obj
[1451/2115] Building CXX object esp-idf/lvgl__lvgl/CMakeFiles/__idf_lvgl__lvgl.dir/src/libs/gltf/gltf_data/lv_gltf_data_animations.cpp.obj
[1452/2115] Building CXX object esp-idf/lvgl__lvgl/CMakeFiles/__idf_lvgl__lvgl.dir/src/libs/gltf/gltf_data/lv_gltf_data.cpp.obj
[1453/2115] Building CXX object esp-idf/lvgl__lvgl/CMakeFiles/__idf_lvgl__lvgl.dir/src/libs/gltf/gltf_data/lv_gltf_data_cache.cpp.obj
[1454/2115] Building CXX object esp-idf/lvgl__lvgl/CMakeFiles/__idf_lvgl__lvgl.dir/src/libs/gltf/gltf_data/lv_gltf_data_injest.cpp.obj
[1455/2115] Building CXX object esp-idf/lvgl__lvgl/CMakeFiles/__idf_lvgl__lvgl.dir/src/libs/gltf/gltf_data/lv_gltf_data_mesh.cpp.obj
[1456/2115] Building CXX object esp-idf/lvgl__lvgl/CMakeFiles/__idf_lvgl__lvgl.dir/src/libs/gltf/gltf_data/lv_gltf_data_primitive.cpp.obj
[1457/2115] Building CXX object esp-idf/lvgl__lvgl/CMakeFiles/__idf_lvgl__lvgl.dir/src/libs/gltf/gltf_data/lv_gltf_data_shader.cpp.obj
[1458/2115] Building C object esp-idf/lvgl__lvgl/CMakeFiles/__idf_lvgl__lvgl.dir/src/libs/gltf/gltf_data/lv_gltf_model_loader.c.obj
[1459/2115] Building CXX object esp-idf/lvgl__lvgl/CMakeFiles/__idf_lvgl__lvgl.dir/src/libs/gltf/gltf_data/lv_gltf_data_skin.cpp.obj
[1460/2115] Building CXX object esp-idf/lvgl__lvgl/CMakeFiles/__idf_lvgl__lvgl.dir/src/libs/gltf/gltf_data/lv_gltf_data_texture.cpp.obj
[1461/2115] Building CXX object esp-idf/lvgl__lvgl/CMakeFiles/__idf_lvgl__lvgl.dir/src/libs/gltf/gltf_data/lv_gltf_uniform_locations.cpp.obj
[1462/2115] Building CXX object esp-idf/lvgl__lvgl/CMakeFiles/__idf_lvgl__lvgl.dir/src/libs/gltf/gltf_data/lv_gltf_model_node.cpp.obj
[1463/2115] Building C object esp-idf/lvgl__lvgl/CMakeFiles/__idf_lvgl__lvgl.dir/src/libs/gltf/gltf_view/assets/lv_gltf_view_shader.c.obj
[1464/2115] Building C object esp-idf/lvgl__lvgl/CMakeFiles/__idf_lvgl__lvgl.dir/src/libs/gltf/gltf_environment/lv_gltf_ibl_sampler.c.obj
[1465/2115] Building C object esp-idf/lvgl__lvgl/CMakeFiles/__idf_lvgl__lvgl.dir/src/libs/gltf/gltf_view/assets/chromatic.c.obj
[1466/2115] Building CXX object esp-idf/lvgl__lvgl/CMakeFiles/__idf_lvgl__lvgl.dir/src/libs/gltf/gltf_view/lv_gltf_view.cpp.obj
[1467/2115] Building CXX object esp-idf/lvgl__lvgl/CMakeFiles/__idf_lvgl__lvgl.dir/src/libs/gltf/gltf_view/lv_gltf_view_render.cpp.obj
[1468/2115] Building C object esp-idf/lvgl__lvgl/CMakeFiles/__idf_lvgl__lvgl.dir/src/libs/gltf/math/lv_3dmath.c.obj
[1469/2115] Building CXX object esp-idf/lvgl__lvgl/CMakeFiles/__idf_lvgl__lvgl.dir/src/libs/gltf/gltf_view/lv_gltf_view_shader.cpp.obj
[1470/2115] Building CXX object esp-idf/lvgl__lvgl/CMakeFiles/__idf_lvgl__lvgl.dir/src/libs/gltf/math/lv_gltf_math.cpp.obj
[1471/2115] Building C object esp-idf/lvgl__lvgl/CMakeFiles/__idf_lvgl__lvgl.dir/src/libs/lz4/lz4.c.obj
[1472/2115] Building C object esp-idf/lvgl__lvgl/CMakeFiles/__idf_lvgl__lvgl.dir/src/libs/nanovg/nanovg.c.obj
[1473/2115] Building C object esp-idf/lvgl__lvgl/CMakeFiles/__idf_lvgl__lvgl.dir/src/libs/lodepng/lodepng.c.obj
[1474/2115] Building C object esp-idf/lvgl__lvgl/CMakeFiles/__idf_lvgl__lvgl.dir/src/libs/qrcode/qrcodegen.c.obj
[1475/2115] Building C object esp-idf/lvgl__lvgl/CMakeFiles/__idf_lvgl__lvgl.dir/src/libs/rle/lv_rle.c.obj
[1476/2115] Building CXX object esp-idf/lvgl__lvgl/CMakeFiles/__idf_lvgl__lvgl.dir/src/libs/thorvg/tvgAnimation.cpp.obj
[1477/2115] Building C object esp-idf/lvgl__lvgl/CMakeFiles/__idf_lvgl__lvgl.dir/src/libs/rlottie/lv_rlottie.c.obj
[1478/2115] Building CXX object esp-idf/lvgl__lvgl/CMakeFiles/__idf_lvgl__lvgl.dir/src/libs/thorvg/tvgCanvas.cpp.obj
[1479/2115] Building CXX object esp-idf/lvgl__lvgl/CMakeFiles/__idf_lvgl__lvgl.dir/src/libs/thorvg/tvgAccessor.cpp.obj
[1480/2115] Building CXX object esp-idf/lvgl__lvgl/CMakeFiles/__idf_lvgl__lvgl.dir/src/libs/thorvg/tvgCompressor.cpp.obj
[1481/2115] Building CXX object esp-idf/lvgl__lvgl/CMakeFiles/__idf_lvgl__lvgl.dir/src/libs/thorvg/tvgCapi.cpp.obj
[1482/2115] Building CXX object esp-idf/lvgl__lvgl/CMakeFiles/__idf_lvgl__lvgl.dir/src/libs/thorvg/tvgFill.cpp.obj
[1483/2115] Building CXX object esp-idf/lvgl__lvgl/CMakeFiles/__idf_lvgl__lvgl.dir/src/libs/thorvg/tvgLottieBuilder.cpp.obj
[1484/2115] Building CXX object esp-idf/lvgl__lvgl/CMakeFiles/__idf_lvgl__lvgl.dir/src/libs/thorvg/tvgGlCanvas.cpp.obj
[1485/2115] Building CXX object esp-idf/lvgl__lvgl/CMakeFiles/__idf_lvgl__lvgl.dir/src/libs/thorvg/tvgInitializer.cpp.obj
[1486/2115] Building CXX object esp-idf/lvgl__lvgl/CMakeFiles/__idf_lvgl__lvgl.dir/src/libs/thorvg/tvgLoader.cpp.obj
[1487/2115] Building CXX object esp-idf/lvgl__lvgl/CMakeFiles/__idf_lvgl__lvgl.dir/src/libs/thorvg/tvgLottieAnimation.cpp.obj
[1488/2115] Building CXX object esp-idf/lvgl__lvgl/CMakeFiles/__idf_lvgl__lvgl.dir/src/libs/thorvg/tvgLottieInterpolator.cpp.obj
[1489/2115] Building CXX object esp-idf/lvgl__lvgl/CMakeFiles/__idf_lvgl__lvgl.dir/src/libs/thorvg/tvgLottieExpressions.cpp.obj
[1490/2115] Building CXX object esp-idf/lvgl__lvgl/CMakeFiles/__idf_lvgl__lvgl.dir/src/libs/thorvg/tvgLottieModel.cpp.obj
[1491/2115] Building CXX object esp-idf/lvgl__lvgl/CMakeFiles/__idf_lvgl__lvgl.dir/src/libs/thorvg/tvgLottieLoader.cpp.obj
[1492/2115] Building CXX object esp-idf/lvgl__lvgl/CMakeFiles/__idf_lvgl__lvgl.dir/src/libs/thorvg/tvgLottieModifier.cpp.obj
[1493/2115] Building CXX object esp-idf/lvgl__lvgl/CMakeFiles/__idf_lvgl__lvgl.dir/src/libs/thorvg/tvgLottieParser.cpp.obj
[1494/2115] Building CXX object esp-idf/lvgl__lvgl/CMakeFiles/__idf_lvgl__lvgl.dir/src/libs/thorvg/tvgLottieParserHandler.cpp.obj
[1495/2115] Building CXX object esp-idf/lvgl__lvgl/CMakeFiles/__idf_lvgl__lvgl.dir/src/libs/thorvg/tvgMath.cpp.obj
[1496/2115] Building CXX object esp-idf/lvgl__lvgl/CMakeFiles/__idf_lvgl__lvgl.dir/src/libs/thorvg/tvgPaint.cpp.obj
[1497/2115] Building CXX object esp-idf/lvgl__lvgl/CMakeFiles/__idf_lvgl__lvgl.dir/src/libs/thorvg/tvgPicture.cpp.obj
[1498/2115] Building CXX object esp-idf/lvgl__lvgl/CMakeFiles/__idf_lvgl__lvgl.dir/src/libs/thorvg/tvgRawLoader.cpp.obj
[1499/2115] Building CXX object esp-idf/lvgl__lvgl/CMakeFiles/__idf_lvgl__lvgl.dir/src/libs/thorvg/tvgSaver.cpp.obj
[1500/2115] Building CXX object esp-idf/lvgl__lvgl/CMakeFiles/__idf_lvgl__lvgl.dir/src/libs/thorvg/tvgScene.cpp.obj
[1501/2115] Building CXX object esp-idf/lvgl__lvgl/CMakeFiles/__idf_lvgl__lvgl.dir/src/libs/thorvg/tvgRender.cpp.obj
[1502/2115] Building CXX object esp-idf/lvgl__lvgl/CMakeFiles/__idf_lvgl__lvgl.dir/src/libs/thorvg/tvgShape.cpp.obj
[1503/2115] Building CXX object esp-idf/lvgl__lvgl/CMakeFiles/__idf_lvgl__lvgl.dir/src/libs/thorvg/tvgSvgLoader.cpp.obj
[1504/2115] Building CXX object esp-idf/lvgl__lvgl/CMakeFiles/__idf_lvgl__lvgl.dir/src/libs/thorvg/tvgStr.cpp.obj
[1505/2115] Building CXX object esp-idf/lvgl__lvgl/CMakeFiles/__idf_lvgl__lvgl.dir/src/libs/thorvg/tvgSvgCssStyle.cpp.obj
[1506/2115] Building CXX object esp-idf/lvgl__lvgl/CMakeFiles/__idf_lvgl__lvgl.dir/src/libs/thorvg/tvgSvgPath.cpp.obj
[1507/2115] Building CXX object esp-idf/lvgl__lvgl/CMakeFiles/__idf_lvgl__lvgl.dir/src/libs/thorvg/tvgSvgSceneBuilder.cpp.obj
[1508/2115] Building CXX object esp-idf/lvgl__lvgl/CMakeFiles/__idf_lvgl__lvgl.dir/src/libs/thorvg/tvgSvgUtil.cpp.obj
[1509/2115] Building CXX object esp-idf/lvgl__lvgl/CMakeFiles/__idf_lvgl__lvgl.dir/src/libs/thorvg/tvgSwFill.cpp.obj
[1510/2115] Building CXX object esp-idf/lvgl__lvgl/CMakeFiles/__idf_lvgl__lvgl.dir/src/libs/thorvg/tvgSwCanvas.cpp.obj
[1511/2115] Building CXX object esp-idf/lvgl__lvgl/CMakeFiles/__idf_lvgl__lvgl.dir/src/libs/thorvg/tvgSwImage.cpp.obj
[1512/2115] Building CXX object esp-idf/lvgl__lvgl/CMakeFiles/__idf_lvgl__lvgl.dir/src/libs/thorvg/tvgSwMath.cpp.obj
[1513/2115] Building CXX object esp-idf/lvgl__lvgl/CMakeFiles/__idf_lvgl__lvgl.dir/src/libs/thorvg/tvgSwRaster.cpp.obj
[1514/2115] Building CXX object esp-idf/lvgl__lvgl/CMakeFiles/__idf_lvgl__lvgl.dir/src/libs/thorvg/tvgSwMemPool.cpp.obj
[1515/2115] Building CXX object esp-idf/lvgl__lvgl/CMakeFiles/__idf_lvgl__lvgl.dir/src/libs/thorvg/tvgSwRenderer.cpp.obj
[1516/2115] Building CXX object esp-idf/lvgl__lvgl/CMakeFiles/__idf_lvgl__lvgl.dir/src/libs/thorvg/tvgSwPostEffect.cpp.obj
[1517/2115] Building CXX object esp-idf/lvgl__lvgl/CMakeFiles/__idf_lvgl__lvgl.dir/src/libs/thorvg/tvgSwRle.cpp.obj
[1518/2115] Building CXX object esp-idf/lvgl__lvgl/CMakeFiles/__idf_lvgl__lvgl.dir/src/libs/thorvg/tvgTaskScheduler.cpp.obj
[1519/2115] Building CXX object esp-idf/lvgl__lvgl/CMakeFiles/__idf_lvgl__lvgl.dir/src/libs/thorvg/tvgSwShape.cpp.obj
[1520/2115] Building CXX object esp-idf/lvgl__lvgl/CMakeFiles/__idf_lvgl__lvgl.dir/src/libs/thorvg/tvgSwStroke.cpp.obj
[1521/2115] Building CXX object esp-idf/lvgl__lvgl/CMakeFiles/__idf_lvgl__lvgl.dir/src/libs/thorvg/tvgText.cpp.obj
[1522/2115] Building CXX object esp-idf/lvgl__lvgl/CMakeFiles/__idf_lvgl__lvgl.dir/src/libs/thorvg/tvgXmlParser.cpp.obj
[1523/2115] Building C object esp-idf/lvgl__lvgl/CMakeFiles/__idf_lvgl__lvgl.dir/src/libs/tjpgd/tjpgd.c.obj
[1524/2115] Building CXX object esp-idf/lvgl__lvgl/CMakeFiles/__idf_lvgl__lvgl.dir/src/libs/thorvg/tvgWgCanvas.cpp.obj
[1525/2115] Building C object esp-idf/lvgl__lvgl/CMakeFiles/__idf_lvgl__lvgl.dir/src/libs/vg_lite_driver/VGLite/vg_lite.c.obj
[1526/2115] Building C object esp-idf/lvgl__lvgl/CMakeFiles/__idf_lvgl__lvgl.dir/src/libs/vg_lite_driver/VGLite/vg_lite_image.c.obj
[1527/2115] Building C object esp-idf/lvgl__lvgl/CMakeFiles/__idf_lvgl__lvgl.dir/src/libs/vg_lite_driver/VGLite/vg_lite_matrix.c.obj
[1528/2115] Building C object esp-idf/lvgl__lvgl/CMakeFiles/__idf_lvgl__lvgl.dir/src/libs/vg_lite_driver/VGLite/vg_lite_path.c.obj
[1529/2115] Building C object esp-idf/lvgl__lvgl/CMakeFiles/__idf_lvgl__lvgl.dir/src/libs/vg_lite_driver/VGLiteKernel/vg_lite_kernel.c.obj
[1530/2115] Building C object esp-idf/lvgl__lvgl/CMakeFiles/__idf_lvgl__lvgl.dir/src/libs/vg_lite_driver/VGLite/vg_lite_stroke.c.obj
[1531/2115] Building C object esp-idf/lvgl__lvgl/CMakeFiles/__idf_lvgl__lvgl.dir/src/libs/vg_lite_driver/lv_vg_lite_hal/lv_vg_lite_hal.c.obj
[1532/2115] Building C object esp-idf/lvgl__lvgl/CMakeFiles/__idf_lvgl__lvgl.dir/src/libs/vg_lite_driver/lv_vg_lite_hal/vg_lite_os.c.obj
[1533/2115] Building C object esp-idf/lvgl__lvgl/CMakeFiles/__idf_lvgl__lvgl.dir/src/logging/lv_log.c.obj
[1534/2115] Building C object esp-idf/lvgl__lvgl/CMakeFiles/__idf_lvgl__lvgl.dir/src/lv_init.c.obj
[1535/2115] Building C object esp-idf/lvgl__lvgl/CMakeFiles/__idf_lvgl__lvgl.dir/src/misc/cache/class/lv_cache_lru_ll.c.obj
[1536/2115] Building C object esp-idf/lvgl__lvgl/CMakeFiles/__idf_lvgl__lvgl.dir/src/misc/cache/class/lv_cache_lru_rb.c.obj
[1537/2115] Building C object esp-idf/lvgl__lvgl/CMakeFiles/__idf_lvgl__lvgl.dir/src/misc/cache/class/lv_cache_sc_da.c.obj
[1538/2115] Building C object esp-idf/lvgl__lvgl/CMakeFiles/__idf_lvgl__lvgl.dir/src/misc/cache/instance/lv_image_cache.c.obj
[1539/2115] Building C object esp-idf/lvgl__lvgl/CMakeFiles/__idf_lvgl__lvgl.dir/src/misc/cache/instance/lv_image_header_cache.c.obj
[1540/2115] Building C object esp-idf/lvgl__lvgl/CMakeFiles/__idf_lvgl__lvgl.dir/src/misc/cache/lv_cache.c.obj
[1541/2115] Building C object esp-idf/lvgl__lvgl/CMakeFiles/__idf_lvgl__lvgl.dir/src/misc/cache/lv_cache_entry.c.obj
[1542/2115] Building C object esp-idf/lvgl__lvgl/CMakeFiles/__idf_lvgl__lvgl.dir/src/misc/lv_array.c.obj
[1543/2115] Building C object esp-idf/lvgl__lvgl/CMakeFiles/__idf_lvgl__lvgl.dir/src/misc/lv_anim_timeline.c.obj
[1544/2115] Building C object esp-idf/lvgl__lvgl/CMakeFiles/__idf_lvgl__lvgl.dir/src/misc/lv_async.c.obj
[1545/2115] Building C object esp-idf/lvgl__lvgl/CMakeFiles/__idf_lvgl__lvgl.dir/src/misc/lv_area.c.obj
[1546/2115] Building C object esp-idf/lvgl__lvgl/CMakeFiles/__idf_lvgl__lvgl.dir/src/misc/lv_anim.c.obj
[1547/2115] Building C object esp-idf/lvgl__lvgl/CMakeFiles/__idf_lvgl__lvgl.dir/src/misc/lv_bidi_common.c.obj
[1548/2115] Building C object esp-idf/lvgl__lvgl/CMakeFiles/__idf_lvgl__lvgl.dir/src/misc/lv_bidi.c.obj
[1549/2115] Building C object esp-idf/lvgl__lvgl/CMakeFiles/__idf_lvgl__lvgl.dir/src/misc/lv_circle_buf.c.obj
[1550/2115] Building C object esp-idf/lvgl__lvgl/CMakeFiles/__idf_lvgl__lvgl.dir/src/misc/lv_color.c.obj
[1551/2115] Building C object esp-idf/lvgl__lvgl/CMakeFiles/__idf_lvgl__lvgl.dir/src/misc/lv_color_op.c.obj
[1552/2115] Building C object esp-idf/lvgl__lvgl/CMakeFiles/__idf_lvgl__lvgl.dir/src/misc/lv_event.c.obj
[1553/2115] Building C object esp-idf/lvgl__lvgl/CMakeFiles/__idf_lvgl__lvgl.dir/src/misc/lv_iter.c.obj
[1554/2115] Building C object esp-idf/lvgl__lvgl/CMakeFiles/__idf_lvgl__lvgl.dir/src/misc/lv_grad.c.obj
[1555/2115] Building C object esp-idf/lvgl__lvgl/CMakeFiles/__idf_lvgl__lvgl.dir/src/misc/lv_ll.c.obj
[1556/2115] Building C object esp-idf/lvgl__lvgl/CMakeFiles/__idf_lvgl__lvgl.dir/src/misc/lv_matrix.c.obj
[1557/2115] Building C object esp-idf/lvgl__lvgl/CMakeFiles/__idf_lvgl__lvgl.dir/src/misc/lv_palette.c.obj
[1558/2115] Building C object esp-idf/lvgl__lvgl/CMakeFiles/__idf_lvgl__lvgl.dir/src/misc/lv_lru.c.obj
[1559/2115] Building C object esp-idf/lvgl__lvgl/CMakeFiles/__idf_lvgl__lvgl.dir/src/misc/lv_pending.c.obj
[1560/2115] Building C object esp-idf/lvgl__lvgl/CMakeFiles/__idf_lvgl__lvgl.dir/src/misc/lv_templ.c.obj
[1561/2115] Building C object esp-idf/lvgl__lvgl/CMakeFiles/__idf_lvgl__lvgl.dir/src/misc/lv_math.c.obj
[1562/2115] Building C object esp-idf/lvgl__lvgl/CMakeFiles/__idf_lvgl__lvgl.dir/src/misc/lv_style.c.obj
[1563/2115] Building C object esp-idf/lvgl__lvgl/CMakeFiles/__idf_lvgl__lvgl.dir/src/misc/lv_rb.c.obj
[1564/2115] Building C object esp-idf/lvgl__lvgl/CMakeFiles/__idf_lvgl__lvgl.dir/src/misc/lv_text_ap.c.obj
[1565/2115] Building C object esp-idf/lvgl__lvgl/CMakeFiles/__idf_lvgl__lvgl.dir/src/misc/lv_text.c.obj
[1566/2115] Building C object esp-idf/lvgl__lvgl/CMakeFiles/__idf_lvgl__lvgl.dir/src/misc/lv_timer.c.obj
[1567/2115] Building C object esp-idf/lvgl__lvgl/CMakeFiles/__idf_lvgl__lvgl.dir/src/osal/lv_cmsis_rtos2.c.obj
[1568/2115] Building C object esp-idf/lvgl__lvgl/CMakeFiles/__idf_lvgl__lvgl.dir/src/misc/lv_tree.c.obj
[1569/2115] Building C object esp-idf/lvgl__lvgl/CMakeFiles/__idf_lvgl__lvgl.dir/src/misc/lv_utils.c.obj
[1570/2115] Building C object esp-idf/lvgl__lvgl/CMakeFiles/__idf_lvgl__lvgl.dir/src/osal/lv_linux.c.obj
[1571/2115] Building C object esp-idf/lvgl__lvgl/CMakeFiles/__idf_lvgl__lvgl.dir/src/osal/lv_freertos.c.obj
[1572/2115] Building C object esp-idf/lvgl__lvgl/CMakeFiles/__idf_lvgl__lvgl.dir/src/misc/lv_style_gen.c.obj
[1573/2115] Building C object esp-idf/lvgl__lvgl/CMakeFiles/__idf_lvgl__lvgl.dir/src/osal/lv_pthread.c.obj
[1574/2115] Building C object esp-idf/lvgl__lvgl/CMakeFiles/__idf_lvgl__lvgl.dir/src/osal/lv_mqx.c.obj
[1575/2115] Building C object esp-idf/lvgl__lvgl/CMakeFiles/__idf_lvgl__lvgl.dir/src/osal/lv_os_none.c.obj
[1576/2115] Building C object esp-idf/lvgl__lvgl/CMakeFiles/__idf_lvgl__lvgl.dir/src/osal/lv_rtthread.c.obj
[1577/2115] Building C object esp-idf/lvgl__lvgl/CMakeFiles/__idf_lvgl__lvgl.dir/src/osal/lv_os.c.obj
[1578/2115] Building C object esp-idf/lvgl__lvgl/CMakeFiles/__idf_lvgl__lvgl.dir/src/others/file_explorer/lv_file_explorer.c.obj
[1579/2115] Building C object esp-idf/lvgl__lvgl/CMakeFiles/__idf_lvgl__lvgl.dir/src/osal/lv_sdl2.c.obj
[1580/2115] Building C object esp-idf/lvgl__lvgl/CMakeFiles/__idf_lvgl__lvgl.dir/src/osal/lv_windows.c.obj
[1581/2115] Building C object esp-idf/lvgl__lvgl/CMakeFiles/__idf_lvgl__lvgl.dir/src/others/fragment/lv_fragment.c.obj
[1582/2115] Building C object esp-idf/lvgl__lvgl/CMakeFiles/__idf_lvgl__lvgl.dir/src/others/fragment/lv_fragment_manager.c.obj
[1583/2115] Building C object esp-idf/lvgl__lvgl/CMakeFiles/__idf_lvgl__lvgl.dir/src/others/translation/lv_translation.c.obj
[1584/2115] Building C object esp-idf/lvgl__lvgl/CMakeFiles/__idf_lvgl__lvgl.dir/src/stdlib/clib/lv_mem_core_clib.c.obj
[1585/2115] Building C object esp-idf/lvgl__lvgl/CMakeFiles/__idf_lvgl__lvgl.dir/src/stdlib/builtin/lv_mem_core_builtin.c.obj
[1586/2115] Building C object esp-idf/lvgl__lvgl/CMakeFiles/__idf_lvgl__lvgl.dir/src/stdlib/clib/lv_sprintf_clib.c.obj
[1587/2115] Building C object esp-idf/lvgl__lvgl/CMakeFiles/__idf_lvgl__lvgl.dir/src/stdlib/builtin/lv_sprintf_builtin.c.obj
[1588/2115] Building C object esp-idf/lvgl__lvgl/CMakeFiles/__idf_lvgl__lvgl.dir/src/stdlib/builtin/lv_string_builtin.c.obj
[1589/2115] Building C object esp-idf/lvgl__lvgl/CMakeFiles/__idf_lvgl__lvgl.dir/src/stdlib/clib/lv_string_clib.c.obj
[1590/2115] Building C object esp-idf/lvgl__lvgl/CMakeFiles/__idf_lvgl__lvgl.dir/src/stdlib/builtin/lv_tlsf.c.obj
[1591/2115] Building C object esp-idf/lvgl__lvgl/CMakeFiles/__idf_lvgl__lvgl.dir/src/stdlib/lv_mem.c.obj
[1592/2115] Building C object esp-idf/lvgl__lvgl/CMakeFiles/__idf_lvgl__lvgl.dir/src/stdlib/rtthread/lv_mem_core_rtthread.c.obj
[1593/2115] Building C object esp-idf/lvgl__lvgl/CMakeFiles/__idf_lvgl__lvgl.dir/src/stdlib/micropython/lv_mem_core_micropython.c.obj
[1594/2115] Building C object esp-idf/lvgl__lvgl/CMakeFiles/__idf_lvgl__lvgl.dir/src/stdlib/rtthread/lv_sprintf_rtthread.c.obj
[1595/2115] Building C object esp-idf/lvgl__lvgl/CMakeFiles/__idf_lvgl__lvgl.dir/src/stdlib/rtthread/lv_string_rtthread.c.obj
[1596/2115] Building C object esp-idf/lvgl__lvgl/CMakeFiles/__idf_lvgl__lvgl.dir/src/stdlib/uefi/lv_mem_core_uefi.c.obj
[1597/2115] Building C object esp-idf/lvgl__lvgl/CMakeFiles/__idf_lvgl__lvgl.dir/src/themes/lv_theme.c.obj
[1598/2115] Building C object esp-idf/lvgl__lvgl/CMakeFiles/__idf_lvgl__lvgl.dir/src/themes/simple/lv_theme_simple.c.obj
[1599/2115] Building C object esp-idf/lvgl__lvgl/CMakeFiles/__idf_lvgl__lvgl.dir/src/themes/mono/lv_theme_mono.c.obj
[1600/2115] Building C object esp-idf/lvgl__lvgl/CMakeFiles/__idf_lvgl__lvgl.dir/src/tick/lv_tick.c.obj
[1601/2115] Building C object esp-idf/lvgl__lvgl/CMakeFiles/__idf_lvgl__lvgl.dir/src/widgets/3dtexture/lv_3dtexture.c.obj
[1602/2115] Building C object esp-idf/lvgl__lvgl/CMakeFiles/__idf_lvgl__lvgl.dir/src/themes/default/lv_theme_default.c.obj
[1603/2115] Building C object esp-idf/lvgl__lvgl/CMakeFiles/__idf_lvgl__lvgl.dir/src/widgets/animimage/lv_animimage.c.obj
[1604/2115] Building C object esp-idf/lvgl__lvgl/CMakeFiles/__idf_lvgl__lvgl.dir/src/widgets/barcode/lv_barcode.c.obj
[1605/2115] Building C object esp-idf/lvgl__lvgl/CMakeFiles/__idf_lvgl__lvgl.dir/src/widgets/arclabel/lv_arclabel.c.obj
[1606/2115] Building C object esp-idf/lvgl__lvgl/CMakeFiles/__idf_lvgl__lvgl.dir/src/widgets/button/lv_button.c.obj
[1607/2115] Building C object esp-idf/lvgl__lvgl/CMakeFiles/__idf_lvgl__lvgl.dir/src/widgets/bar/lv_bar.c.obj
[1608/2115] Building C object esp-idf/lvgl__lvgl/CMakeFiles/__idf_lvgl__lvgl.dir/src/widgets/arc/lv_arc.c.obj
[1609/2115] Building C object esp-idf/lvgl__lvgl/CMakeFiles/__idf_lvgl__lvgl.dir/src/widgets/calendar/lv_calendar_chinese.c.obj
[1610/2115] Building C object esp-idf/lvgl__lvgl/CMakeFiles/__idf_lvgl__lvgl.dir/src/widgets/calendar/lv_calendar_header_arrow.c.obj
[1611/2115] Building C object esp-idf/lvgl__lvgl/CMakeFiles/__idf_lvgl__lvgl.dir/src/widgets/buttonmatrix/lv_buttonmatrix.c.obj
[1612/2115] Building C object esp-idf/lvgl__lvgl/CMakeFiles/__idf_lvgl__lvgl.dir/src/widgets/calendar/lv_calendar.c.obj
[1613/2115] Building C object esp-idf/lvgl__lvgl/CMakeFiles/__idf_lvgl__lvgl.dir/src/widgets/calendar/lv_calendar_header_dropdown.c.obj
[1614/2115] Building C object esp-idf/lvgl__lvgl/CMakeFiles/__idf_lvgl__lvgl.dir/src/widgets/canvas/lv_canvas.c.obj
[1615/2115] Building C object esp-idf/lvgl__lvgl/CMakeFiles/__idf_lvgl__lvgl.dir/src/widgets/ffmpeg/lv_ffmpeg.c.obj
[1616/2115] Building C object esp-idf/lvgl__lvgl/CMakeFiles/__idf_lvgl__lvgl.dir/src/widgets/checkbox/lv_checkbox.c.obj
[1617/2115] Building C object esp-idf/lvgl__lvgl/CMakeFiles/__idf_lvgl__lvgl.dir/src/widgets/gif/lv_gif.c.obj
[1618/2115] Building C object esp-idf/lvgl__lvgl/CMakeFiles/__idf_lvgl__lvgl.dir/src/widgets/gstreamer/lv_gstreamer.c.obj
[1619/2115] Building C object esp-idf/lvgl__lvgl/CMakeFiles/__idf_lvgl__lvgl.dir/src/widgets/dropdown/lv_dropdown.c.obj
[1620/2115] Building C object esp-idf/lvgl__lvgl/CMakeFiles/__idf_lvgl__lvgl.dir/src/widgets/ime/lv_ime_pinyin.c.obj
[1621/2115] Building C object esp-idf/lvgl__lvgl/CMakeFiles/__idf_lvgl__lvgl.dir/src/widgets/image/lv_image.c.obj
[1622/2115] Building C object esp-idf/lvgl__lvgl/CMakeFiles/__idf_lvgl__lvgl.dir/src/widgets/chart/lv_chart.c.obj
[1623/2115] Building C object esp-idf/lvgl__lvgl/CMakeFiles/__idf_lvgl__lvgl.dir/src/widgets/imagebutton/lv_imagebutton.c.obj
[1624/2115] Building C object esp-idf/lvgl__lvgl/CMakeFiles/__idf_lvgl__lvgl.dir/src/widgets/keyboard/lv_keyboard.c.obj
[1625/2115] Building C object esp-idf/lvgl__lvgl/CMakeFiles/__idf_lvgl__lvgl.dir/src/widgets/led/lv_led.c.obj
[1626/2115] Building C object esp-idf/lvgl__lvgl/CMakeFiles/__idf_lvgl__lvgl.dir/src/widgets/list/lv_list.c.obj
[1627/2115] Building C object esp-idf/lvgl__lvgl/CMakeFiles/__idf_lvgl__lvgl.dir/src/widgets/lottie/lv_lottie.c.obj
[1628/2115] Building C object esp-idf/lvgl__lvgl/CMakeFiles/__idf_lvgl__lvgl.dir/src/widgets/line/lv_line.c.obj
[1629/2115] Building C object esp-idf/lvgl__lvgl/CMakeFiles/__idf_lvgl__lvgl.dir/src/widgets/objx_templ/lv_objx_templ.c.obj
[1630/2115] Building C object esp-idf/lvgl__lvgl/CMakeFiles/__idf_lvgl__lvgl.dir/src/widgets/property/lv_arc_properties.c.obj
[1631/2115] Building C object esp-idf/lvgl__lvgl/CMakeFiles/__idf_lvgl__lvgl.dir/src/widgets/property/lv_animimage_properties.c.obj
[1632/2115] Building C object esp-idf/lvgl__lvgl/CMakeFiles/__idf_lvgl__lvgl.dir/src/widgets/label/lv_label.c.obj
[1633/2115] Building C object esp-idf/lvgl__lvgl/CMakeFiles/__idf_lvgl__lvgl.dir/src/widgets/msgbox/lv_msgbox.c.obj
[1634/2115] Building C object esp-idf/lvgl__lvgl/CMakeFiles/__idf_lvgl__lvgl.dir/src/widgets/property/lv_bar_properties.c.obj
[1635/2115] Building C object esp-idf/lvgl__lvgl/CMakeFiles/__idf_lvgl__lvgl.dir/src/widgets/property/lv_checkbox_properties.c.obj
[1636/2115] Building C object esp-idf/lvgl__lvgl/CMakeFiles/__idf_lvgl__lvgl.dir/src/widgets/property/lv_dropdown_properties.c.obj
[1637/2115] Building C object esp-idf/lvgl__lvgl/CMakeFiles/__idf_lvgl__lvgl.dir/src/widgets/property/lv_buttonmatrix_properties.c.obj
[1638/2115] Building C object esp-idf/lvgl__lvgl/CMakeFiles/__idf_lvgl__lvgl.dir/src/widgets/property/lv_chart_properties.c.obj
[1639/2115] Building C object esp-idf/lvgl__lvgl/CMakeFiles/__idf_lvgl__lvgl.dir/src/widgets/menu/lv_menu.c.obj
[1640/2115] Building C object esp-idf/lvgl__lvgl/CMakeFiles/__idf_lvgl__lvgl.dir/src/widgets/property/lv_keyboard_properties.c.obj
[1641/2115] Building C object esp-idf/lvgl__lvgl/CMakeFiles/__idf_lvgl__lvgl.dir/src/widgets/property/lv_image_properties.c.obj
[1642/2115] Building C object esp-idf/lvgl__lvgl/CMakeFiles/__idf_lvgl__lvgl.dir/src/widgets/property/lv_led_properties.c.obj
[1643/2115] Building C object esp-idf/lvgl__lvgl/CMakeFiles/__idf_lvgl__lvgl.dir/src/widgets/property/lv_label_properties.c.obj
[1644/2115] Building C object esp-idf/lvgl__lvgl/CMakeFiles/__idf_lvgl__lvgl.dir/src/widgets/property/lv_line_properties.c.obj
[1645/2115] Building C object esp-idf/lvgl__lvgl/CMakeFiles/__idf_lvgl__lvgl.dir/src/widgets/property/lv_menu_properties.c.obj
[1646/2115] Building C object esp-idf/lvgl__lvgl/CMakeFiles/__idf_lvgl__lvgl.dir/src/widgets/property/lv_obj_properties.c.obj
[1647/2115] Building C object esp-idf/lvgl__lvgl/CMakeFiles/__idf_lvgl__lvgl.dir/src/widgets/property/lv_slider_properties.c.obj
[1648/2115] Building C object esp-idf/lvgl__lvgl/CMakeFiles/__idf_lvgl__lvgl.dir/src/widgets/property/lv_scale_properties.c.obj
[1649/2115] Building C object esp-idf/lvgl__lvgl/CMakeFiles/__idf_lvgl__lvgl.dir/src/widgets/property/lv_roller_properties.c.obj
[1650/2115] Building C object esp-idf/lvgl__lvgl/CMakeFiles/__idf_lvgl__lvgl.dir/src/widgets/property/lv_span_properties.c.obj
[1651/2115] Building C object esp-idf/lvgl__lvgl/CMakeFiles/__idf_lvgl__lvgl.dir/src/widgets/property/lv_spinbox_properties.c.obj
[1652/2115] Building C object esp-idf/lvgl__lvgl/CMakeFiles/__idf_lvgl__lvgl.dir/src/widgets/property/lv_style_properties.c.obj
[1653/2115] Building C object esp-idf/lvgl__lvgl/CMakeFiles/__idf_lvgl__lvgl.dir/src/widgets/property/lv_switch_properties.c.obj
[1654/2115] Building C object esp-idf/lvgl__lvgl/CMakeFiles/__idf_lvgl__lvgl.dir/src/widgets/property/lv_spinner_properties.c.obj
[1655/2115] Building C object esp-idf/lvgl__lvgl/CMakeFiles/__idf_lvgl__lvgl.dir/src/widgets/property/lv_table_properties.c.obj
[1656/2115] Building C object esp-idf/lvgl__lvgl/CMakeFiles/__idf_lvgl__lvgl.dir/src/widgets/property/lv_textarea_properties.c.obj
[1657/2115] Building C object esp-idf/lvgl__lvgl/CMakeFiles/__idf_lvgl__lvgl.dir/src/widgets/property/lv_tabview_properties.c.obj
[1658/2115] Building C object esp-idf/lvgl__lvgl/CMakeFiles/__idf_lvgl__lvgl.dir/src/widgets/qrcode/lv_qrcode.c.obj
[1659/2115] Building C object esp-idf/lvgl__lvgl/CMakeFiles/__idf_lvgl__lvgl.dir/src/widgets/roller/lv_roller.c.obj
[1660/2115] Building C object esp-idf/lvgl__lvgl/CMakeFiles/__idf_lvgl__lvgl.dir/src/widgets/slider/lv_slider.c.obj
[1661/2115] Building C object esp-idf/lvgl__lvgl/CMakeFiles/__idf_lvgl__lvgl.dir/src/widgets/spinbox/lv_spinbox.c.obj
[1662/2115] Building C object esp-idf/lvgl__lvgl/CMakeFiles/__idf_lvgl__lvgl.dir/src/widgets/spinner/lv_spinner.c.obj
[1663/2115] Building C object esp-idf/lvgl__lvgl/CMakeFiles/__idf_lvgl__lvgl.dir/src/widgets/scale/lv_scale.c.obj
[1664/2115] Building C object esp-idf/lvgl__lvgl/CMakeFiles/__idf_lvgl__lvgl.dir/src/widgets/switch/lv_switch.c.obj
[1665/2115] Building C object esp-idf/lvgl__lvgl/CMakeFiles/__idf_lvgl__lvgl.dir/src/widgets/span/lv_span.c.obj
[1666/2115] Building C object esp-idf/lvgl__lvgl/CMakeFiles/__idf_lvgl__lvgl.dir/src/widgets/tabview/lv_tabview.c.obj
[1667/2115] Building C object esp-idf/lvgl__lvgl/CMakeFiles/__idf_lvgl__lvgl.dir/src/widgets/tileview/lv_tileview.c.obj
[1668/2115] Building C object esp-idf/lvgl__lvgl/CMakeFiles/__idf_lvgl__lvgl.dir/src/widgets/win/lv_win.c.obj
[1669/2115] Building C object esp-idf/lvgl__lvgl/CMakeFiles/__idf_lvgl__lvgl.dir/src/widgets/table/lv_table.c.obj
[1670/2115] Building C object esp-idf/lvgl__lvgl/CMakeFiles/__idf_lvgl__lvgl.dir/src/widgets/textarea/lv_textarea.c.obj
[1671/2115] Building C object esp-idf/lvgl__lvgl/CMakeFiles/__idf_lvgl__lvgl.dir/examples/anim/lv_example_anim_2.c.obj
[1672/2115] Building C object esp-idf/lvgl__lvgl/CMakeFiles/__idf_lvgl__lvgl.dir/examples/anim/lv_example_anim_4.c.obj
[1673/2115] Building C object esp-idf/lvgl__lvgl/CMakeFiles/__idf_lvgl__lvgl.dir/examples/anim/lv_example_anim_1.c.obj
[1674/2115] Building C object esp-idf/lvgl__lvgl/CMakeFiles/__idf_lvgl__lvgl.dir/examples/anim/lv_example_anim_timeline_1.c.obj
[1675/2115] Building C object esp-idf/lvgl__lvgl/CMakeFiles/__idf_lvgl__lvgl.dir/examples/anim/lv_example_anim_3.c.obj
[1676/2115] Building C object esp-idf/lvgl__lvgl/CMakeFiles/__idf_lvgl__lvgl.dir/examples/assets/emoji/img_emoji_F617.c.obj
[1677/2115] Building C object esp-idf/lvgl__lvgl/CMakeFiles/__idf_lvgl__lvgl.dir/examples/assets/font_example_large.c.obj
[1678/2115] Building C object esp-idf/lvgl__lvgl/CMakeFiles/__idf_lvgl__lvgl.dir/examples/assets/animimg002.c.obj
[1679/2115] Building C object esp-idf/lvgl__lvgl/CMakeFiles/__idf_lvgl__lvgl.dir/examples/assets/animimg001.c.obj
[1680/2115] Building C object esp-idf/lvgl__lvgl/CMakeFiles/__idf_lvgl__lvgl.dir/examples/assets/animimg003.c.obj
[1681/2115] Building C object esp-idf/lvgl__lvgl/CMakeFiles/__idf_lvgl__lvgl.dir/examples/assets/img_bar_bg.c.obj
[1682/2115] Building C object esp-idf/lvgl__lvgl/CMakeFiles/__idf_lvgl__lvgl.dir/examples/assets/img_bar_indicator.c.obj
[1683/2115] Building C object esp-idf/lvgl__lvgl/CMakeFiles/__idf_lvgl__lvgl.dir/examples/assets/img_example_lvgl_logo.c.obj
[1684/2115] Building C object esp-idf/lvgl__lvgl/CMakeFiles/__idf_lvgl__lvgl.dir/examples/assets/img_arc_bg.c.obj
[1685/2115] Building C object esp-idf/lvgl__lvgl/CMakeFiles/__idf_lvgl__lvgl.dir/examples/assets/img_arc_indicator.c.obj
[1686/2115] Building C object esp-idf/lvgl__lvgl/CMakeFiles/__idf_lvgl__lvgl.dir/examples/assets/img_hand.c.obj
[1687/2115] Building C object esp-idf/lvgl__lvgl/CMakeFiles/__idf_lvgl__lvgl.dir/examples/assets/img_multilang_like.c.obj
[1688/2115] Building C object esp-idf/lvgl__lvgl/CMakeFiles/__idf_lvgl__lvgl.dir/examples/assets/img_skew_strip.c.obj
[1689/2115] Building C object esp-idf/lvgl__lvgl/CMakeFiles/__idf_lvgl__lvgl.dir/examples/assets/img_star.c.obj
[1690/2115] Building C object esp-idf/lvgl__lvgl/CMakeFiles/__idf_lvgl__lvgl.dir/examples/assets/imgbtn_mid.c.obj
[1691/2115] Building C object esp-idf/lvgl__lvgl/CMakeFiles/__idf_lvgl__lvgl.dir/examples/assets/img_svg_img.c.obj
[1692/2115] Building C object esp-idf/lvgl__lvgl/CMakeFiles/__idf_lvgl__lvgl.dir/examples/assets/imgbtn_left.c.obj
[1693/2115] Building C object esp-idf/lvgl__lvgl/CMakeFiles/__idf_lvgl__lvgl.dir/examples/assets/img_transform_avatar_15.c.obj
[1694/2115] Building C object esp-idf/lvgl__lvgl/CMakeFiles/__idf_lvgl__lvgl.dir/examples/assets/imgbtn_right.c.obj
[1695/2115] Building C object esp-idf/lvgl__lvgl/CMakeFiles/__idf_lvgl__lvgl.dir/examples/event/lv_example_event_button.c.obj
[1696/2115] Building C object esp-idf/lvgl__lvgl/CMakeFiles/__idf_lvgl__lvgl.dir/examples/event/lv_example_event_click.c.obj
[1697/2115] Building C object esp-idf/lvgl__lvgl/CMakeFiles/__idf_lvgl__lvgl.dir/examples/event/lv_example_event_bubble.c.obj
[1698/2115] Building C object esp-idf/lvgl__lvgl/CMakeFiles/__idf_lvgl__lvgl.dir/examples/event/lv_example_event_draw.c.obj
[1699/2115] Building C object esp-idf/lvgl__lvgl/CMakeFiles/__idf_lvgl__lvgl.dir/examples/event/lv_example_event_streak.c.obj
[1700/2115] Building C object esp-idf/lvgl__lvgl/CMakeFiles/__idf_lvgl__lvgl.dir/examples/get_started/get_started_hello_world/lv_example_get_started_hello_world.c.obj
[1701/2115] Building C object esp-idf/lvgl__lvgl/CMakeFiles/__idf_lvgl__lvgl.dir/examples/event/lv_example_event_trickle.c.obj
[1702/2115] Building C object esp-idf/lvgl__lvgl/CMakeFiles/__idf_lvgl__lvgl.dir/examples/get_started/lv_example_get_started_button.c.obj
[1703/2115] Building C object esp-idf/lvgl__lvgl/CMakeFiles/__idf_lvgl__lvgl.dir/examples/get_started/get_started_slider/lv_example_get_started_slider.c.obj
[1704/2115] Building C object esp-idf/lvgl__lvgl/CMakeFiles/__idf_lvgl__lvgl.dir/examples/get_started/get_started_styles/lv_example_get_started_styles.c.obj
[1705/2115] Building C object esp-idf/lvgl__lvgl/CMakeFiles/__idf_lvgl__lvgl.dir/examples/grad/lv_example_grad_1.c.obj
[1706/2115] Building C object esp-idf/lvgl__lvgl/CMakeFiles/__idf_lvgl__lvgl.dir/examples/grad/lv_example_grad_3.c.obj
[1707/2115] Building C object esp-idf/lvgl__lvgl/CMakeFiles/__idf_lvgl__lvgl.dir/examples/grad/lv_example_grad_4.c.obj
[1708/2115] Building C object esp-idf/lvgl__lvgl/CMakeFiles/__idf_lvgl__lvgl.dir/examples/grad/lv_example_grad_2.c.obj
[1709/2115] Building C object esp-idf/lvgl__lvgl/CMakeFiles/__idf_lvgl__lvgl.dir/examples/layouts/flex/lv_example_flex_flow.c.obj
[1710/2115] Building C object esp-idf/lvgl__lvgl/CMakeFiles/__idf_lvgl__lvgl.dir/examples/layouts/flex/lv_example_flex_align.c.obj
[1711/2115] Building C object esp-idf/lvgl__lvgl/CMakeFiles/__idf_lvgl__lvgl.dir/examples/layouts/flex/lv_example_flex_grow.c.obj
[1712/2115] Building C object esp-idf/lvgl__lvgl/CMakeFiles/__idf_lvgl__lvgl.dir/examples/layouts/flex/lv_example_flex_ignore_layout.c.obj
[1713/2115] Building C object esp-idf/lvgl__lvgl/CMakeFiles/__idf_lvgl__lvgl.dir/examples/layouts/flex/lv_example_flex_internal_padding.c.obj
[1714/2115] Building C object esp-idf/lvgl__lvgl/CMakeFiles/__idf_lvgl__lvgl.dir/examples/layouts/flex/lv_example_flex_list.c.obj
[1715/2115] Building C object esp-idf/lvgl__lvgl/CMakeFiles/__idf_lvgl__lvgl.dir/examples/layouts/flex/lv_example_flex_new_track.c.obj
[1716/2115] Building C object esp-idf/lvgl__lvgl/CMakeFiles/__idf_lvgl__lvgl.dir/examples/layouts/flex/lv_example_flex_rtl.c.obj
[1717/2115] Building C object esp-idf/lvgl__lvgl/CMakeFiles/__idf_lvgl__lvgl.dir/examples/layouts/flex/lv_example_flex_win.c.obj
[1718/2115] Building C object esp-idf/lvgl__lvgl/CMakeFiles/__idf_lvgl__lvgl.dir/examples/layouts/grid/lv_example_grid_align.c.obj
[1719/2115] Building C object esp-idf/lvgl__lvgl/CMakeFiles/__idf_lvgl__lvgl.dir/examples/layouts/grid/lv_example_grid_cell_span.c.obj
[1720/2115] Building C object esp-idf/lvgl__lvgl/CMakeFiles/__idf_lvgl__lvgl.dir/examples/layouts/grid/lv_example_grid_fr.c.obj
[1721/2115] Building C object esp-idf/lvgl__lvgl/CMakeFiles/__idf_lvgl__lvgl.dir/examples/layouts/grid/lv_example_grid_descriptors.c.obj
[1722/2115] Building C object esp-idf/lvgl__lvgl/CMakeFiles/__idf_lvgl__lvgl.dir/examples/layouts/grid/lv_example_grid_ignore_layout.c.obj
[1723/2115] Building C object esp-idf/lvgl__lvgl/CMakeFiles/__idf_lvgl__lvgl.dir/examples/layouts/grid/lv_example_grid_internal_padding.c.obj
[1724/2115] Building C object esp-idf/lvgl__lvgl/CMakeFiles/__idf_lvgl__lvgl.dir/examples/layouts/split/lv_example_split.c.obj
[1725/2115] Building C object esp-idf/lvgl__lvgl/CMakeFiles/__idf_lvgl__lvgl.dir/examples/layouts/grid/lv_example_grid_subgrid.c.obj
[1726/2115] Building C object esp-idf/lvgl__lvgl/CMakeFiles/__idf_lvgl__lvgl.dir/examples/layouts/grid/lv_example_grid_rtl.c.obj
[1727/2115] Building C object esp-idf/lvgl__lvgl/CMakeFiles/__idf_lvgl__lvgl.dir/examples/layouts/split/lv_example_split_vertical.c.obj
[1728/2115] Building C object esp-idf/lvgl__lvgl/CMakeFiles/__idf_lvgl__lvgl.dir/examples/libs/barcode/lv_example_barcode_1.c.obj
[1729/2115] Building C object esp-idf/lvgl__lvgl/CMakeFiles/__idf_lvgl__lvgl.dir/examples/libs/bmp/lv_example_bmp_1.c.obj
[1730/2115] Building C object esp-idf/lvgl__lvgl/CMakeFiles/__idf_lvgl__lvgl.dir/examples/libs/ffmpeg/lv_example_ffmpeg_2.c.obj
[1731/2115] Building C object esp-idf/lvgl__lvgl/CMakeFiles/__idf_lvgl__lvgl.dir/examples/libs/freetype/lv_example_freetype_1.c.obj
[1732/2115] Building C object esp-idf/lvgl__lvgl/CMakeFiles/__idf_lvgl__lvgl.dir/examples/libs/ffmpeg/lv_example_ffmpeg_1.c.obj
[1733/2115] Building C object esp-idf/lvgl__lvgl/CMakeFiles/__idf_lvgl__lvgl.dir/examples/libs/freetype/lv_example_freetype_2.c.obj
[1734/2115] Building C object esp-idf/lvgl__lvgl/CMakeFiles/__idf_lvgl__lvgl.dir/examples/libs/freetype/lv_example_freetype_3.c.obj
[1735/2115] Building C object esp-idf/lvgl__lvgl/CMakeFiles/__idf_lvgl__lvgl.dir/examples/libs/gif/lv_example_gif_src.c.obj
[1736/2115] Building C object esp-idf/lvgl__lvgl/CMakeFiles/__idf_lvgl__lvgl.dir/examples/libs/gif/img_bulb_gif.c.obj
[1737/2115] Building C object esp-idf/lvgl__lvgl/CMakeFiles/__idf_lvgl__lvgl.dir/examples/libs/gltf/lv_example_gltf_1.c.obj
[1738/2115] Building C object esp-idf/lvgl__lvgl/CMakeFiles/__idf_lvgl__lvgl.dir/examples/libs/gltf/lv_example_gltf_2.c.obj
[1739/2115] Building C object esp-idf/lvgl__lvgl/CMakeFiles/__idf_lvgl__lvgl.dir/examples/libs/gltf/lv_example_gltf_3.c.obj
[1740/2115] Building C object esp-idf/lvgl__lvgl/CMakeFiles/__idf_lvgl__lvgl.dir/examples/libs/gstreamer/lv_example_gstreamer_1.c.obj
[1741/2115] Building C object esp-idf/lvgl__lvgl/CMakeFiles/__idf_lvgl__lvgl.dir/examples/libs/gltf/lv_example_gltf_4.c.obj
[1742/2115] Building C object esp-idf/lvgl__lvgl/CMakeFiles/__idf_lvgl__lvgl.dir/examples/libs/libjpeg_turbo/lv_example_libjpeg_turbo_1.c.obj
[1743/2115] Building C object esp-idf/lvgl__lvgl/CMakeFiles/__idf_lvgl__lvgl.dir/examples/libs/libpng/lv_example_libpng_1.c.obj
[1744/2115] Building C object esp-idf/lvgl__lvgl/CMakeFiles/__idf_lvgl__lvgl.dir/examples/libs/libpng/img_png_demo.c.obj
[1745/2115] Building C object esp-idf/lvgl__lvgl/CMakeFiles/__idf_lvgl__lvgl.dir/examples/libs/libwebp/lv_example_libwebp_1.c.obj
[1746/2115] Building C object esp-idf/lvgl__lvgl/CMakeFiles/__idf_lvgl__lvgl.dir/examples/libs/lodepng/img_wink_png.c.obj
[1747/2115] Building C object esp-idf/lvgl__lvgl/CMakeFiles/__idf_lvgl__lvgl.dir/examples/libs/lodepng/lv_example_lodepng_1.c.obj
[1748/2115] Building C object esp-idf/lvgl__lvgl/CMakeFiles/__idf_lvgl__lvgl.dir/examples/libs/qrcode/qrcode_basic/lv_example_qrcode_basic.c.obj
[1749/2115] Building C object esp-idf/lvgl__lvgl/CMakeFiles/__idf_lvgl__lvgl.dir/examples/libs/rlottie/lv_example_rlottie_1.c.obj
[1750/2115] Building C object esp-idf/lvgl__lvgl/CMakeFiles/__idf_lvgl__lvgl.dir/examples/libs/rlottie/lv_example_rlottie_approve.c.obj
[1751/2115] Building C object esp-idf/lvgl__lvgl/CMakeFiles/__idf_lvgl__lvgl.dir/examples/libs/rlottie/lv_example_rlottie_2.c.obj
[1752/2115] Building C object esp-idf/lvgl__lvgl/CMakeFiles/__idf_lvgl__lvgl.dir/examples/libs/svg/lv_example_svg_1.c.obj
[1753/2115] Building C object esp-idf/lvgl__lvgl/CMakeFiles/__idf_lvgl__lvgl.dir/examples/libs/svg/lv_example_svg_3.c.obj
[1754/2115] Building C object esp-idf/lvgl__lvgl/CMakeFiles/__idf_lvgl__lvgl.dir/examples/libs/svg/lv_example_svg_2.c.obj
[1755/2115] Building C object esp-idf/lvgl__lvgl/CMakeFiles/__idf_lvgl__lvgl.dir/examples/libs/tiny_ttf/lv_example_tiny_ttf_1.c.obj
[1756/2115] Building C object esp-idf/lvgl__lvgl/CMakeFiles/__idf_lvgl__lvgl.dir/examples/libs/tiny_ttf/lv_example_tiny_ttf_2.c.obj
[1757/2115] Building C object esp-idf/lvgl__lvgl/CMakeFiles/__idf_lvgl__lvgl.dir/examples/libs/tiny_ttf/lv_example_tiny_ttf_3.c.obj
[1758/2115] Building C object esp-idf/lvgl__lvgl/CMakeFiles/__idf_lvgl__lvgl.dir/examples/libs/tiny_ttf/ubuntu_font.c.obj
[1759/2115] Building C object esp-idf/lvgl__lvgl/CMakeFiles/__idf_lvgl__lvgl.dir/examples/libs/tjpgd/lv_example_tjpgd_1.c.obj
[1760/2115] Building C object esp-idf/lvgl__lvgl/CMakeFiles/__idf_lvgl__lvgl.dir/examples/others/file_explorer/lv_example_file_explorer_1.c.obj
[1761/2115] Building C object esp-idf/lvgl__lvgl/CMakeFiles/__idf_lvgl__lvgl.dir/examples/others/file_explorer/lv_example_file_explorer_2.c.obj
[1762/2115] Building C object esp-idf/lvgl__lvgl/CMakeFiles/__idf_lvgl__lvgl.dir/examples/others/file_explorer/lv_example_file_explorer_3.c.obj
[1763/2115] Building C object esp-idf/lvgl__lvgl/CMakeFiles/__idf_lvgl__lvgl.dir/examples/others/font_manager/lv_example_font_manager_1.c.obj
[1764/2115] Building C object esp-idf/lvgl__lvgl/CMakeFiles/__idf_lvgl__lvgl.dir/examples/others/font_manager/lv_example_font_manager_3.c.obj
[1765/2115] Building C object esp-idf/lvgl__lvgl/CMakeFiles/__idf_lvgl__lvgl.dir/examples/others/fragment/lv_example_fragment_1.c.obj
[1766/2115] Building C object esp-idf/lvgl__lvgl/CMakeFiles/__idf_lvgl__lvgl.dir/examples/others/font_manager/lv_example_font_manager_2.c.obj
[1767/2115] Building C object esp-idf/lvgl__lvgl/CMakeFiles/__idf_lvgl__lvgl.dir/examples/others/fragment/lv_example_fragment_2.c.obj
[1768/2115] Building C object esp-idf/lvgl__lvgl/CMakeFiles/__idf_lvgl__lvgl.dir/examples/others/gridnav/lv_example_gridnav_2.c.obj
[1769/2115] Building C object esp-idf/lvgl__lvgl/CMakeFiles/__idf_lvgl__lvgl.dir/examples/others/gestures/lv_example_gestures.c.obj
[1770/2115] Building C object esp-idf/lvgl__lvgl/CMakeFiles/__idf_lvgl__lvgl.dir/examples/others/gridnav/lv_example_gridnav_1.c.obj
[1771/2115] Building C object esp-idf/lvgl__lvgl/CMakeFiles/__idf_lvgl__lvgl.dir/examples/others/gridnav/lv_example_gridnav_3.c.obj
[1772/2115] Building C object esp-idf/lvgl__lvgl/CMakeFiles/__idf_lvgl__lvgl.dir/examples/others/gridnav/lv_example_gridnav_4.c.obj
[1773/2115] Building C object esp-idf/lvgl__lvgl/CMakeFiles/__idf_lvgl__lvgl.dir/examples/others/gridnav/lv_example_gridnav_5.c.obj
[1774/2115] Building C object esp-idf/lvgl__lvgl/CMakeFiles/__idf_lvgl__lvgl.dir/examples/others/ime/lv_example_ime_pinyin_1.c.obj
[1775/2115] Building C object esp-idf/lvgl__lvgl/CMakeFiles/__idf_lvgl__lvgl.dir/examples/others/imgfont/lv_example_imgfont_1.c.obj
[1776/2115] Building C object esp-idf/lvgl__lvgl/CMakeFiles/__idf_lvgl__lvgl.dir/examples/others/ime/lv_example_ime_pinyin_2.c.obj
[1777/2115] Building C object esp-idf/lvgl__lvgl/CMakeFiles/__idf_lvgl__lvgl.dir/examples/others/monkey/lv_example_monkey_2.c.obj
[1778/2115] Building C object esp-idf/lvgl__lvgl/CMakeFiles/__idf_lvgl__lvgl.dir/examples/others/monkey/lv_example_monkey_1.c.obj
[1779/2115] Building C object esp-idf/lvgl__lvgl/CMakeFiles/__idf_lvgl__lvgl.dir/examples/others/monkey/lv_example_monkey_3.c.obj
[1780/2115] Building C object esp-idf/lvgl__lvgl/CMakeFiles/__idf_lvgl__lvgl.dir/examples/others/observer/lv_example_observer_1.c.obj
[1781/2115] Building C object esp-idf/lvgl__lvgl/CMakeFiles/__idf_lvgl__lvgl.dir/examples/others/observer/lv_example_observer_2.c.obj
[1782/2115] Building C object esp-idf/lvgl__lvgl/CMakeFiles/__idf_lvgl__lvgl.dir/examples/others/observer/lv_example_observer_4.c.obj
[1783/2115] Building C object esp-idf/lvgl__lvgl/CMakeFiles/__idf_lvgl__lvgl.dir/examples/others/observer/lv_example_observer_3.c.obj
[1784/2115] Building C object esp-idf/lvgl__lvgl/CMakeFiles/__idf_lvgl__lvgl.dir/examples/others/snapshot/lv_example_snapshot_1.c.obj
[1785/2115] Building C object esp-idf/lvgl__lvgl/CMakeFiles/__idf_lvgl__lvgl.dir/examples/others/observer/lv_example_observer_5.c.obj
[1786/2115] Building C object esp-idf/lvgl__lvgl/CMakeFiles/__idf_lvgl__lvgl.dir/examples/others/observer/lv_example_observer_6.c.obj
[1787/2115] Building C object esp-idf/lvgl__lvgl/CMakeFiles/__idf_lvgl__lvgl.dir/examples/porting/lv_port_disp_template.c.obj
[1788/2115] Building C object esp-idf/lvgl__lvgl/CMakeFiles/__idf_lvgl__lvgl.dir/examples/others/observer/lv_example_observer_7.c.obj
[1789/2115] Building C object esp-idf/lvgl__lvgl/CMakeFiles/__idf_lvgl__lvgl.dir/examples/others/translation/lv_example_translation_1.c.obj
[1790/2115] Building C object esp-idf/lvgl__lvgl/CMakeFiles/__idf_lvgl__lvgl.dir/examples/porting/lv_port_fs_template.c.obj
[1791/2115] Building C object esp-idf/lvgl__lvgl/CMakeFiles/__idf_lvgl__lvgl.dir/examples/porting/lv_port_indev_template.c.obj
[1792/2115] Building C object esp-idf/lvgl__lvgl/CMakeFiles/__idf_lvgl__lvgl.dir/examples/porting/lv_port_lcd_stm32_template.c.obj
[1793/2115] Building C object esp-idf/lvgl__lvgl/CMakeFiles/__idf_lvgl__lvgl.dir/examples/others/translation/lv_example_translation_2.c.obj
[1794/2115] Building C object esp-idf/lvgl__lvgl/CMakeFiles/__idf_lvgl__lvgl.dir/examples/scroll/lv_example_scroll_chain.c.obj
[1795/2115] Building C object esp-idf/lvgl__lvgl/CMakeFiles/__idf_lvgl__lvgl.dir/examples/scroll/lv_example_scroll_events.c.obj
[1796/2115] Building C object esp-idf/lvgl__lvgl/CMakeFiles/__idf_lvgl__lvgl.dir/examples/scroll/lv_example_scroll_circular.c.obj
[1797/2115] Building C object esp-idf/lvgl__lvgl/CMakeFiles/__idf_lvgl__lvgl.dir/examples/scroll/lv_example_scroll_floating.c.obj
[1798/2115] Building C object esp-idf/lvgl__lvgl/CMakeFiles/__idf_lvgl__lvgl.dir/examples/scroll/lv_example_scroll_infinite.c.obj
[1799/2115] Building C object esp-idf/lvgl__lvgl/CMakeFiles/__idf_lvgl__lvgl.dir/examples/porting/osal/lv_example_osal.c.obj
[1800/2115] Building C object esp-idf/lvgl__lvgl/CMakeFiles/__idf_lvgl__lvgl.dir/examples/scroll/lv_example_scroll_one.c.obj
[1801/2115] Building C object esp-idf/lvgl__lvgl/CMakeFiles/__idf_lvgl__lvgl.dir/examples/scroll/lv_example_scroll_overview.c.obj
[1802/2115] Building C object esp-idf/lvgl__lvgl/CMakeFiles/__idf_lvgl__lvgl.dir/examples/scroll/lv_example_scroll_rtl.c.obj
[1803/2115] Building C object esp-idf/lvgl__lvgl/CMakeFiles/__idf_lvgl__lvgl.dir/examples/scroll/lv_example_scroll_properties.c.obj
[1804/2115] Building C object esp-idf/lvgl__lvgl/CMakeFiles/__idf_lvgl__lvgl.dir/examples/scroll/lv_example_scroll_scrollable.c.obj
[1805/2115] Building C object esp-idf/lvgl__lvgl/CMakeFiles/__idf_lvgl__lvgl.dir/examples/scroll/lv_example_scroll_scrollbar_style.c.obj
[1806/2115] Building C object esp-idf/lvgl__lvgl/CMakeFiles/__idf_lvgl__lvgl.dir/examples/scroll/lv_example_scroll_scrollbar_mode.c.obj
[1807/2115] Building C object esp-idf/lvgl__lvgl/CMakeFiles/__idf_lvgl__lvgl.dir/examples/scroll/lv_example_scroll_snap.c.obj
[1808/2115] Building C object esp-idf/lvgl__lvgl/CMakeFiles/__idf_lvgl__lvgl.dir/examples/scroll/lv_example_scroll_translate.c.obj
[1809/2115] Building C object esp-idf/lvgl__lvgl/CMakeFiles/__idf_lvgl__lvgl.dir/examples/scroll/lv_example_scroll_to.c.obj
[1810/2115] Building C object esp-idf/lvgl__lvgl/CMakeFiles/__idf_lvgl__lvgl.dir/examples/styles/lv_example_style_arc.c.obj
[1811/2115] Building C object esp-idf/lvgl__lvgl/CMakeFiles/__idf_lvgl__lvgl.dir/examples/styles/lv_example_style_background.c.obj
[1812/2115] Building C object esp-idf/lvgl__lvgl/CMakeFiles/__idf_lvgl__lvgl.dir/examples/styles/lv_example_style_blur.c.obj
[1813/2115] Building C object esp-idf/lvgl__lvgl/CMakeFiles/__idf_lvgl__lvgl.dir/examples/styles/lv_example_style_drop_shadow.c.obj
[1814/2115] Building C object esp-idf/lvgl__lvgl/CMakeFiles/__idf_lvgl__lvgl.dir/examples/styles/lv_example_style_gradient_buttons.c.obj
[1815/2115] Building C object esp-idf/lvgl__lvgl/CMakeFiles/__idf_lvgl__lvgl.dir/examples/styles/lv_example_style_border.c.obj
[1816/2115] Building C object esp-idf/lvgl__lvgl/CMakeFiles/__idf_lvgl__lvgl.dir/examples/styles/lv_example_style_gradient_conic.c.obj
[1817/2115] Building C object esp-idf/lvgl__lvgl/CMakeFiles/__idf_lvgl__lvgl.dir/examples/styles/lv_example_style_image.c.obj
[1818/2115] Building C object esp-idf/lvgl__lvgl/CMakeFiles/__idf_lvgl__lvgl.dir/examples/styles/lv_example_style_gradient_radial.c.obj
[1819/2115] Building C object esp-idf/lvgl__lvgl/CMakeFiles/__idf_lvgl__lvgl.dir/examples/styles/lv_example_style_line.c.obj
[1820/2115] Building C object esp-idf/lvgl__lvgl/CMakeFiles/__idf_lvgl__lvgl.dir/examples/styles/lv_example_style_local.c.obj
[1821/2115] Building C object esp-idf/lvgl__lvgl/CMakeFiles/__idf_lvgl__lvgl.dir/examples/styles/lv_example_style_margin.c.obj
[1822/2115] Building C object esp-idf/lvgl__lvgl/CMakeFiles/__idf_lvgl__lvgl.dir/examples/styles/lv_example_style_modal.c.obj
[1823/2115] Building C object esp-idf/lvgl__lvgl/CMakeFiles/__idf_lvgl__lvgl.dir/examples/styles/lv_example_style_multiple.c.obj
[1824/2115] Building C object esp-idf/lvgl__lvgl/CMakeFiles/__idf_lvgl__lvgl.dir/examples/styles/lv_example_style_opacity_transform.c.obj
[1825/2115] Building C object esp-idf/lvgl__lvgl/CMakeFiles/__idf_lvgl__lvgl.dir/examples/styles/lv_example_style_outline.c.obj
[1826/2115] Building C object esp-idf/lvgl__lvgl/CMakeFiles/__idf_lvgl__lvgl.dir/examples/styles/lv_example_style_padding.c.obj
[1827/2115] Building C object esp-idf/lvgl__lvgl/CMakeFiles/__idf_lvgl__lvgl.dir/examples/styles/lv_example_style_shadow.c.obj
[1828/2115] Building C object esp-idf/lvgl__lvgl/CMakeFiles/__idf_lvgl__lvgl.dir/examples/styles/lv_example_style_parts_states.c.obj
[1829/2115] Building C object esp-idf/lvgl__lvgl/CMakeFiles/__idf_lvgl__lvgl.dir/examples/styles/lv_example_style_size_position.c.obj
[1830/2115] Building C object esp-idf/lvgl__lvgl/CMakeFiles/__idf_lvgl__lvgl.dir/examples/styles/lv_example_style_text.c.obj
[1831/2115] Building C object esp-idf/lvgl__lvgl/CMakeFiles/__idf_lvgl__lvgl.dir/examples/styles/lv_example_style_transform_card.c.obj
[1832/2115] Building C object esp-idf/lvgl__lvgl/CMakeFiles/__idf_lvgl__lvgl.dir/examples/styles/lv_example_style_transition.c.obj
[1833/2115] Building C object esp-idf/lvgl__lvgl/CMakeFiles/__idf_lvgl__lvgl.dir/examples/widgets/animimg/lv_example_animimg_play.c.obj
[1834/2115] Building C object esp-idf/lvgl__lvgl/CMakeFiles/__idf_lvgl__lvgl.dir/examples/styles/lv_example_style_theme.c.obj
[1835/2115] Building C object esp-idf/lvgl__lvgl/CMakeFiles/__idf_lvgl__lvgl.dir/examples/widgets/arc/lv_example_arc_bind_value.c.obj
[1836/2115] Building C object esp-idf/lvgl__lvgl/CMakeFiles/__idf_lvgl__lvgl.dir/examples/widgets/arc/lv_example_arc_change_rate.c.obj
[1837/2115] Building C object esp-idf/lvgl__lvgl/CMakeFiles/__idf_lvgl__lvgl.dir/examples/widgets/arc/lv_example_arc_event.c.obj
[1838/2115] Building C object esp-idf/lvgl__lvgl/CMakeFiles/__idf_lvgl__lvgl.dir/examples/widgets/arc/lv_example_arc_img_indicator.c.obj
[1839/2115] Building C object esp-idf/lvgl__lvgl/CMakeFiles/__idf_lvgl__lvgl.dir/examples/widgets/arc/lv_example_arc_knob_widget.c.obj
[1840/2115] Building C object esp-idf/lvgl__lvgl/CMakeFiles/__idf_lvgl__lvgl.dir/examples/widgets/arc/lv_example_arc_mode.c.obj
[1841/2115] Building C object esp-idf/lvgl__lvgl/CMakeFiles/__idf_lvgl__lvgl.dir/examples/widgets/arc/lv_example_arc_set_angles.c.obj
[1842/2115] Building C object esp-idf/lvgl__lvgl/CMakeFiles/__idf_lvgl__lvgl.dir/examples/widgets/arc/lv_example_arc_pie_chart.c.obj
[1843/2115] Building C object esp-idf/lvgl__lvgl/CMakeFiles/__idf_lvgl__lvgl.dir/examples/widgets/arc/lv_example_arc_rotation.c.obj
[1844/2115] Building C object esp-idf/lvgl__lvgl/CMakeFiles/__idf_lvgl__lvgl.dir/examples/widgets/arc/lv_example_arc_styling.c.obj
[1845/2115] Building C object esp-idf/lvgl__lvgl/CMakeFiles/__idf_lvgl__lvgl.dir/examples/widgets/arc/lv_example_arc_value_range.c.obj
[1846/2115] Building C object esp-idf/lvgl__lvgl/CMakeFiles/__idf_lvgl__lvgl.dir/examples/widgets/bar/lv_example_bar_modes.c.obj
[1847/2115] Building C object esp-idf/lvgl__lvgl/CMakeFiles/__idf_lvgl__lvgl.dir/examples/widgets/bar/lv_example_bar_img_indicator.c.obj
[1848/2115] Building C object esp-idf/lvgl__lvgl/CMakeFiles/__idf_lvgl__lvgl.dir/examples/widgets/bar/lv_example_bar_bind_value.c.obj
[1849/2115] Building C object esp-idf/lvgl__lvgl/CMakeFiles/__idf_lvgl__lvgl.dir/examples/widgets/arclabel/lv_example_arclabel_curved_text.c.obj
[1850/2115] Building C object esp-idf/lvgl__lvgl/CMakeFiles/__idf_lvgl__lvgl.dir/examples/widgets/bar/lv_example_bar_orientation.c.obj
[1851/2115] Building C object esp-idf/lvgl__lvgl/CMakeFiles/__idf_lvgl__lvgl.dir/examples/widgets/button/lv_example_button_event.c.obj
[1852/2115] Building C object esp-idf/lvgl__lvgl/CMakeFiles/__idf_lvgl__lvgl.dir/examples/widgets/button/lv_example_button_basic.c.obj
[1853/2115] Building C object esp-idf/lvgl__lvgl/CMakeFiles/__idf_lvgl__lvgl.dir/examples/widgets/bar/lv_example_bar_styling.c.obj
[1854/2115] Building C object esp-idf/lvgl__lvgl/CMakeFiles/__idf_lvgl__lvgl.dir/examples/widgets/button/lv_example_button_states.c.obj
[1855/2115] Building C object esp-idf/lvgl__lvgl/CMakeFiles/__idf_lvgl__lvgl.dir/examples/widgets/bar/lv_example_bar_value_range.c.obj
[1856/2115] Building C object esp-idf/lvgl__lvgl/CMakeFiles/__idf_lvgl__lvgl.dir/examples/widgets/buttonmatrix/lv_example_buttonmatrix_button_width.c.obj
[1857/2115] Building C object esp-idf/lvgl__lvgl/CMakeFiles/__idf_lvgl__lvgl.dir/examples/widgets/buttonmatrix/lv_example_buttonmatrix_button_ctrl.c.obj
[1858/2115] Building C object esp-idf/lvgl__lvgl/CMakeFiles/__idf_lvgl__lvgl.dir/examples/widgets/button/lv_example_button_styling.c.obj
[1859/2115] Building C object esp-idf/lvgl__lvgl/CMakeFiles/__idf_lvgl__lvgl.dir/examples/widgets/buttonmatrix/lv_example_buttonmatrix_event.c.obj
[1860/2115] Building C object esp-idf/lvgl__lvgl/CMakeFiles/__idf_lvgl__lvgl.dir/examples/widgets/buttonmatrix/lv_example_buttonmatrix_map.c.obj
[1861/2115] Building C object esp-idf/lvgl__lvgl/CMakeFiles/__idf_lvgl__lvgl.dir/examples/widgets/buttonmatrix/lv_example_buttonmatrix_recolor.c.obj
[1862/2115] Building C object esp-idf/lvgl__lvgl/CMakeFiles/__idf_lvgl__lvgl.dir/examples/widgets/buttonmatrix/lv_example_buttonmatrix_one_checked.c.obj
[1863/2115] Building C object esp-idf/lvgl__lvgl/CMakeFiles/__idf_lvgl__lvgl.dir/examples/widgets/buttonmatrix/lv_example_buttonmatrix_popover.c.obj
[1864/2115] Building C object esp-idf/lvgl__lvgl/CMakeFiles/__idf_lvgl__lvgl.dir/examples/widgets/calendar/lv_example_calendar_basic.c.obj
[1865/2115] Building C object esp-idf/lvgl__lvgl/CMakeFiles/__idf_lvgl__lvgl.dir/examples/widgets/calendar/lv_example_calendar_chinese.c.obj
[1866/2115] Building C object esp-idf/lvgl__lvgl/CMakeFiles/__idf_lvgl__lvgl.dir/examples/widgets/buttonmatrix/lv_example_buttonmatrix_styling.c.obj
[1867/2115] Building C object esp-idf/lvgl__lvgl/CMakeFiles/__idf_lvgl__lvgl.dir/examples/widgets/canvas/lv_example_canvas_alpha.c.obj
[1868/2115] Building C object esp-idf/lvgl__lvgl/CMakeFiles/__idf_lvgl__lvgl.dir/examples/widgets/calendar/lv_example_calendar_highlighted_days.c.obj
[1869/2115] Building C object esp-idf/lvgl__lvgl/CMakeFiles/__idf_lvgl__lvgl.dir/examples/widgets/canvas/lv_example_canvas_blur.c.obj
[1870/2115] Building C object esp-idf/lvgl__lvgl/CMakeFiles/__idf_lvgl__lvgl.dir/examples/widgets/canvas/lv_example_canvas_arc.c.obj
[1871/2115] Building C object esp-idf/lvgl__lvgl/CMakeFiles/__idf_lvgl__lvgl.dir/examples/widgets/canvas/lv_example_canvas_image.c.obj
[1872/2115] Building C object esp-idf/lvgl__lvgl/CMakeFiles/__idf_lvgl__lvgl.dir/examples/widgets/canvas/lv_example_canvas_label.c.obj
[1873/2115] Building C object esp-idf/lvgl__lvgl/CMakeFiles/__idf_lvgl__lvgl.dir/examples/widgets/canvas/lv_example_canvas_rectangle.c.obj
[1874/2115] Building C object esp-idf/lvgl__lvgl/CMakeFiles/__idf_lvgl__lvgl.dir/examples/widgets/canvas/lv_example_canvas_line.c.obj
[1875/2115] Building C object esp-idf/lvgl__lvgl/CMakeFiles/__idf_lvgl__lvgl.dir/examples/widgets/canvas/lv_example_canvas_rotate.c.obj
[1876/2115] Building C object esp-idf/lvgl__lvgl/CMakeFiles/__idf_lvgl__lvgl.dir/examples/widgets/canvas/lv_example_canvas_wave_text.c.obj
[1877/2115] Building C object esp-idf/lvgl__lvgl/CMakeFiles/__idf_lvgl__lvgl.dir/examples/widgets/canvas/lv_example_canvas_triangle.c.obj
[1878/2115] Building C object esp-idf/lvgl__lvgl/CMakeFiles/__idf_lvgl__lvgl.dir/examples/widgets/canvas/lv_example_canvas_vector.c.obj
[1879/2115] Building C object esp-idf/lvgl__lvgl/CMakeFiles/__idf_lvgl__lvgl.dir/examples/widgets/canvas/lv_example_canvas_windstorm_text.c.obj
[1880/2115] Building C object esp-idf/lvgl__lvgl/CMakeFiles/__idf_lvgl__lvgl.dir/examples/widgets/chart/lv_example_chart_area_gradient.c.obj
[1881/2115] Building C object esp-idf/lvgl__lvgl/CMakeFiles/__idf_lvgl__lvgl.dir/examples/widgets/chart/lv_example_chart_pressed_tooltip.c.obj
[1882/2115] Building C object esp-idf/lvgl__lvgl/CMakeFiles/__idf_lvgl__lvgl.dir/examples/widgets/chart/lv_example_chart_circular_gap.c.obj
[1883/2115] Building C object esp-idf/lvgl__lvgl/CMakeFiles/__idf_lvgl__lvgl.dir/examples/widgets/chart/lv_example_chart_cursor.c.obj
[1884/2115] Building C object esp-idf/lvgl__lvgl/CMakeFiles/__idf_lvgl__lvgl.dir/examples/widgets/chart/lv_example_chart_scrollable.c.obj
[1885/2115] Building C object esp-idf/lvgl__lvgl/CMakeFiles/__idf_lvgl__lvgl.dir/examples/widgets/chart/lv_example_chart_series.c.obj
[1886/2115] Building C object esp-idf/lvgl__lvgl/CMakeFiles/__idf_lvgl__lvgl.dir/examples/widgets/chart/lv_example_chart_recolor_bars.c.obj
[1887/2115] Building C object esp-idf/lvgl__lvgl/CMakeFiles/__idf_lvgl__lvgl.dir/examples/widgets/chart/lv_example_chart_scatter.c.obj
[1888/2115] Building C object esp-idf/lvgl__lvgl/CMakeFiles/__idf_lvgl__lvgl.dir/examples/widgets/chart/lv_example_chart_ticks_labels.c.obj
[1889/2115] Building C object esp-idf/lvgl__lvgl/CMakeFiles/__idf_lvgl__lvgl.dir/examples/widgets/checkbox/lv_example_checkbox_states.c.obj
[1890/2115] Building C object esp-idf/lvgl__lvgl/CMakeFiles/__idf_lvgl__lvgl.dir/examples/widgets/chart/lv_example_chart_types.c.obj
[1891/2115] Building C object esp-idf/lvgl__lvgl/CMakeFiles/__idf_lvgl__lvgl.dir/examples/widgets/checkbox/lv_example_checkbox_event.c.obj
[1892/2115] Building C object esp-idf/lvgl__lvgl/CMakeFiles/__idf_lvgl__lvgl.dir/examples/widgets/checkbox/lv_example_checkbox_bind_checked.c.obj
[1893/2115] Building C object esp-idf/lvgl__lvgl/CMakeFiles/__idf_lvgl__lvgl.dir/examples/widgets/checkbox/lv_example_checkbox_styling.c.obj
[1894/2115] Building C object esp-idf/lvgl__lvgl/CMakeFiles/__idf_lvgl__lvgl.dir/examples/widgets/dropdown/lv_example_dropdown_event.c.obj
[1895/2115] Building C object esp-idf/lvgl__lvgl/CMakeFiles/__idf_lvgl__lvgl.dir/examples/widgets/dropdown/lv_example_dropdown_styling.c.obj
[1896/2115] Building C object esp-idf/lvgl__lvgl/CMakeFiles/__idf_lvgl__lvgl.dir/examples/widgets/dropdown/lv_example_dropdown_bind_value.c.obj
[1897/2115] Building C object esp-idf/lvgl__lvgl/CMakeFiles/__idf_lvgl__lvgl.dir/examples/widgets/checkbox/lv_example_checkbox_text.c.obj
[1898/2115] Building C object esp-idf/lvgl__lvgl/CMakeFiles/__idf_lvgl__lvgl.dir/examples/widgets/dropdown/lv_example_dropdown_direction.c.obj
[1899/2115] Building C object esp-idf/lvgl__lvgl/CMakeFiles/__idf_lvgl__lvgl.dir/examples/widgets/dropdown/lv_example_dropdown_text.c.obj
[1900/2115] Building C object esp-idf/lvgl__lvgl/CMakeFiles/__idf_lvgl__lvgl.dir/examples/widgets/image/lv_example_image_recolor.c.obj
[1901/2115] Building C object esp-idf/lvgl__lvgl/CMakeFiles/__idf_lvgl__lvgl.dir/examples/widgets/image/lv_example_image_inner_align.c.obj
[1902/2115] Building C object esp-idf/lvgl__lvgl/CMakeFiles/__idf_lvgl__lvgl.dir/examples/widgets/image/lv_example_image_src.c.obj
[1903/2115] Building C object esp-idf/lvgl__lvgl/CMakeFiles/__idf_lvgl__lvgl.dir/examples/widgets/image/lv_example_image_svg.c.obj
[1904/2115] Building C object esp-idf/lvgl__lvgl/CMakeFiles/__idf_lvgl__lvgl.dir/examples/widgets/image/lv_example_image_transformations.c.obj
[1905/2115] Building C object esp-idf/lvgl__lvgl/CMakeFiles/__idf_lvgl__lvgl.dir/examples/widgets/keyboard/lv_example_keyboard_modes.c.obj
[1906/2115] Building C object esp-idf/lvgl__lvgl/CMakeFiles/__idf_lvgl__lvgl.dir/examples/widgets/imagebutton/lv_example_imagebutton_transition.c.obj
[1907/2115] Building C object esp-idf/lvgl__lvgl/CMakeFiles/__idf_lvgl__lvgl.dir/examples/widgets/keyboard/lv_example_keyboard_custom_map.c.obj
[1908/2115] Building C object esp-idf/lvgl__lvgl/CMakeFiles/__idf_lvgl__lvgl.dir/examples/widgets/keyboard/lv_example_keyboard_custom_draw.c.obj
[1909/2115] Building C object esp-idf/lvgl__lvgl/CMakeFiles/__idf_lvgl__lvgl.dir/examples/widgets/keyboard/lv_example_keyboard_popovers.c.obj
[1910/2115] Building C object esp-idf/lvgl__lvgl/CMakeFiles/__idf_lvgl__lvgl.dir/examples/widgets/keyboard/lv_example_keyboard_textarea.c.obj
[1911/2115] Building C object esp-idf/lvgl__lvgl/CMakeFiles/__idf_lvgl__lvgl.dir/examples/widgets/label/lv_example_label_bind_text.c.obj
[1912/2115] Building C object esp-idf/lvgl__lvgl/CMakeFiles/__idf_lvgl__lvgl.dir/examples/widgets/label/lv_example_label_set_text_newline.c.obj
[1913/2115] Building C object esp-idf/lvgl__lvgl/CMakeFiles/__idf_lvgl__lvgl.dir/examples/widgets/label/lv_example_label_recolor.c.obj
[1914/2115] Building C object esp-idf/lvgl__lvgl/CMakeFiles/__idf_lvgl__lvgl.dir/examples/widgets/label/lv_example_label_long_mode.c.obj
[1915/2115] Building C object esp-idf/lvgl__lvgl/CMakeFiles/__idf_lvgl__lvgl.dir/examples/widgets/label/lv_example_label_text_align.c.obj
[1916/2115] Building C object esp-idf/lvgl__lvgl/CMakeFiles/__idf_lvgl__lvgl.dir/examples/widgets/label/lv_example_label_styling.c.obj
[1917/2115] Building C object esp-idf/lvgl__lvgl/CMakeFiles/__idf_lvgl__lvgl.dir/examples/widgets/label/lv_example_label_translation.c.obj
[1918/2115] Building C object esp-idf/lvgl__lvgl/CMakeFiles/__idf_lvgl__lvgl.dir/examples/widgets/led/lv_example_led_color.c.obj
[1919/2115] Building C object esp-idf/lvgl__lvgl/CMakeFiles/__idf_lvgl__lvgl.dir/examples/widgets/led/lv_example_led_brightness.c.obj
[1920/2115] Building C object esp-idf/lvgl__lvgl/CMakeFiles/__idf_lvgl__lvgl.dir/examples/widgets/list/lv_example_list_reorder.c.obj
[1921/2115] Building C object esp-idf/lvgl__lvgl/CMakeFiles/__idf_lvgl__lvgl.dir/examples/widgets/led/lv_example_led_styling.c.obj
[1922/2115] Building C object esp-idf/lvgl__lvgl/CMakeFiles/__idf_lvgl__lvgl.dir/examples/widgets/line/lv_example_line_points.c.obj
[1923/2115] Building C object esp-idf/lvgl__lvgl/CMakeFiles/__idf_lvgl__lvgl.dir/examples/widgets/lottie/lv_example_lottie_approve.c.obj
[1924/2115] Building C object esp-idf/lvgl__lvgl/CMakeFiles/__idf_lvgl__lvgl.dir/examples/widgets/list/lv_example_list_sections.c.obj
[1925/2115] Building C object esp-idf/lvgl__lvgl/CMakeFiles/__idf_lvgl__lvgl.dir/examples/widgets/lottie/lv_example_lottie_from_data.c.obj
[1926/2115] Building C object esp-idf/lvgl__lvgl/CMakeFiles/__idf_lvgl__lvgl.dir/examples/widgets/lottie/lv_example_lottie_from_file.c.obj
[1927/2115] Building C object esp-idf/lvgl__lvgl/CMakeFiles/__idf_lvgl__lvgl.dir/examples/widgets/menu/lv_example_menu_custom_back_button.c.obj
[1928/2115] Building C object esp-idf/lvgl__lvgl/CMakeFiles/__idf_lvgl__lvgl.dir/examples/widgets/menu/lv_example_menu_floating_button.c.obj
[1929/2115] Building C object esp-idf/lvgl__lvgl/CMakeFiles/__idf_lvgl__lvgl.dir/examples/widgets/menu/lv_example_menu_root_back_button.c.obj
[1930/2115] Building C object esp-idf/lvgl__lvgl/CMakeFiles/__idf_lvgl__lvgl.dir/examples/widgets/menu/lv_example_menu_navigation.c.obj
[1931/2115] Building C object esp-idf/lvgl__lvgl/CMakeFiles/__idf_lvgl__lvgl.dir/examples/widgets/msgbox/lv_example_msgbox_modal.c.obj
[1932/2115] Building C object esp-idf/lvgl__lvgl/CMakeFiles/__idf_lvgl__lvgl.dir/examples/widgets/menu/lv_example_menu_sidebar.c.obj
[1933/2115] Building C object esp-idf/lvgl__lvgl/CMakeFiles/__idf_lvgl__lvgl.dir/examples/widgets/menu/lv_example_menu_sub_page.c.obj
[1934/2115] Building C object esp-idf/lvgl__lvgl/CMakeFiles/__idf_lvgl__lvgl.dir/examples/widgets/msgbox/lv_example_msgbox_blur.c.obj
[1935/2115] Building C object esp-idf/lvgl__lvgl/CMakeFiles/__idf_lvgl__lvgl.dir/examples/widgets/msgbox/lv_example_msgbox_settings.c.obj
[1936/2115] Building C object esp-idf/lvgl__lvgl/CMakeFiles/__idf_lvgl__lvgl.dir/examples/widgets/obj/lv_example_obj_draggable.c.obj
[1937/2115] Building C object esp-idf/lvgl__lvgl/CMakeFiles/__idf_lvgl__lvgl.dir/examples/widgets/obj/lv_example_obj_bind_style.c.obj
[1938/2115] Building C object esp-idf/lvgl__lvgl/CMakeFiles/__idf_lvgl__lvgl.dir/examples/widgets/roller/lv_example_roller_bind_value.c.obj
[1939/2115] Building C object esp-idf/lvgl__lvgl/CMakeFiles/__idf_lvgl__lvgl.dir/examples/widgets/obj/lv_example_obj_transform.c.obj
[1940/2115] Building C object esp-idf/lvgl__lvgl/CMakeFiles/__idf_lvgl__lvgl.dir/examples/widgets/roller/lv_example_roller_event.c.obj
[1941/2115] Building C object esp-idf/lvgl__lvgl/CMakeFiles/__idf_lvgl__lvgl.dir/examples/widgets/roller/lv_example_roller_options.c.obj
[1942/2115] Building C object esp-idf/lvgl__lvgl/CMakeFiles/__idf_lvgl__lvgl.dir/examples/widgets/roller/lv_example_roller_styling.c.obj
[1943/2115] Building C object esp-idf/lvgl__lvgl/CMakeFiles/__idf_lvgl__lvgl.dir/examples/widgets/roller/lv_example_roller_fade_mask.c.obj
[1944/2115] Building C object esp-idf/lvgl__lvgl/CMakeFiles/__idf_lvgl__lvgl.dir/examples/widgets/roller/lv_example_roller_visible_rows.c.obj
[1945/2115] Building C object esp-idf/lvgl__lvgl/CMakeFiles/__idf_lvgl__lvgl.dir/examples/widgets/scale/lv_example_scale_bind_section.c.obj
[1946/2115] Building C object esp-idf/lvgl__lvgl/CMakeFiles/__idf_lvgl__lvgl.dir/examples/widgets/scale/lv_example_scale_compass.c.obj
[1947/2115] Building C object esp-idf/lvgl__lvgl/CMakeFiles/__idf_lvgl__lvgl.dir/examples/widgets/scale/lv_example_scale_heart_rate.c.obj
[1948/2115] Building C object esp-idf/lvgl__lvgl/CMakeFiles/__idf_lvgl__lvgl.dir/examples/widgets/scale/lv_example_scale_modes.c.obj
[1949/2115] Building C object esp-idf/lvgl__lvgl/CMakeFiles/__idf_lvgl__lvgl.dir/examples/widgets/scale/lv_example_scale_label_recolor.c.obj
[1950/2115] Building C object esp-idf/lvgl__lvgl/CMakeFiles/__idf_lvgl__lvgl.dir/examples/widgets/scale/lv_example_scale_needles.c.obj
[1951/2115] Building C object esp-idf/lvgl__lvgl/CMakeFiles/__idf_lvgl__lvgl.dir/examples/widgets/scale/lv_example_scale_range.c.obj
[1952/2115] Building C object esp-idf/lvgl__lvgl/CMakeFiles/__idf_lvgl__lvgl.dir/examples/widgets/scale/lv_example_scale_styling.c.obj
[1953/2115] Building C object esp-idf/lvgl__lvgl/CMakeFiles/__idf_lvgl__lvgl.dir/examples/widgets/scale/lv_example_scale_sunset_sunrise.c.obj
[1954/2115] Building C object esp-idf/lvgl__lvgl/CMakeFiles/__idf_lvgl__lvgl.dir/examples/widgets/scale/lv_example_scale_ticks.c.obj
[1955/2115] Building C object esp-idf/lvgl__lvgl/CMakeFiles/__idf_lvgl__lvgl.dir/examples/widgets/slider/lv_example_slider_bind_state.c.obj
[1956/2115] Building C object esp-idf/lvgl__lvgl/CMakeFiles/__idf_lvgl__lvgl.dir/examples/widgets/slider/lv_example_slider_bind_value.c.obj
[1957/2115] Building C object esp-idf/lvgl__lvgl/CMakeFiles/__idf_lvgl__lvgl.dir/examples/widgets/slider/lv_example_slider_event.c.obj
[1958/2115] Building C object esp-idf/lvgl__lvgl/CMakeFiles/__idf_lvgl__lvgl.dir/examples/widgets/slider/lv_example_slider_img_indicator.c.obj
[1959/2115] Building C object esp-idf/lvgl__lvgl/CMakeFiles/__idf_lvgl__lvgl.dir/examples/widgets/slider/lv_example_slider_modes.c.obj
[1960/2115] Building C object esp-idf/lvgl__lvgl/CMakeFiles/__idf_lvgl__lvgl.dir/examples/widgets/slider/lv_example_slider_reversed_direction.c.obj
[1961/2115] Building C object esp-idf/lvgl__lvgl/CMakeFiles/__idf_lvgl__lvgl.dir/examples/widgets/slider/lv_example_slider_styling.c.obj
[1962/2115] Building C object esp-idf/lvgl__lvgl/CMakeFiles/__idf_lvgl__lvgl.dir/examples/widgets/slider/lv_example_slider_value_range_orientation.c.obj
[1963/2115] Building C object esp-idf/lvgl__lvgl/CMakeFiles/__idf_lvgl__lvgl.dir/examples/widgets/span/lv_example_span_hittest.c.obj
[1964/2115] Building C object esp-idf/lvgl__lvgl/CMakeFiles/__idf_lvgl__lvgl.dir/examples/widgets/span/lv_example_span_styling.c.obj
[1965/2115] Building C object esp-idf/lvgl__lvgl/CMakeFiles/__idf_lvgl__lvgl.dir/examples/widgets/spinbox/lv_example_spinbox_format.c.obj
[1966/2115] Building C object esp-idf/lvgl__lvgl/CMakeFiles/__idf_lvgl__lvgl.dir/examples/widgets/spinbox/lv_example_spinbox_bind_value.c.obj
[1967/2115] Building C object esp-idf/lvgl__lvgl/CMakeFiles/__idf_lvgl__lvgl.dir/examples/widgets/spinbox/lv_example_spinbox_styling.c.obj
[1968/2115] Building C object esp-idf/lvgl__lvgl/CMakeFiles/__idf_lvgl__lvgl.dir/examples/widgets/spinbox/lv_example_spinbox_rollover.c.obj
[1969/2115] Building C object esp-idf/lvgl__lvgl/CMakeFiles/__idf_lvgl__lvgl.dir/examples/widgets/spinbox/lv_example_spinbox_value.c.obj
[1970/2115] Building C object esp-idf/lvgl__lvgl/CMakeFiles/__idf_lvgl__lvgl.dir/examples/widgets/spinbox/lv_example_spinbox_with_buttons.c.obj
[1971/2115] Building C object esp-idf/lvgl__lvgl/CMakeFiles/__idf_lvgl__lvgl.dir/examples/widgets/switch/lv_example_switch_event.c.obj
[1972/2115] Building C object esp-idf/lvgl__lvgl/CMakeFiles/__idf_lvgl__lvgl.dir/examples/widgets/spinner/lv_example_spinner_styling.c.obj
[1973/2115] Building C object esp-idf/lvgl__lvgl/CMakeFiles/__idf_lvgl__lvgl.dir/examples/widgets/spinner/lv_example_spinner_basic.c.obj
[1974/2115] Building C object esp-idf/lvgl__lvgl/CMakeFiles/__idf_lvgl__lvgl.dir/examples/widgets/switch/lv_example_switch_orientation.c.obj
[1975/2115] Building C object esp-idf/lvgl__lvgl/CMakeFiles/__idf_lvgl__lvgl.dir/examples/widgets/switch/lv_example_switch_state.c.obj
[1976/2115] Building C object esp-idf/lvgl__lvgl/CMakeFiles/__idf_lvgl__lvgl.dir/examples/widgets/switch/lv_example_switch_styling.c.obj
[1977/2115] Building C object esp-idf/lvgl__lvgl/CMakeFiles/__idf_lvgl__lvgl.dir/examples/widgets/table/lv_example_table_file_browser.c.obj
[1978/2115] Building C object esp-idf/lvgl__lvgl/CMakeFiles/__idf_lvgl__lvgl.dir/examples/widgets/table/lv_example_table_cells.c.obj
[1979/2115] Building C object esp-idf/lvgl__lvgl/CMakeFiles/__idf_lvgl__lvgl.dir/examples/widgets/table/lv_example_table_rows_columns.c.obj
[1980/2115] Building C object esp-idf/lvgl__lvgl/CMakeFiles/__idf_lvgl__lvgl.dir/examples/widgets/table/lv_example_table_merge_cells.c.obj
[1981/2115] Building C object esp-idf/lvgl__lvgl/CMakeFiles/__idf_lvgl__lvgl.dir/examples/widgets/table/lv_example_table_scroll.c.obj
[1982/2115] Building C object esp-idf/lvgl__lvgl/CMakeFiles/__idf_lvgl__lvgl.dir/examples/widgets/table/lv_example_table_scrollable_list.c.obj
[1983/2115] Building C object esp-idf/lvgl__lvgl/CMakeFiles/__idf_lvgl__lvgl.dir/examples/widgets/table/lv_example_table_styling.c.obj
[1984/2115] Building C object esp-idf/lvgl__lvgl/CMakeFiles/__idf_lvgl__lvgl.dir/examples/widgets/table/lv_example_table_width.c.obj
[1985/2115] Building C object esp-idf/lvgl__lvgl/CMakeFiles/__idf_lvgl__lvgl.dir/examples/widgets/tabview/lv_example_tabview_basic.c.obj
[1986/2115] Building C object esp-idf/lvgl__lvgl/CMakeFiles/__idf_lvgl__lvgl.dir/examples/widgets/tabview/lv_example_tabview_active_tab.c.obj
[1987/2115] Building C object esp-idf/lvgl__lvgl/CMakeFiles/__idf_lvgl__lvgl.dir/examples/widgets/tabview/lv_example_tabview_tab_button_content.c.obj
[1988/2115] Building C object esp-idf/lvgl__lvgl/CMakeFiles/__idf_lvgl__lvgl.dir/examples/widgets/tabview/lv_example_tabview_tab_bar_style.c.obj
[1989/2115] Building C object esp-idf/lvgl__lvgl/CMakeFiles/__idf_lvgl__lvgl.dir/examples/widgets/tabview/lv_example_tabview_tab_bar_position.c.obj
[1990/2115] Building C object esp-idf/lvgl__lvgl/CMakeFiles/__idf_lvgl__lvgl.dir/examples/widgets/textarea/lv_example_textarea_buttonmatrix.c.obj
[1991/2115] Building C object esp-idf/lvgl__lvgl/CMakeFiles/__idf_lvgl__lvgl.dir/examples/widgets/textarea/lv_example_textarea_cursor.c.obj
[1992/2115] Building C object esp-idf/lvgl__lvgl/CMakeFiles/__idf_lvgl__lvgl.dir/examples/widgets/textarea/lv_example_textarea_format.c.obj
[1993/2115] Building C object esp-idf/lvgl__lvgl/CMakeFiles/__idf_lvgl__lvgl.dir/examples/widgets/textarea/lv_example_textarea_password.c.obj
[1994/2115] Building C object esp-idf/lvgl__lvgl/CMakeFiles/__idf_lvgl__lvgl.dir/examples/widgets/tileview/lv_example_tileview_l_shape.c.obj
[1995/2115] Building C object esp-idf/lvgl__lvgl/CMakeFiles/__idf_lvgl__lvgl.dir/examples/widgets/textarea/lv_example_textarea_placeholder.c.obj
[1996/2115] Building C object esp-idf/lvgl__lvgl/CMakeFiles/__idf_lvgl__lvgl.dir/demos/lv_demos.c.obj
[1997/2115] Building C object esp-idf/lvgl__lvgl/CMakeFiles/__idf_lvgl__lvgl.dir/examples/widgets/win/lv_example_win_toolbar.c.obj
[1998/2115] Building C object esp-idf/espressif__esp_lvgl_port/CMakeFiles/lvgl_port_lib.dir/src/lvgl9/esp_lvgl_port_button.c.obj
[1999/2115] Building C object esp-idf/espressif__esp_lvgl_port/CMakeFiles/lvgl_port_lib.dir/src/lvgl9/esp_lvgl_port.c.obj
[2000/2115] Building C object esp-idf/espressif__esp_lvgl_port/CMakeFiles/lvgl_port_lib.dir/src/lvgl9/esp_lvgl_port_touch.c.obj
[2001/2115] Building C object esp-idf/espressif__led_strip/CMakeFiles/__idf_espressif__led_strip.dir/src/led_strip_api.c.obj
[2002/2115] Building C object esp-idf/espressif__led_strip/CMakeFiles/__idf_espressif__led_strip.dir/src/led_strip_rmt_dev.c.obj
[2003/2115] Building C object esp-idf/espressif__led_strip/CMakeFiles/__idf_espressif__led_strip.dir/src/led_strip_rmt_encoder.c.obj
[2004/2115] Building C object esp-idf/espressif__esp_lvgl_port/CMakeFiles/lvgl_port_lib.dir/src/lvgl9/esp_lvgl_port_disp.c.obj
[2005/2115] Building C object esp-idf/espressif__led_indicator/CMakeFiles/__idf_espressif__led_indicator.dir/src/led_gamma.c.obj
[2006/2115] Building C object esp-idf/espressif__led_indicator/CMakeFiles/__idf_espressif__led_indicator.dir/src/led_indicator_ledc.c.obj
[2007/2115] Building C object esp-idf/espressif__led_indicator/CMakeFiles/__idf_espressif__led_indicator.dir/src/led_indicator_gpio.c.obj
[2008/2115] Building C object esp-idf/espressif__led_strip/CMakeFiles/__idf_espressif__led_strip.dir/src/led_strip_spi_dev.c.obj
[2009/2115] Building C object esp-idf/espressif__led_indicator/CMakeFiles/__idf_espressif__led_indicator.dir/src/led_indicator_blink_default.c.obj
[2010/2115] Linking C static library esp-idf/espressif__led_strip/libespressif__led_strip.a
[2011/2115] Building C object esp-idf/espressif__led_indicator/CMakeFiles/__idf_espressif__led_indicator.dir/src/led_convert.c.obj
[2012/2115] Building C object esp-idf/espressif__led_indicator/CMakeFiles/__idf_espressif__led_indicator.dir/src/led_indicator_rgb.c.obj
[2013/2115] Building C object esp-idf/espressif__led_indicator/CMakeFiles/__idf_espressif__led_indicator.dir/src/led_indicator_strips.c.obj
[2014/2115] Linking C static library esp-idf/lvgl__lvgl/liblvgl__lvgl.a
[2015/2115] Building C object esp-idf/espressif__esp_lcd_ili9341/CMakeFiles/__idf_espressif__esp_lcd_ili9341.dir/esp_lcd_ili9341.c.obj
[2016/2115] Linking C static library esp-idf/espressif__esp_lcd_ili9341/libespressif__esp_lcd_ili9341.a
[2017/2115] Building C object esp-idf/espressif__led_indicator/CMakeFiles/__idf_espressif__led_indicator.dir/src/led_indicator.c.obj
[2018/2115] Linking C static library esp-idf/espressif__led_indicator/libespressif__led_indicator.a
[2019/2115] Building C object esp-idf/espressif__esp_lcd_touch_cst816s/CMakeFiles/__idf_espressif__esp_lcd_touch_cst816s.dir/esp_lcd_touch_cst816s.c.obj
[2020/2115] Building C object esp-idf/espressif__esp_lcd_touch_ft5x06/CMakeFiles/__idf_espressif__esp_lcd_touch_ft5x06.dir/esp_lcd_touch_ft5x06.c.obj
[2021/2115] Building C object esp-idf/espressif__esp_lcd_touch_gt1151/CMakeFiles/__idf_espressif__esp_lcd_touch_gt1151.dir/esp_lcd_touch_gt1151.c.obj
[2022/2115] Building C object esp-idf/espressif__esp_lcd_touch/CMakeFiles/__idf_espressif__esp_lcd_touch.dir/esp_lcd_touch.c.obj
[2023/2115] Linking C static library esp-idf/espressif__esp_lcd_touch/libespressif__esp_lcd_touch.a
[2024/2115] Linking CXX static library esp-idf/espressif__esp_lvgl_port/liblvgl_port_lib.a
[2025/2115] Building C object esp-idf/espressif__esp_bsp_generic/CMakeFiles/__idf_espressif__esp_bsp_generic.dir/src/led_blink_defaults.c.obj
[2026/2115] Linking C static library esp-idf/espressif__esp_lcd_touch_cst816s/libespressif__esp_lcd_touch_cst816s.a
[2027/2115] Linking C static library esp-idf/espressif__esp_lcd_touch_ft5x06/libespressif__esp_lcd_touch_ft5x06.a
[2028/2115] Building C object esp-idf/espressif__esp_lcd_touch_tt21100/CMakeFiles/__idf_espressif__esp_lcd_touch_tt21100.dir/esp_lcd_touch_tt21100.c.obj
[2029/2115] Linking C static library esp-idf/espressif__esp_lcd_touch_gt1151/libespressif__esp_lcd_touch_gt1151.a
[2030/2115] Linking C static library esp-idf/espressif__esp_lcd_touch_tt21100/libespressif__esp_lcd_touch_tt21100.a
[2031/2115] Building C object esp-idf/espressif__esp_bsp_generic/CMakeFiles/__idf_espressif__esp_bsp_generic.dir/src/esp_bsp_generic.c.obj
[2032/2115] Building C object esp-idf/espressif__esp_lcd_touch_gt911/CMakeFiles/__idf_espressif__esp_lcd_touch_gt911.dir/esp_lcd_touch_gt911.c.obj
[2033/2115] Linking C static library esp-idf/espressif__esp_lcd_touch_gt911/libespressif__esp_lcd_touch_gt911.a
[2034/2115] Linking C static library esp-idf/espressif__esp_bsp_generic/libespressif__esp_bsp_generic.a
[2035/2115] Building C object esp-idf/joltwallet__littlefs/CMakeFiles/__idf_joltwallet__littlefs.dir/src/littlefs/lfs_util.c.obj
[2036/2115] Building C object esp-idf/joltwallet__littlefs/CMakeFiles/__idf_joltwallet__littlefs.dir/src/lfs_config.c.obj
[2037/2115] Building C object esp-idf/joltwallet__littlefs/CMakeFiles/__idf_joltwallet__littlefs.dir/src/littlefs_esp_part.c.obj
[2038/2115] Building C object esp-idf/joltwallet__littlefs/CMakeFiles/__idf_joltwallet__littlefs.dir/src/esp_littlefs.c.obj
[2039/2115] Building C object esp-idf/joltwallet__littlefs/CMakeFiles/__idf_joltwallet__littlefs.dir/src/littlefs/lfs.c.obj
[2040/2115] Linking C static library esp-idf/joltwallet__littlefs/libjoltwallet__littlefs.a
[2041/2115] Performing build step for 'chip_gn'
FAILED: esp-idf/chip/chip_gn-prefix/src/chip_gn-stamp/chip_gn-build esp-idf/chip/lib/libCHIP.a /home/ludovic/dev/matter-esp32-home-energy-manager/firmware/build/esp-idf/chip/chip_gn-prefix/src/chip_gn-stamp/chip_gn-build /home/ludovic/dev/matter-esp32-home-energy-manager/firmware/build/esp-idf/chip/lib/libCHIP.a 
cd /home/ludovic/dev/matter-esp32-home-energy-manager/firmware/build/esp-idf/chip && ninja esp32
[1/1549] stamp obj/mbedtls/mbedtls.stamp
[2/1549] stamp obj/third_party/connectedhomeip/src/app/event-reporter.stamp
[3/1549] stamp obj/third_party/connectedhomeip/src/app/test-event-trigger.stamp
[4/1549] stamp obj/third_party/connectedhomeip/src/app/clusters/general-commissioning-server/bread-crumb-tracker.stamp
[5/1549] stamp obj/third_party/connectedhomeip/src/app/clusters/identify-server/delegates.stamp
[6/1549] stamp obj/third_party/connectedhomeip/src/app/clusters/mode-base-server/mode-base-server.stamp
[7/1549] stamp obj/third_party/connectedhomeip/src/app/clusters/network-commissioning/constants.stamp
[8/1549] stamp obj/third_party/connectedhomeip/src/app/clusters/operational-state-server/operational-state-server.stamp
[9/1549] stamp obj/third_party/connectedhomeip/src/app/common/attribute-type.stamp
[10/1549] stamp obj/third_party/connectedhomeip/src/app/icd/server/observer.stamp
[11/1549] stamp obj/third_party/connectedhomeip/src/ble/ble.stamp
[12/1549] stamp obj/third_party/connectedhomeip/src/controller/delegates.stamp
[13/1549] ACTION //third_party/connectedhomeip/src/access:gen_access_buildconfig(//third_party/connectedhomeip/config/esp32/toolchain:esp32)
[14/1549] stamp obj/third_party/connectedhomeip/src/access/gen_access_buildconfig.stamp
[15/1549] ACTION //third_party/connectedhomeip/src/app:gen_app_buildconfig(//third_party/connectedhomeip/config/esp32/toolchain:esp32)
[16/1549] stamp obj/third_party/connectedhomeip/src/access/access_buildconfig.stamp
[17/1549] stamp obj/third_party/connectedhomeip/src/access/access_config.stamp
[18/1549] stamp obj/third_party/connectedhomeip/src/app/gen_app_buildconfig.stamp
[19/1549] ACTION //third_party/connectedhomeip/src/ble:gen_ble_buildconfig(//third_party/connectedhomeip/config/esp32/toolchain:esp32)
[20/1549] stamp obj/third_party/connectedhomeip/src/app/app_buildconfig.stamp
[21/1549] stamp obj/third_party/connectedhomeip/src/ble/gen_ble_buildconfig.stamp
[22/1549] ACTION //third_party/connectedhomeip/src/app/icd/server:gen_icd-server-buildconfig(//third_party/connectedhomeip/config/esp32/toolchain:esp32)
[23/1549] stamp obj/third_party/connectedhomeip/src/ble/ble_buildconfig.stamp
[24/1549] ACTION //third_party/connectedhomeip/src/crypto:gen_crypto_buildconfig(//third_party/connectedhomeip/config/esp32/toolchain:esp32)
[25/1549] stamp obj/third_party/connectedhomeip/src/app/app_config.stamp
[26/1549] stamp obj/third_party/connectedhomeip/src/app/icd/server/gen_icd-server-buildconfig.stamp
[27/1549] ACTION //third_party/connectedhomeip/src/credentials:gen_build_time_header(//third_party/connectedhomeip/config/esp32/toolchain:esp32)
[28/1549] stamp obj/third_party/connectedhomeip/src/crypto/gen_crypto_buildconfig.stamp
[29/1549] stamp obj/third_party/connectedhomeip/src/app/icd/server/icd-server-buildconfig.stamp
[30/1549] stamp obj/third_party/connectedhomeip/src/crypto/crypto_buildconfig.stamp
[31/1549] stamp obj/third_party/connectedhomeip/src/credentials/gen_build_time_header.stamp
[32/1549] stamp obj/third_party/connectedhomeip/src/app/icd/server/icd-server-config.stamp
[33/1549] ACTION //third_party/connectedhomeip/src/data-model-providers/codegen:gen_processing-buildconfig(//third_party/connectedhomeip/config/esp32/toolchain:esp32)
[34/1549] stamp obj/third_party/connectedhomeip/src/credentials/build_time_header.stamp
[35/1549] stamp obj/third_party/connectedhomeip/src/data-model-providers/codegen/gen_processing-buildconfig.stamp
[36/1549] stamp obj/third_party/connectedhomeip/src/lib/dnssd/types.stamp
[37/1549] stamp obj/third_party/connectedhomeip/src/data-model-providers/codegen/processing-buildconfig.stamp
[38/1549] stamp obj/third_party/connectedhomeip/src/lib/support/attributes.stamp
[39/1549] stamp obj/third_party/connectedhomeip/src/data-model-providers/codegen/processing-config.stamp
[40/1549] stamp obj/third_party/connectedhomeip/src/lib/support/fixedbuffer.stamp
[41/1549] stamp obj/third_party/connectedhomeip/src/lib/support/logging_constants.stamp
[42/1549] stamp obj/third_party/connectedhomeip/src/lib/support/safeint.stamp
[43/1549] stamp obj/third_party/connectedhomeip/src/lib/support/static-support.stamp
[44/1549] ACTION //third_party/connectedhomeip/src/lib/core:gen_chip_buildconfig(//third_party/connectedhomeip/config/esp32/toolchain:esp32)
[45/1549] ACTION //third_party/connectedhomeip/src/lib/dnssd/minimal_mdns:gen_minmdns_buildconfig(//third_party/connectedhomeip/config/esp32/toolchain:esp32)
[46/1549] ACTION //third_party/connectedhomeip/src/inet:gen_inet_buildconfig(//third_party/connectedhomeip/config/esp32/toolchain:esp32)
[47/1549] stamp obj/third_party/connectedhomeip/src/lib/core/gen_chip_buildconfig.stamp
[48/1549] ACTION //third_party/connectedhomeip/src/lib/asn1:gen_asn1oid(//third_party/connectedhomeip/config/esp32/toolchain:esp32)
[49/1549] stamp obj/third_party/connectedhomeip/src/lib/support/testing.stamp
[50/1549] stamp obj/third_party/connectedhomeip/src/lib/dnssd/minimal_mdns/gen_minmdns_buildconfig.stamp
[51/1549] stamp obj/third_party/connectedhomeip/src/inet/gen_inet_buildconfig.stamp
[52/1549] stamp obj/third_party/connectedhomeip/src/lib/core/chip_buildconfig.stamp
[53/1549] stamp obj/third_party/connectedhomeip/src/lib/asn1/gen_asn1oid.stamp
[54/1549] stamp obj/third_party/connectedhomeip/src/lib/support/type-traits.stamp
[55/1549] stamp obj/third_party/connectedhomeip/src/inet/inet_buildconfig.stamp
[56/1549] stamp obj/third_party/connectedhomeip/src/platform/logging/headers.stamp
[57/1549] stamp obj/third_party/connectedhomeip/src/lib/dnssd/minimal_mdns/minmdns_buildconfig.stamp
[58/1549] stamp obj/third_party/connectedhomeip/src/lib/asn1/asn1oid_header.stamp
[59/1549] stamp obj/third_party/connectedhomeip/src/protocols/type_definitions.stamp
[60/1549] stamp obj/third_party/connectedhomeip/src/lib/dnssd/minimal_mdns/config.stamp
[61/1549] ACTION //third_party/connectedhomeip/src/lib/support:gen_chip_version(//third_party/connectedhomeip/config/esp32/toolchain:esp32)
[62/1549] stamp obj/third_party/connectedhomeip/src/lib/support/gen_chip_version.stamp
[63/1549] stamp obj/third_party/connectedhomeip/src/lib/support/chip_version_header.stamp
[64/1549] ACTION //third_party/connectedhomeip/src/lwip:gen_lwip_buildconfig(//third_party/connectedhomeip/config/esp32/toolchain:esp32)
[65/1549] ACTION //third_party/connectedhomeip/src/platform:gen_platform_buildconfig(//third_party/connectedhomeip/config/esp32/toolchain:esp32)
[66/1549] ACTION //third_party/connectedhomeip/src/setup_payload:gen_additional_data_payload_buildconfig(//third_party/connectedhomeip/config/esp32/toolchain:esp32)
[67/1549] stamp obj/third_party/connectedhomeip/src/tracing/none/none.stamp
[68/1549] stamp obj/third_party/connectedhomeip/src/lwip/gen_lwip_buildconfig.stamp
[69/1549] stamp obj/third_party/connectedhomeip/src/platform/gen_platform_buildconfig.stamp
[70/1549] stamp obj/third_party/connectedhomeip/src/lwip/lwip_buildconfig.stamp
[71/1549] stamp obj/third_party/connectedhomeip/src/setup_payload/gen_additional_data_payload_buildconfig.stamp
[72/1549] stamp obj/third_party/connectedhomeip/third_party/mbedtls/mbedtls.stamp
[73/1549] stamp obj/third_party/connectedhomeip/src/platform/platform_buildconfig.stamp
[74/1549] stamp obj/third_party/connectedhomeip/third_party/nlio/nlio.stamp
[75/1549] stamp obj/third_party/connectedhomeip/src/lwip/lwip.stamp
[76/1549] stamp obj/third_party/connectedhomeip/src/setup_payload/additional_data_payload_buildconfig.stamp
[77/1549] stamp obj/third_party/connectedhomeip/src/platform/platform_config_header.stamp
[78/1549] stamp obj/third_party/connectedhomeip/src/lib/core/encoding.stamp
[79/1549] stamp obj/third_party/connectedhomeip/third_party/lwip/lwip.stamp
[80/1549] ACTION //third_party/connectedhomeip/src/system:gen_system_buildconfig(//third_party/connectedhomeip/config/esp32/toolchain:esp32)
[81/1549] ACTION //third_party/connectedhomeip/src/tracing:gen_tracing_buildconfig(//third_party/connectedhomeip/config/esp32/toolchain:esp32)
[82/1549] stamp obj/third_party/connectedhomeip/src/system/gen_system_buildconfig.stamp
[83/1549] stamp obj/third_party/connectedhomeip/src/app/attribute-persistence.inputdeps.stamp
[84/1549] stamp obj/third_party/connectedhomeip/src/tracing/gen_tracing_buildconfig.stamp
[85/1549] stamp obj/third_party/connectedhomeip/src/access/access.inputdeps.stamp
[86/1549] cc obj/third_party/connectedhomeip/third_party/uriparser/repo/src/uriparser.UriCopy.c.o
[87/1549] cc obj/third_party/connectedhomeip/third_party/uriparser/repo/src/uriparser.UriCompare.c.o
[88/1549] cc obj/third_party/connectedhomeip/third_party/uriparser/repo/src/uriparser.UriEscape.c.o
[89/1549] cc obj/third_party/connectedhomeip/third_party/uriparser/repo/src/uriparser.UriCommon.c.o
[90/1549] stamp obj/third_party/connectedhomeip/src/app/app.inputdeps.stamp
[91/1549] c++ obj/third_party/connectedhomeip/src/app/attribute-persistence.SafeAttributePersistenceProvider.cpp.o
[92/1549] c++ obj/third_party/connectedhomeip/src/access/examples/libaccess.GroupAuxiliaryAccessControlDelegateImpl.cpp.o
[93/1549] c++ obj/third_party/connectedhomeip/src/access/examples/libaccess.PermissiveAccessControlDelegate.cpp.o
[94/1549] c++ obj/third_party/connectedhomeip/src/access/libaccess.AccessControl.cpp.o
[95/1549] c++ obj/third_party/connectedhomeip/src/access/examples/libaccess.ExampleAccessControlDelegate.cpp.o
[96/1549] c++ obj/third_party/connectedhomeip/src/app/libCHIPDataModel.ChunkedWriteCallback.cpp.o
[97/1549] c++ obj/third_party/connectedhomeip/src/app/libCHIPDataModel.FailSafeContext.cpp.o
[98/1549] c++ obj/third_party/connectedhomeip/src/app/libCHIPDataModel.CommandResponseSender.cpp.o
[99/1549] stamp obj/third_party/connectedhomeip/src/app/attribute-access.inputdeps.stamp
[100/1549] c++ obj/third_party/connectedhomeip/src/app/libCHIPDataModel.EventManagement.cpp.o
[101/1549] c++ obj/third_party/connectedhomeip/src/app/libCHIPDataModel.ReadHandler.cpp.o
[102/1549] c++ obj/third_party/connectedhomeip/src/app/libCHIPDataModel.BufferedReadCallback.cpp.o
[103/1549] stamp obj/third_party/connectedhomeip/src/app/command-handler.inputdeps.stamp
[104/1549] c++ obj/third_party/connectedhomeip/src/app/libCHIPDataModel.WriteHandler.cpp.o
[105/1549] stamp obj/third_party/connectedhomeip/src/app/command-handler-impl.inputdeps.stamp
[106/1549] c++ obj/third_party/connectedhomeip/src/app/attribute-access.AttributeAccessInterfaceRegistry.cpp.o
[107/1549] stamp obj/third_party/connectedhomeip/src/app/command-handler-interface.inputdeps.stamp
[108/1549] c++ obj/third_party/connectedhomeip/src/app/attribute-access.AttributeReportBuilder.cpp.o
[109/1549] stamp obj/third_party/connectedhomeip/src/app/global-attributes.inputdeps.stamp
[110/1549] c++ obj/third_party/connectedhomeip/src/app/attribute-access.AttributeValueEncoder.cpp.o
[111/1549] stamp obj/third_party/connectedhomeip/src/app/interaction-model.inputdeps.stamp
[112/1549] c++ obj/third_party/connectedhomeip/src/app/command-handler.CommandHandler.cpp.o
[113/1549] c++ obj/third_party/connectedhomeip/src/app/command-handler-interface.CommandHandlerInterfaceRegistry.cpp.o
[114/1549] c++ obj/third_party/connectedhomeip/src/app/global-attributes.GlobalAttributes.cpp.o
[115/1549] c++ obj/third_party/connectedhomeip/src/app/interaction-model.CASEClient.cpp.o
[116/1549] c++ obj/third_party/connectedhomeip/src/app/interaction-model.CASESessionManager.cpp.o
[117/1549] c++ obj/third_party/connectedhomeip/src/app/interaction-model.CommandSender.cpp.o
[118/1549] c++ obj/third_party/connectedhomeip/src/app/libCHIPDataModel.ClusterStateCache.cpp.o
[119/1549] c++ obj/third_party/connectedhomeip/src/app/interaction-model.DeviceProxy.cpp.o
[120/1549] c++ obj/third_party/connectedhomeip/src/app/interaction-model.PendingResponseTrackerImpl.cpp.o
[121/1549] c++ obj/third_party/connectedhomeip/src/app/interaction-model.InteractionModelDelegatePointers.cpp.o
[122/1549] c++ obj/third_party/connectedhomeip/src/app/interaction-model.TimedHandler.cpp.o
[123/1549] c++ obj/third_party/connectedhomeip/src/app/interaction-model.TimedRequest.cpp.o
[124/1549] c++ obj/third_party/connectedhomeip/src/app/command-handler-impl.CommandHandlerImpl.cpp.o
[125/1549] c++ obj/third_party/connectedhomeip/src/app/interaction-model.OperationalSessionSetup.cpp.o
[126/1549] c++ obj/third_party/connectedhomeip/src/app/interaction-model.WriteClient.cpp.o
[127/1549] c++ obj/third_party/connectedhomeip/src/app/reporting/interaction-model.reporting.cpp.o
[128/1549] c++ obj/third_party/connectedhomeip/src/app/reporting/interaction-model.ReportSchedulerImpl.cpp.o
[129/1549] c++ obj/third_party/connectedhomeip/src/app/reporting/interaction-model.SynchronizedReportSchedulerImpl.cpp.o
[130/1549] stamp obj/third_party/connectedhomeip/src/app/path-expansion.inputdeps.stamp
[131/1549] c++ obj/third_party/connectedhomeip/src/app/path-expansion.AttributePathExpandIterator.cpp.o
[132/1549] stamp obj/third_party/connectedhomeip/src/app/status-response.inputdeps.stamp
[133/1549] c++ obj/third_party/connectedhomeip/src/app/interaction-model.SimpleSubscriptionResumptionStorage.cpp.o
[134/1549] stamp obj/third_party/connectedhomeip/src/app/storage-wrapper.inputdeps.stamp
[135/1549] c++ obj/third_party/connectedhomeip/src/app/interaction-model.SubscriptionResumptionSessionEstablisher.cpp.o
[136/1549] stamp obj/third_party/connectedhomeip/src/app/MessageDef/MessageDef.inputdeps.stamp
[137/1549] c++ obj/third_party/connectedhomeip/src/app/storage-wrapper.StorageDelegateWrapper.cpp.o
[138/1549] c++ obj/third_party/connectedhomeip/src/app/MessageDef/MessageDef.ArrayParser.cpp.o
[139/1549] c++ obj/third_party/connectedhomeip/src/app/status-response.StatusResponse.cpp.o
[140/1549] c++ obj/third_party/connectedhomeip/src/app/MessageDef/MessageDef.ArrayBuilder.cpp.o
[141/1549] c++ obj/third_party/connectedhomeip/src/app/interaction-model.InteractionModelEngine.cpp.o
[142/1549] c++ obj/third_party/connectedhomeip/src/app/MessageDef/MessageDef.AttributeDataIB.cpp.o
[143/1549] c++ obj/third_party/connectedhomeip/src/app/MessageDef/MessageDef.AttributePathIBs.cpp.o
[144/1549] c++ obj/third_party/connectedhomeip/src/app/MessageDef/MessageDef.AttributeDataIBs.cpp.o
[145/1549] c++ obj/third_party/connectedhomeip/src/app/reporting/interaction-model.Engine.cpp.o
[146/1549] c++ obj/third_party/connectedhomeip/src/app/MessageDef/MessageDef.AttributePathIB.cpp.o
[147/1549] c++ obj/third_party/connectedhomeip/src/app/MessageDef/MessageDef.AttributeReportIB.cpp.o
[148/1549] c++ obj/third_party/connectedhomeip/src/app/MessageDef/MessageDef.AttributeReportIBs.cpp.o
[149/1549] c++ obj/third_party/connectedhomeip/src/app/MessageDef/MessageDef.AttributeStatusIBs.cpp.o
[150/1549] c++ obj/third_party/connectedhomeip/src/app/MessageDef/MessageDef.Builder.cpp.o
[151/1549] c++ obj/third_party/connectedhomeip/src/app/MessageDef/MessageDef.AttributeStatusIB.cpp.o
[152/1549] c++ obj/third_party/connectedhomeip/src/app/MessageDef/MessageDef.ClusterPathIB.cpp.o
[153/1549] c++ obj/third_party/connectedhomeip/src/app/MessageDef/MessageDef.CommandDataIB.cpp.o
[154/1549] c++ obj/third_party/connectedhomeip/src/app/MessageDef/MessageDef.CommandPathIB.cpp.o
[155/1549] c++ obj/third_party/connectedhomeip/src/app/MessageDef/MessageDef.DataVersionFilterIB.cpp.o
[156/1549] c++ obj/third_party/connectedhomeip/src/app/MessageDef/MessageDef.CommandStatusIB.cpp.o
[157/1549] c++ obj/third_party/connectedhomeip/src/app/MessageDef/MessageDef.DataVersionFilterIBs.cpp.o
[158/1549] c++ obj/third_party/connectedhomeip/src/app/MessageDef/MessageDef.EventFilterIB.cpp.o
[159/1549] c++ obj/third_party/connectedhomeip/src/app/interaction-model.ReadClient.cpp.o
[160/1549] c++ obj/third_party/connectedhomeip/src/app/MessageDef/MessageDef.EventFilterIBs.cpp.o
[161/1549] c++ obj/third_party/connectedhomeip/src/app/MessageDef/MessageDef.EventPathIB.cpp.o
[162/1549] c++ obj/third_party/connectedhomeip/src/app/MessageDef/MessageDef.EventPathIBs.cpp.o
[163/1549] c++ obj/third_party/connectedhomeip/src/app/MessageDef/MessageDef.EventDataIB.cpp.o
[164/1549] c++ obj/third_party/connectedhomeip/src/app/MessageDef/MessageDef.EventReportIBs.cpp.o
[165/1549] c++ obj/third_party/connectedhomeip/src/app/MessageDef/MessageDef.EventStatusIB.cpp.o
[166/1549] c++ obj/third_party/connectedhomeip/src/app/MessageDef/MessageDef.EventReportIB.cpp.o
[167/1549] c++ obj/third_party/connectedhomeip/src/app/MessageDef/MessageDef.InvokeRequestMessage.cpp.o
[168/1549] c++ obj/third_party/connectedhomeip/src/app/MessageDef/MessageDef.InvokeRequests.cpp.o
[169/1549] c++ obj/third_party/connectedhomeip/src/app/MessageDef/MessageDef.InvokeResponseIB.cpp.o
[170/1549] c++ obj/third_party/connectedhomeip/src/app/MessageDef/MessageDef.InvokeResponseIBs.cpp.o
[171/1549] c++ obj/third_party/connectedhomeip/src/app/MessageDef/MessageDef.ListParser.cpp.o
[172/1549] c++ obj/third_party/connectedhomeip/src/app/MessageDef/MessageDef.MessageDefHelper.cpp.o
[173/1549] c++ obj/third_party/connectedhomeip/src/app/MessageDef/MessageDef.ListBuilder.cpp.o
[174/1549] c++ obj/third_party/connectedhomeip/src/app/MessageDef/MessageDef.MessageBuilder.cpp.o
[175/1549] c++ obj/third_party/connectedhomeip/src/app/MessageDef/MessageDef.InvokeResponseMessage.cpp.o
[176/1549] c++ obj/third_party/connectedhomeip/src/app/MessageDef/MessageDef.MessageParser.cpp.o
[177/1549] c++ obj/third_party/connectedhomeip/src/app/MessageDef/MessageDef.Parser.cpp.o
[178/1549] c++ obj/third_party/connectedhomeip/src/app/MessageDef/MessageDef.StatusResponseMessage.cpp.o
[179/1549] c++ obj/third_party/connectedhomeip/src/app/MessageDef/MessageDef.ReportDataMessage.cpp.o
[180/1549] c++ obj/third_party/connectedhomeip/src/app/MessageDef/MessageDef.StatusIB.cpp.o
[181/1549] c++ obj/third_party/connectedhomeip/src/app/MessageDef/MessageDef.ReadRequestMessage.cpp.o
[182/1549] c++ obj/third_party/connectedhomeip/src/app/MessageDef/MessageDef.StructBuilder.cpp.o
[183/1549] c++ obj/third_party/connectedhomeip/src/app/MessageDef/MessageDef.SubscribeRequestMessage.cpp.o
[184/1549] stamp obj/third_party/connectedhomeip/src/app/clusters/access-control-server/access-control-event-helper.inputdeps.stamp
[185/1549] c++ obj/third_party/connectedhomeip/src/app/MessageDef/MessageDef.StructParser.cpp.o
[186/1549] stamp obj/third_party/connectedhomeip/src/app/clusters/access-control-server/access-control-server.inputdeps.stamp
[187/1549] c++ obj/third_party/connectedhomeip/src/app/MessageDef/MessageDef.SubscribeResponseMessage.cpp.o
[188/1549] stamp obj/third_party/connectedhomeip/src/app/clusters/access-control-server/arl-encoder.inputdeps.stamp
[189/1549] c++ obj/third_party/connectedhomeip/src/app/MessageDef/MessageDef.TimedRequestMessage.cpp.o
[190/1549] stamp obj/third_party/connectedhomeip/src/app/clusters/actions-server/actions-server.inputdeps.stamp
[191/1549] c++ obj/third_party/connectedhomeip/src/app/MessageDef/MessageDef.WriteRequestMessage.cpp.o
[192/1549] stamp obj/third_party/connectedhomeip/src/app/clusters/administrator-commissioning-server/administrator-commissioning-server.inputdeps.stamp
[193/1549] c++ obj/third_party/connectedhomeip/src/app/MessageDef/MessageDef.WriteResponseMessage.cpp.o
[194/1549] c++ obj/third_party/connectedhomeip/src/app/clusters/access-control-server/access-control-event-helper.AccessControlEventHelper.cpp.o
[195/1549] stamp obj/third_party/connectedhomeip/src/app/clusters/air-quality-server/air-quality-server.inputdeps.stamp
[196/1549] c++ obj/third_party/connectedhomeip/src/app/clusters/actions-server/actions-server.ActionsCluster.cpp.o
[197/1549] stamp obj/third_party/connectedhomeip/src/app/clusters/boolean-state-configuration-server/boolean-state-configuration-server.inputdeps.stamp
[198/1549] c++ obj/third_party/connectedhomeip/src/app/clusters/administrator-commissioning-server/administrator-commissioning-server.AdministratorCommissioningLogic.cpp.o
[199/1549] stamp obj/third_party/connectedhomeip/src/app/clusters/boolean-state-server/boolean-state-server.inputdeps.stamp
[200/1549] c++ obj/third_party/connectedhomeip/src/app/clusters/administrator-commissioning-server/administrator-commissioning-server.AdministratorCommissioningCluster.cpp.o
[201/1549] stamp obj/third_party/connectedhomeip/src/app/clusters/bridged-device-basic-information-server/bridged-device-basic-information-server.inputdeps.stamp
[202/1549] c++ obj/third_party/connectedhomeip/src/app/clusters/air-quality-server/air-quality-server.AirQualityCluster.cpp.o
[203/1549] stamp obj/third_party/connectedhomeip/src/app/clusters/camera-av-settings-user-level-management-server/camera-av-settings-user-level-management-server.inputdeps.stamp
[204/1549] c++ obj/third_party/connectedhomeip/src/app/clusters/boolean-state-configuration-server/boolean-state-configuration-server.BooleanStateConfigurationCluster.cpp.o
[205/1549] c++ obj/third_party/connectedhomeip/src/app/clusters/access-control-server/arl-encoder.ArlEncoder.cpp.o
[206/1549] stamp obj/third_party/connectedhomeip/src/app/clusters/chime-server/chime-server.inputdeps.stamp
[207/1549] c++ obj/third_party/connectedhomeip/src/app/clusters/bridged-device-basic-information-server/bridged-device-basic-information-server.BridgedDeviceBasicInformationCluster.cpp.o
[208/1549] stamp obj/third_party/connectedhomeip/src/app/clusters/closure-control-server/closure-control-server.inputdeps.stamp
[209/1549] c++ obj/third_party/connectedhomeip/src/app/clusters/access-control-server/access-control-server.access-control-cluster.cpp.o
[210/1549] stamp obj/third_party/connectedhomeip/src/app/clusters/closure-dimension-server/closure-dimension-server.inputdeps.stamp
[211/1549] c++ obj/third_party/connectedhomeip/src/app/clusters/chime-server/chime-server.ChimeCluster.cpp.o
[212/1549] stamp obj/third_party/connectedhomeip/src/app/clusters/commissioner-control-server/commissioner-control-server.inputdeps.stamp
[213/1549] c++ obj/third_party/connectedhomeip/src/app/clusters/closure-control-server/closure-control-server.ClosureControlCluster.cpp.o
[214/1549] stamp obj/third_party/connectedhomeip/src/app/clusters/concentration-measurement-server/concentration-measurement-server.inputdeps.stamp
[215/1549] c++ obj/third_party/connectedhomeip/src/app/clusters/boolean-state-server/boolean-state-server.BooleanStateCluster.cpp.o
[216/1549] stamp obj/third_party/connectedhomeip/src/app/clusters/descriptor/descriptor.inputdeps.stamp
[217/1549] c++ obj/third_party/connectedhomeip/src/app/clusters/camera-av-settings-user-level-management-server/camera-av-settings-user-level-management-server.CameraAvSettingsUserLevelManagementCluster.cpp.o
[218/1549] stamp obj/third_party/connectedhomeip/src/app/clusters/fan-control-server/fan-control-server.inputdeps.stamp
[219/1549] c++ obj/third_party/connectedhomeip/src/app/clusters/descriptor/descriptor.DescriptorCluster.cpp.o
[220/1549] stamp obj/third_party/connectedhomeip/src/app/clusters/flow-measurement-server/flow-measurement-server.inputdeps.stamp
[221/1549] c++ obj/third_party/connectedhomeip/src/app/clusters/commissioner-control-server/commissioner-control-server.CommissionerControlCluster.cpp.o
[222/1549] stamp obj/third_party/connectedhomeip/src/app/clusters/general-commissioning-server/general-commissioning-server.inputdeps.stamp
[223/1549] c++ obj/third_party/connectedhomeip/src/app/clusters/camera-av-settings-user-level-management-server/camera-av-settings-user-level-management-server.CameraAvSettingsUserLevelManagementLogic.cpp.o
[224/1549] stamp obj/third_party/connectedhomeip/src/app/clusters/general-diagnostics-server/general-diagnostics-server.inputdeps.stamp
[225/1549] c++ obj/third_party/connectedhomeip/src/app/clusters/flow-measurement-server/flow-measurement-server.FlowMeasurementCluster.cpp.o
[226/1549] stamp obj/third_party/connectedhomeip/src/app/clusters/group-key-mgmt-server/group-key-mgmt-server.inputdeps.stamp
[227/1549] c++ obj/third_party/connectedhomeip/src/app/clusters/concentration-measurement-server/concentration-measurement-server.ConcentrationMeasurementCluster.cpp.o
[228/1549] stamp obj/third_party/connectedhomeip/src/app/clusters/groupcast/groupcast.inputdeps.stamp
[229/1549] c++ obj/third_party/connectedhomeip/src/app/clusters/fan-control-server/fan-control-server.FanControlCluster.cpp.o
[230/1549] stamp obj/third_party/connectedhomeip/src/app/clusters/groups-server/groups-server.inputdeps.stamp
[231/1549] c++ obj/third_party/connectedhomeip/src/app/clusters/closure-dimension-server/closure-dimension-server.ClosureDimensionCluster.cpp.o
[232/1549] stamp obj/third_party/connectedhomeip/src/app/clusters/humidistat-server/humidistat-server.inputdeps.stamp
[233/1549] c++ obj/third_party/connectedhomeip/src/app/clusters/groups-server/groups-server.GroupsCluster.cpp.o
[234/1549] stamp obj/third_party/connectedhomeip/src/app/clusters/identify-server/identify-server.inputdeps.stamp
[235/1549] c++ obj/third_party/connectedhomeip/src/app/clusters/groupcast/groupcast.GroupcastCluster.cpp.o
[236/1549] stamp obj/third_party/connectedhomeip/src/app/clusters/illuminance-measurement-server/illuminance-measurement-server.inputdeps.stamp
[237/1549] c++ obj/third_party/connectedhomeip/src/app/clusters/humidistat-server/humidistat-server.HumidistatCluster.cpp.o
[238/1549] stamp obj/third_party/connectedhomeip/src/app/clusters/level-control/level-control.inputdeps.stamp
[239/1549] c++ obj/third_party/connectedhomeip/src/app/clusters/illuminance-measurement-server/illuminance-measurement-server.IlluminanceMeasurementCluster.cpp.o
[240/1549] stamp obj/third_party/connectedhomeip/src/app/clusters/microwave-oven-control-server/microwave-oven-control-server.inputdeps.stamp
[241/1549] c++ obj/third_party/connectedhomeip/src/app/clusters/microwave-oven-control-server/microwave-oven-control-server.MicrowaveOvenControlCluster.cpp.o
[242/1549] stamp obj/third_party/connectedhomeip/src/app/clusters/network-commissioning/network-commissioning.inputdeps.stamp
[243/1549] c++ obj/third_party/connectedhomeip/src/app/clusters/general-diagnostics-server/general-diagnostics-server.GeneralDiagnosticsCluster.cpp.o
[244/1549] stamp obj/third_party/connectedhomeip/src/app/clusters/network-commissioning/thread-response-encoding.inputdeps.stamp
[245/1549] c++ obj/third_party/connectedhomeip/src/app/clusters/group-key-mgmt-server/group-key-mgmt-server.GroupKeyManagementCluster.cpp.o
[246/1549] stamp obj/third_party/connectedhomeip/src/app/clusters/network-commissioning/wifi-response-encoding.inputdeps.stamp
[247/1549] c++ obj/third_party/connectedhomeip/src/app/clusters/general-commissioning-server/general-commissioning-server.GeneralCommissioningCluster.cpp.o
[248/1549] stamp obj/third_party/connectedhomeip/src/app/clusters/network-identity-management-server/network-identity-management-server.inputdeps.stamp
[249/1549] c++ obj/third_party/connectedhomeip/src/app/clusters/network-commissioning/wifi-response-encoding.WifiScanResponse.cpp.o
[250/1549] c++ obj/third_party/connectedhomeip/src/app/clusters/network-commissioning/thread-response-encoding.ThreadScanResponse.cpp.o
[251/1549] c++ obj/third_party/connectedhomeip/src/app/clusters/identify-server/identify-server.IdentifyCluster.cpp.o
[252/1549] c++ obj/third_party/connectedhomeip/src/app/clusters/network-identity-management-server/network-identity-management-server.NetworkAdministratorSecret.cpp.o
[253/1549] c++ obj/third_party/connectedhomeip/src/app/clusters/network-identity-management-server/network-identity-management-server.DefaultNetworkIdentityStorage.cpp.o
[254/1549] stamp obj/third_party/connectedhomeip/src/app/clusters/occupancy-sensor-server/occupancy-sensor-server.inputdeps.stamp
[255/1549] c++ obj/third_party/connectedhomeip/src/app/clusters/network-identity-management-server/network-identity-management-server.NetworkIdentityStorage.cpp.o
[256/1549] stamp obj/third_party/connectedhomeip/src/app/clusters/on-off-server/on-off-server.inputdeps.stamp
[257/1549] c++ obj/third_party/connectedhomeip/src/app/clusters/network-identity-management-server/network-identity-management-server.RawKeyNetworkIdentityKeystore.cpp.o
[258/1549] c++ obj/third_party/connectedhomeip/src/app/clusters/level-control/level-control.LevelControlCluster.cpp.o
[259/1549] stamp obj/third_party/connectedhomeip/src/app/clusters/operational-credentials-server/operational-credentials-server.inputdeps.stamp
[260/1549] c++ obj/third_party/connectedhomeip/src/app/clusters/network-identity-management-server/network-identity-management-server.NetworkIdentityManagementCluster.cpp.o
[261/1549] stamp obj/third_party/connectedhomeip/src/app/clusters/pressure-measurement-server/pressure-measurement-server.inputdeps.stamp
[262/1549] c++ obj/third_party/connectedhomeip/src/app/clusters/pressure-measurement-server/pressure-measurement-server.PressureMeasurementCluster.cpp.o
[263/1549] stamp obj/third_party/connectedhomeip/src/app/clusters/proximity-ranging-server/proximity-ranging-server.inputdeps.stamp
[264/1549] c++ obj/third_party/connectedhomeip/src/app/clusters/network-commissioning/network-commissioning.NetworkCommissioningCluster.cpp.o
[265/1549] stamp obj/third_party/connectedhomeip/src/app/clusters/push-av-stream-transport-server/push-av-stream-transport-server.inputdeps.stamp
[266/1549] c++ obj/third_party/connectedhomeip/src/app/clusters/occupancy-sensor-server/occupancy-sensor-server.OccupancySensingCluster.cpp.o
[267/1549] c++ obj/third_party/connectedhomeip/src/app/clusters/proximity-ranging-server/proximity-ranging-server.ProximityRangingCluster.cpp.o
[268/1549] stamp obj/third_party/connectedhomeip/src/app/clusters/relative-humidity-measurement-server/relative-humidity-measurement-server.inputdeps.stamp
[269/1549] c++ obj/third_party/connectedhomeip/src/app/clusters/on-off-server/on-off-server.OnOffLightingCluster.cpp.o
[270/1549] stamp obj/third_party/connectedhomeip/src/app/clusters/resource-monitoring-server/resource-monitoring-server.inputdeps.stamp
[271/1549] c++ obj/third_party/connectedhomeip/src/app/clusters/on-off-server/on-off-server.OnOffCluster.cpp.o
[272/1549] c++ obj/third_party/connectedhomeip/src/app/clusters/resource-monitoring-server/resource-monitoring-server.MigrateResourceMonitoringServerStorage.cpp.o
[273/1549] c++ obj/third_party/connectedhomeip/src/app/clusters/relative-humidity-measurement-server/relative-humidity-measurement-server.RelativeHumidityMeasurementCluster.cpp.o
[274/1549] stamp obj/third_party/connectedhomeip/src/app/clusters/scenes-server/scenes.inputdeps.stamp
[275/1549] c++ obj/third_party/connectedhomeip/src/app/clusters/scenes-server/scenes.ExtensionFieldSetsImpl.cpp.o
[276/1549] c++ obj/third_party/connectedhomeip/src/app/clusters/operational-credentials-server/operational-credentials-server.OperationalCredentialsCluster.cpp.o
[277/1549] c++ obj/third_party/connectedhomeip/src/app/clusters/push-av-stream-transport-server/push-av-stream-transport-server.PushAVStreamTransportCluster.cpp.o
[278/1549] stamp obj/third_party/connectedhomeip/src/app/clusters/scenes-server/scenes-server.inputdeps.stamp
[279/1549] c++ obj/third_party/connectedhomeip/src/app/clusters/resource-monitoring-server/resource-monitoring-server.resource-monitoring-cluster-objects.cpp.o
[280/1549] stamp obj/third_party/connectedhomeip/src/app/clusters/smoke-co-alarm-server/smoke-co-alarm-server.inputdeps.stamp
[281/1549] c++ obj/third_party/connectedhomeip/src/app/clusters/resource-monitoring-server/resource-monitoring-server.ResourceMonitoringCluster.cpp.o
[282/1549] stamp obj/third_party/connectedhomeip/src/app/clusters/software-diagnostics-server/software-diagnostics-server.inputdeps.stamp
[283/1549] c++ obj/third_party/connectedhomeip/src/app/clusters/smoke-co-alarm-server/smoke-co-alarm-server.SmokeCoAlarmCluster.cpp.o
[284/1549] stamp obj/third_party/connectedhomeip/src/app/clusters/software-diagnostics-server/software-fault-listener.inputdeps.stamp
[285/1549] c++ obj/third_party/connectedhomeip/src/app/clusters/scenes-server/scenes.SceneHandlerImpl.cpp.o
[286/1549] stamp obj/third_party/connectedhomeip/src/app/clusters/soil-measurement-server/soil-measurement-server.inputdeps.stamp
[287/1549] c++ obj/third_party/connectedhomeip/src/app/clusters/software-diagnostics-server/software-fault-listener.software-fault-listener.cpp.o
[288/1549] stamp obj/third_party/connectedhomeip/src/app/clusters/temperature-control-server/temperature-control-server.inputdeps.stamp
[289/1549] c++ obj/third_party/connectedhomeip/src/app/clusters/scenes-server/scenes.SceneTableImpl.cpp.o
[290/1549] stamp obj/third_party/connectedhomeip/src/app/clusters/temperature-measurement-server/temperature-measurement-server.inputdeps.stamp
[291/1549] c++ obj/third_party/connectedhomeip/src/app/clusters/push-av-stream-transport-server/push-av-stream-transport-server.PushAVStreamTransportLogic.cpp.o
[292/1549] stamp obj/third_party/connectedhomeip/src/app/clusters/thread-border-router-management-server/thread-border-router-management-server.inputdeps.stamp
[293/1549] c++ obj/third_party/connectedhomeip/src/app/clusters/temperature-measurement-server/temperature-measurement-server.TemperatureMeasurementCluster.cpp.o
[294/1549] stamp obj/third_party/connectedhomeip/src/app/clusters/thread-network-diagnostics-server/thread-network-diagnostics-server.inputdeps.stamp
[295/1549] c++ obj/third_party/connectedhomeip/src/app/clusters/software-diagnostics-server/software-diagnostics-server.SoftwareDiagnosticsCluster.cpp.o
[296/1549] c++ obj/third_party/connectedhomeip/src/app/clusters/scenes-server/scenes-server.ScenesManagementCluster.cpp.o
[297/1549] stamp obj/third_party/connectedhomeip/src/app/clusters/thread-network-directory-server/thread-network-directory-server.inputdeps.stamp
[298/1549] c++ obj/third_party/connectedhomeip/src/app/clusters/thread-network-directory-server/thread-network-directory-server.DefaultThreadNetworkDirectoryStorage.cpp.o
[299/1549] c++ obj/third_party/connectedhomeip/src/app/clusters/thread-border-router-management-server/thread-border-router-management-server.ThreadBorderRouterManagementCluster.cpp.o
[300/1549] c++ obj/third_party/connectedhomeip/src/app/clusters/soil-measurement-server/soil-measurement-server.SoilMeasurementCluster.cpp.o
[301/1549] stamp obj/third_party/connectedhomeip/src/app/clusters/tls-certificate-management-server/tls-certificate-management-server.inputdeps.stamp
[302/1549] c++ obj/third_party/connectedhomeip/src/app/clusters/thread-network-directory-server/thread-network-directory-server.ThreadNetworkDirectoryCluster.cpp.o
[303/1549] stamp obj/third_party/connectedhomeip/src/app/clusters/tls-client-management-server/tls-client-management-server.inputdeps.stamp
[304/1549] c++ obj/third_party/connectedhomeip/src/app/clusters/temperature-control-server/temperature-control-server.TemperatureControlCluster.cpp.o
[305/1549] stamp obj/third_party/connectedhomeip/src/app/clusters/water-heater-management-server/water-heater-management-server.inputdeps.stamp
[306/1549] c++ obj/third_party/connectedhomeip/src/app/clusters/thread-network-diagnostics-server/thread-network-diagnostics-server.DirectThreadNetworkDiagnosticsProvider.cpp.o
[307/1549] c++ obj/third_party/connectedhomeip/src/app/clusters/tls-client-management-server/tls-client-management-server.TLSClientManagementCluster.cpp.o
[308/1549] stamp obj/third_party/connectedhomeip/src/app/clusters/webrtc-transport-provider-server/webrtc-transport-provider-server.inputdeps.stamp
[309/1549] c++ obj/third_party/connectedhomeip/src/app/clusters/tls-certificate-management-server/tls-certificate-management-server.TLSCertificateManagementCluster.cpp.o
[310/1549] stamp obj/third_party/connectedhomeip/src/app/clusters/wifi-network-diagnostics-server/wifi-network-diagnostics-server.inputdeps.stamp
[311/1549] c++ obj/third_party/connectedhomeip/src/app/clusters/thread-network-diagnostics-server/thread-network-diagnostics-server.ThreadNetworkDiagnosticsCluster.cpp.o
[312/1549] stamp obj/third_party/connectedhomeip/src/app/clusters/wifi-network-management-server/wifi-network-management-server.inputdeps.stamp
[313/1549] c++ obj/third_party/connectedhomeip/src/app/clusters/water-heater-management-server/water-heater-management-server.Delegate.cpp.o
[314/1549] stamp obj/third_party/connectedhomeip/src/app/common/cluster-objects.inputdeps.stamp
[315/1549] c++ obj/third_party/connectedhomeip/src/app/clusters/wifi-network-management-server/wifi-network-management-server.WiFiNetworkManagementCluster.cpp.o
FAILED: obj/third_party/connectedhomeip/src/app/clusters/wifi-network-management-server/wifi-network-management-server.WiFiNetworkManagementCluster.cpp.o 
/home/ludovic/.espressif/tools/xtensa-esp-elf/esp-14.2.0_20260121/xtensa-esp-elf/bin/xtensa-esp32s3-elf-g++ -MMD -MF obj/third_party/connectedhomeip/src/app/clusters/wifi-network-management-server/wifi-network-management-server.WiFiNetworkManagementCluster.cpp.o.d -Og -g2 -fno-common -ffunction-sections -fdata-sections -fno-exceptions -fno-unwind-tables -fno-asynchronous-unwind-tables -Wall -Werror -Wstack-usage=8192 -Wextra -Wshadow -Wunreachable-code -Wvla -Wformat -Wformat-nonliteral -Wformat-security -Wno-deprecated-declarations -Wno-missing-field-initializers -Wno-unknown-warning-option -Wno-unused-parameter -Wno-cast-function-type -Wno-psabi -Wno-maybe-uninitialized -fdiagnostics-color -fno-strict-aliasing -fmacro-prefix-map=../../../../../esp-matter/connectedhomeip/connectedhomeip/config/esp32/third_party/connectedhomeip/= -std=gnu++17 -fno-rtti -Wnon-virtual-dtor -DESP_MDNS_VERSION_NUMBER=\"1.13.1\" -DESP_PLATFORM -DMBEDTLS_CONFIG_FILE=\"mbedtls/esp_config.h\" -DSOC_MMU_PAGE_SIZE=CONFIG_MMU_PAGE_SIZE -DSOC_XTAL_FREQ_MHZ=CONFIG_XTAL_FREQ -D_GLIBCXX_HAVE_POSIX_SEMAPHORE -D_GLIBCXX_USE_POSIX_SEMAPHORE -D_GNU_SOURCE -D_POSIX_READER_WRITER_LOCKS -I/home/ludovic/dev/matter-esp32-home-energy-manager/firmware/build/config -isystem/home/ludovic/dev/esp-idf-5.5.4/components/freertos/include/freertos -isystem/home/ludovic/dev/esp-idf-5.5.4/components/freertos/FreeRTOS-Kernel/include/freertos -isystem/home/ludovic/dev/esp-idf-5.5.4/components/newlib/platform_include -isystem/home/ludovic/dev/esp-idf-5.5.4/components/freertos/config/include -isystem/home/ludovic/dev/esp-idf-5.5.4/components/freertos/config/include/freertos -isystem/home/ludovic/dev/esp-idf-5.5.4/components/freertos/config/xtensa/include -isystem/home/ludovic/dev/esp-idf-5.5.4/components/freertos/FreeRTOS-Kernel/include -isystem/home/ludovic/dev/esp-idf-5.5.4/components/freertos/FreeRTOS-Kernel/portable/xtensa/include -isystem/home/ludovic/dev/esp-idf-5.5.4/components/freertos/FreeRTOS-Kernel/portable/xtensa/include/freertos -isystem/home/ludovic/dev/esp-idf-5.5.4/components/freertos/esp_additions/include -isystem/home/ludovic/dev/esp-idf-5.5.4/components/esp_hw_support/include -isystem/home/ludovic/dev/esp-idf-5.5.4/components/esp_hw_support/include/soc -isystem/home/ludovic/dev/esp-idf-5.5.4/components/esp_hw_support/include/soc/esp32s3 -isystem/home/ludovic/dev/esp-idf-5.5.4/components/esp_hw_support/dma/include -isystem/home/ludovic/dev/esp-idf-5.5.4/components/esp_hw_support/ldo/include -isystem/home/ludovic/dev/esp-idf-5.5.4/components/esp_hw_support/debug_probe/include -isystem/home/ludovic/dev/esp-idf-5.5.4/components/esp_hw_support/mspi_timing_tuning/include -isystem/home/ludovic/dev/esp-idf-5.5.4/components/esp_hw_support/mspi_timing_tuning/tuning_scheme_impl/include -isystem/home/ludovic/dev/esp-idf-5.5.4/components/esp_hw_support/power_supply/include -isystem/home/ludovic/dev/esp-idf-5.5.4/components/esp_hw_support/port/esp32s3/. -isystem/home/ludovic/dev/esp-idf-5.5.4/components/esp_hw_support/port/esp32s3/include -isystem/home/ludovic/dev/esp-idf-5.5.4/components/esp_hw_support/mspi_timing_tuning/port/esp32s3/. -isystem/home/ludovic/dev/esp-idf-5.5.4/components/esp_hw_support/mspi_timing_tuning/port/esp32s3/include -isystem/home/ludovic/dev/esp-idf-5.5.4/components/heap/include -isystem/home/ludovic/dev/esp-idf-5.5.4/components/heap/tlsf -isystem/home/ludovic/dev/esp-idf-5.5.4/components/log/include -isystem/home/ludovic/dev/esp-idf-5.5.4/components/soc/include -isystem/home/ludovic/dev/esp-idf-5.5.4/components/soc/esp32s3 -isystem/home/ludovic/dev/esp-idf-5.5.4/components/soc/esp32s3/include -isystem/home/ludovic/dev/esp-idf-5.5.4/components/soc/esp32s3/register -isystem/home/ludovic/dev/esp-idf-5.5.4/components/hal/platform_port/include -isystem/home/ludovic/dev/esp-idf-5.5.4/components/hal/esp32s3/include -isystem/home/ludovic/dev/esp-idf-5.5.4/components/hal/include -isystem/home/ludovic/dev/esp-idf-5.5.4/components/esp_rom/include -isystem/home/ludovic/dev/esp-idf-5.5.4/components/esp_rom/esp32s3/include -isystem/home/ludovic/dev/esp-idf-5.5.4/components/esp_rom/esp32s3/include/esp32s3 -isystem/home/ludovic/dev/esp-idf-5.5.4/components/esp_rom/esp32s3 -isystem/home/ludovic/dev/esp-idf-5.5.4/components/esp_common/include -isystem/home/ludovic/dev/esp-idf-5.5.4/components/esp_system/include -isystem/home/ludovic/dev/esp-idf-5.5.4/components/esp_system/port/soc -isystem/home/ludovic/dev/esp-idf-5.5.4/components/esp_system/port/include/private -isystem/home/ludovic/dev/esp-idf-5.5.4/components/xtensa/esp32s3/include -isystem/home/ludovic/dev/esp-idf-5.5.4/components/xtensa/include -isystem/home/ludovic/dev/esp-idf-5.5.4/components/xtensa/deprecated_include -isystem/home/ludovic/dev/esp-idf-5.5.4/components/lwip/include -isystem/home/ludovic/dev/esp-idf-5.5.4/components/lwip/include/apps -isystem/home/ludovic/dev/esp-idf-5.5.4/components/lwip/include/apps/sntp -isystem/home/ludovic/dev/esp-idf-5.5.4/components/lwip/lwip/src/include -isystem/home/ludovic/dev/esp-idf-5.5.4/components/lwip/port/include -isystem/home/ludovic/dev/esp-idf-5.5.4/components/lwip/port/freertos/include -isystem/home/ludovic/dev/esp-idf-5.5.4/components/lwip/port/esp32xx/include -isystem/home/ludovic/dev/esp-idf-5.5.4/components/lwip/port/esp32xx/include/arch -isystem/home/ludovic/dev/esp-idf-5.5.4/components/lwip/port/esp32xx/include/sys -I/home/ludovic/dev/matter-esp32-home-energy-manager/firmware/managed_components/espressif__esp_delta_ota/include -I/home/ludovic/dev/matter-esp32-home-energy-manager/firmware/managed_components/espressif__esp_encrypted_img/include -isystem/home/ludovic/dev/esp-idf-5.5.4/components/esp_eth/include -isystem/home/ludovic/dev/esp-idf-5.5.4/components/esp_event/include -isystem/home/ludovic/dev/esp-idf-5.5.4/components/esp_driver_spi/include -isystem/home/ludovic/dev/esp-idf-5.5.4/components/esp_pm/include -isystem/home/ludovic/dev/esp-idf-5.5.4/components/esp_timer/include -isystem/home/ludovic/dev/esp-idf-5.5.4/components/esp_wifi/include -isystem/home/ludovic/dev/esp-idf-5.5.4/components/esp_wifi/include/local -isystem/home/ludovic/dev/esp-idf-5.5.4/components/esp_wifi/wifi_apps/include -isystem/home/ludovic/dev/esp-idf-5.5.4/components/esp_wifi/wifi_apps/nan_app/include -isystem/home/ludovic/dev/esp-idf-5.5.4/components/esp_phy/include -isystem/home/ludovic/dev/esp-idf-5.5.4/components/esp_phy/esp32s3/include -isystem/home/ludovic/dev/esp-idf-5.5.4/components/esp_netif/include -isystem/home/ludovic/dev/esp-idf-5.5.4/components/mbedtls/port/include -isystem/home/ludovic/dev/esp-idf-5.5.4/components/mbedtls/mbedtls/include -isystem/home/ludovic/dev/esp-idf-5.5.4/components/mbedtls/mbedtls/library -isystem/home/ludovic/dev/esp-idf-5.5.4/components/mbedtls/esp_crt_bundle/include -isystem/home/ludovic/dev/esp-idf-5.5.4/components/mbedtls/mbedtls/3rdparty/everest/include -isystem/home/ludovic/dev/esp-idf-5.5.4/components/mbedtls/mbedtls/3rdparty/p256-m -isystem/home/ludovic/dev/esp-idf-5.5.4/components/mbedtls/mbedtls/3rdparty/p256-m/p256-m -isystem/home/ludovic/dev/esp-idf-5.5.4/components/fatfs/diskio -isystem/home/ludovic/dev/esp-idf-5.5.4/components/fatfs/src -isystem/home/ludovic/dev/esp-idf-5.5.4/components/fatfs/vfs -isystem/home/ludovic/dev/esp-idf-5.5.4/components/wear_levelling/include -isystem/home/ludovic/dev/esp-idf-5.5.4/components/esp_partition/include -isystem/home/ludovic/dev/esp-idf-5.5.4/components/sdmmc/include -isystem/home/ludovic/dev/esp-idf-5.5.4/components/esp_driver_sdmmc/include -isystem/home/ludovic/dev/esp-idf-5.5.4/components/esp_driver_gpio/include -isystem/home/ludovic/dev/esp-idf-5.5.4/components/esp_driver_sdspi/include -isystem/home/ludovic/dev/esp-idf-5.5.4/components/app_update/include -isystem/home/ludovic/dev/esp-idf-5.5.4/components/bootloader_support/include -isystem/home/ludovic/dev/esp-idf-5.5.4/components/bootloader_support/bootloader_flash/include -isystem/home/ludovic/dev/esp-idf-5.5.4/components/esp_app_format/include -isystem/home/ludovic/dev/esp-idf-5.5.4/components/esp_bootloader_format/include -isystem/home/ludovic/dev/esp-idf-5.5.4/components/console -isystem/home/ludovic/dev/esp-idf-5.5.4/components/vfs/include -isystem/home/ludovic/dev/esp-idf-5.5.4/components/esp_vfs_console/include -isystem/home/ludovic/dev/esp-idf-5.5.4/components/esp_driver_uart/include -isystem/home/ludovic/dev/esp-idf-5.5.4/components/driver/deprecated -isystem/home/ludovic/dev/esp-idf-5.5.4/components/driver/i2c/include -isystem/home/ludovic/dev/esp-idf-5.5.4/components/driver/touch_sensor/include -isystem/home/ludovic/dev/esp-idf-5.5.4/components/driver/twai/include -isystem/home/ludovic/dev/esp-idf-5.5.4/components/driver/touch_sensor/esp32s3/include -isystem/home/ludovic/dev/esp-idf-5.5.4/components/esp_ringbuf/include -isystem/home/ludovic/dev/esp-idf-5.5.4/components/esp_driver_pcnt/include -isystem/home/ludovic/dev/esp-idf-5.5.4/components/esp_driver_gptimer/include -isystem/home/ludovic/dev/esp-idf-5.5.4/components/esp_driver_mcpwm/include -isystem/home/ludovic/dev/esp-idf-5.5.4/components/esp_driver_ana_cmpr/include -isystem/home/ludovic/dev/esp-idf-5.5.4/components/esp_driver_i2s/include -isystem/home/ludovic/dev/esp-idf-5.5.4/components/esp_driver_sdio/include -isystem/home/ludovic/dev/esp-idf-5.5.4/components/esp_driver_dac/include -isystem/home/ludovic/dev/esp-idf-5.5.4/components/esp_driver_rmt/include -isystem/home/ludovic/dev/esp-idf-5.5.4/components/esp_driver_tsens/include -isystem/home/ludovic/dev/esp-idf-5.5.4/components/esp_driver_sdm/include -isystem/home/ludovic/dev/esp-idf-5.5.4/components/esp_driver_i2c/include -isystem/home/ludovic/dev/esp-idf-5.5.4/components/esp_driver_ledc/include -isystem/home/ludovic/dev/esp-idf-5.5.4/components/esp_driver_parlio/include -isystem/home/ludovic/dev/esp-idf-5.5.4/components/esp_driver_usb_serial_jtag/include -isystem/home/ludovic/dev/esp-idf-5.5.4/components/esp_driver_twai/include -isystem/home/ludovic/dev/esp-idf-5.5.4/components/nvs_flash/include -isystem/home/ludovic/dev/esp-idf-5.5.4/components/spi_flash/include -I/home/ludovic/dev/matter-esp32-home-energy-manager/firmware/managed_components/espressif__mdns/include -I/home/ludovic/dev/matter-esp32-home-energy-manager/firmware/managed_components/espressif__esp_secure_cert_mgr/include -mlongcalls -fno-builtin-memcpy -fno-builtin-memset -fno-builtin-bzero -mdisable-hardware-atomics -fno-rtti -fdiagnostics-color=always -fdiagnostics-color=always -ffunction-sections -fdata-sections -Wall -Werror=all -Wno-error=unused-function -Wno-error=unused-variable -Wno-error=unused-but-set-variable -Wno-error=deprecated-declarations -Wextra -Wno-error=extra -Wno-unused-parameter -Wno-sign-compare -Wno-enum-conversion -gdwarf-4 -ggdb -Og -fno-shrink-wrap -fmacro-prefix-map=/home/ludovic/dev/matter-esp32-home-energy-manager/firmware=. -fmacro-prefix-map=/home/ludovic/dev/esp-idf-5.5.4=/IDF -fstrict-volatile-bitfields -fno-jump-tables -fno-tree-switch-conversion -Wno-error=uninitialized -Wno-error=maybe-uninitialized -Wno-missing-field-initializers -Wno-error=array-bounds -Wno-write-strings -Wno-format-nonliteral -Wno-format-security -Wformat=0 -std=gnu++2b -fno-exceptions -fuse-cxa-atexit -std=gnu++17 -Os -DCHIP_HAVE_CONFIG_H -Wno-overloaded-virtual -Wno-error=unused-result -I/home/ludovic/dev/matter-esp32-home-energy-manager/firmware/build/config -DCHIP_HAVE_CONFIG_H=1 -I../../../../../esp-matter/connectedhomeip/connectedhomeip/config/esp32/third_party/connectedhomeip/src/include -I../../../../../esp-matter/connectedhomeip/connectedhomeip/config/esp32/third_party/connectedhomeip/src -Igen/include -I../../../../../esp-matter/connectedhomeip/connectedhomeip/config/esp32/third_party/connectedhomeip/zzz_generated/app-common -I../../../../../esp-matter/connectedhomeip/connectedhomeip/config/esp32/third_party/connectedhomeip/third_party/nlio/repo/include -c ../../../../../esp-matter/connectedhomeip/connectedhomeip/config/esp32/third_party/connectedhomeip/src/app/clusters/wifi-network-management-server/WiFiNetworkManagementCluster.cpp -o obj/third_party/connectedhomeip/src/app/clusters/wifi-network-management-server/wifi-network-management-server.WiFiNetworkManagementCluster.cpp.o
../../../../../esp-matter/connectedhomeip/connectedhomeip/config/esp32/third_party/connectedhomeip/src/app/clusters/wifi-network-management-server/WiFiNetworkManagementCluster.cpp:170:1: fatal error: opening dependency file obj/third_party/connectedhomeip/src/app/clusters/wifi-network-management-server/wifi-network-management-server.WiFiNetworkManagementCluster.cpp.o.d: No such file or directory
  170 | } // namespace chip::app::Clusters
      | ^
compilation terminated.
[316/1549] c++ obj/third_party/connectedhomeip/src/app/clusters/tls-certificate-management-server/certificate-table.CertificateTableImpl.cpp.o
FAILED: obj/third_party/connectedhomeip/src/app/clusters/tls-certificate-management-server/certificate-table.CertificateTableImpl.cpp.o 
/home/ludovic/.espressif/tools/xtensa-esp-elf/esp-14.2.0_20260121/xtensa-esp-elf/bin/xtensa-esp32s3-elf-g++ -MMD -MF obj/third_party/connectedhomeip/src/app/clusters/tls-certificate-management-server/certificate-table.CertificateTableImpl.cpp.o.d -Og -g2 -fno-common -ffunction-sections -fdata-sections -fno-exceptions -fno-unwind-tables -fno-asynchronous-unwind-tables -Wall -Werror -Wstack-usage=8192 -Wextra -Wshadow -Wunreachable-code -Wvla -Wformat -Wformat-nonliteral -Wformat-security -Wno-deprecated-declarations -Wno-missing-field-initializers -Wno-unknown-warning-option -Wno-unused-parameter -Wno-cast-function-type -Wno-psabi -Wno-maybe-uninitialized -fdiagnostics-color -fno-strict-aliasing -fmacro-prefix-map=../../../../../esp-matter/connectedhomeip/connectedhomeip/config/esp32/third_party/connectedhomeip/= -std=gnu++17 -fno-rtti -Wnon-virtual-dtor -DESP_MDNS_VERSION_NUMBER=\"1.13.1\" -DESP_PLATFORM -DMBEDTLS_CONFIG_FILE=\"mbedtls/esp_config.h\" -DSOC_MMU_PAGE_SIZE=CONFIG_MMU_PAGE_SIZE -DSOC_XTAL_FREQ_MHZ=CONFIG_XTAL_FREQ -D_GLIBCXX_HAVE_POSIX_SEMAPHORE -D_GLIBCXX_USE_POSIX_SEMAPHORE -D_GNU_SOURCE -D_POSIX_READER_WRITER_LOCKS -I/home/ludovic/dev/matter-esp32-home-energy-manager/firmware/build/config -isystem/home/ludovic/dev/esp-idf-5.5.4/components/freertos/include/freertos -isystem/home/ludovic/dev/esp-idf-5.5.4/components/freertos/FreeRTOS-Kernel/include/freertos -isystem/home/ludovic/dev/esp-idf-5.5.4/components/newlib/platform_include -isystem/home/ludovic/dev/esp-idf-5.5.4/components/freertos/config/include -isystem/home/ludovic/dev/esp-idf-5.5.4/components/freertos/config/include/freertos -isystem/home/ludovic/dev/esp-idf-5.5.4/components/freertos/config/xtensa/include -isystem/home/ludovic/dev/esp-idf-5.5.4/components/freertos/FreeRTOS-Kernel/include -isystem/home/ludovic/dev/esp-idf-5.5.4/components/freertos/FreeRTOS-Kernel/portable/xtensa/include -isystem/home/ludovic/dev/esp-idf-5.5.4/components/freertos/FreeRTOS-Kernel/portable/xtensa/include/freertos -isystem/home/ludovic/dev/esp-idf-5.5.4/components/freertos/esp_additions/include -isystem/home/ludovic/dev/esp-idf-5.5.4/components/esp_hw_support/include -isystem/home/ludovic/dev/esp-idf-5.5.4/components/esp_hw_support/include/soc -isystem/home/ludovic/dev/esp-idf-5.5.4/components/esp_hw_support/include/soc/esp32s3 -isystem/home/ludovic/dev/esp-idf-5.5.4/components/esp_hw_support/dma/include -isystem/home/ludovic/dev/esp-idf-5.5.4/components/esp_hw_support/ldo/include -isystem/home/ludovic/dev/esp-idf-5.5.4/components/esp_hw_support/debug_probe/include -isystem/home/ludovic/dev/esp-idf-5.5.4/components/esp_hw_support/mspi_timing_tuning/include -isystem/home/ludovic/dev/esp-idf-5.5.4/components/esp_hw_support/mspi_timing_tuning/tuning_scheme_impl/include -isystem/home/ludovic/dev/esp-idf-5.5.4/components/esp_hw_support/power_supply/include -isystem/home/ludovic/dev/esp-idf-5.5.4/components/esp_hw_support/port/esp32s3/. -isystem/home/ludovic/dev/esp-idf-5.5.4/components/esp_hw_support/port/esp32s3/include -isystem/home/ludovic/dev/esp-idf-5.5.4/components/esp_hw_support/mspi_timing_tuning/port/esp32s3/. -isystem/home/ludovic/dev/esp-idf-5.5.4/components/esp_hw_support/mspi_timing_tuning/port/esp32s3/include -isystem/home/ludovic/dev/esp-idf-5.5.4/components/heap/include -isystem/home/ludovic/dev/esp-idf-5.5.4/components/heap/tlsf -isystem/home/ludovic/dev/esp-idf-5.5.4/components/log/include -isystem/home/ludovic/dev/esp-idf-5.5.4/components/soc/include -isystem/home/ludovic/dev/esp-idf-5.5.4/components/soc/esp32s3 -isystem/home/ludovic/dev/esp-idf-5.5.4/components/soc/esp32s3/include -isystem/home/ludovic/dev/esp-idf-5.5.4/components/soc/esp32s3/register -isystem/home/ludovic/dev/esp-idf-5.5.4/components/hal/platform_port/include -isystem/home/ludovic/dev/esp-idf-5.5.4/components/hal/esp32s3/include -isystem/home/ludovic/dev/esp-idf-5.5.4/components/hal/include -isystem/home/ludovic/dev/esp-idf-5.5.4/components/esp_rom/include -isystem/home/ludovic/dev/esp-idf-5.5.4/components/esp_rom/esp32s3/include -isystem/home/ludovic/dev/esp-idf-5.5.4/components/esp_rom/esp32s3/include/esp32s3 -isystem/home/ludovic/dev/esp-idf-5.5.4/components/esp_rom/esp32s3 -isystem/home/ludovic/dev/esp-idf-5.5.4/components/esp_common/include -isystem/home/ludovic/dev/esp-idf-5.5.4/components/esp_system/include -isystem/home/ludovic/dev/esp-idf-5.5.4/components/esp_system/port/soc -isystem/home/ludovic/dev/esp-idf-5.5.4/components/esp_system/port/include/private -isystem/home/ludovic/dev/esp-idf-5.5.4/components/xtensa/esp32s3/include -isystem/home/ludovic/dev/esp-idf-5.5.4/components/xtensa/include -isystem/home/ludovic/dev/esp-idf-5.5.4/components/xtensa/deprecated_include -isystem/home/ludovic/dev/esp-idf-5.5.4/components/lwip/include -isystem/home/ludovic/dev/esp-idf-5.5.4/components/lwip/include/apps -isystem/home/ludovic/dev/esp-idf-5.5.4/components/lwip/include/apps/sntp -isystem/home/ludovic/dev/esp-idf-5.5.4/components/lwip/lwip/src/include -isystem/home/ludovic/dev/esp-idf-5.5.4/components/lwip/port/include -isystem/home/ludovic/dev/esp-idf-5.5.4/components/lwip/port/freertos/include -isystem/home/ludovic/dev/esp-idf-5.5.4/components/lwip/port/esp32xx/include -isystem/home/ludovic/dev/esp-idf-5.5.4/components/lwip/port/esp32xx/include/arch -isystem/home/ludovic/dev/esp-idf-5.5.4/components/lwip/port/esp32xx/include/sys -I/home/ludovic/dev/matter-esp32-home-energy-manager/firmware/managed_components/espressif__esp_delta_ota/include -I/home/ludovic/dev/matter-esp32-home-energy-manager/firmware/managed_components/espressif__esp_encrypted_img/include -isystem/home/ludovic/dev/esp-idf-5.5.4/components/esp_eth/include -isystem/home/ludovic/dev/esp-idf-5.5.4/components/esp_event/include -isystem/home/ludovic/dev/esp-idf-5.5.4/components/esp_driver_spi/include -isystem/home/ludovic/dev/esp-idf-5.5.4/components/esp_pm/include -isystem/home/ludovic/dev/esp-idf-5.5.4/components/esp_timer/include -isystem/home/ludovic/dev/esp-idf-5.5.4/components/esp_wifi/include -isystem/home/ludovic/dev/esp-idf-5.5.4/components/esp_wifi/include/local -isystem/home/ludovic/dev/esp-idf-5.5.4/components/esp_wifi/wifi_apps/include -isystem/home/ludovic/dev/esp-idf-5.5.4/components/esp_wifi/wifi_apps/nan_app/include -isystem/home/ludovic/dev/esp-idf-5.5.4/components/esp_phy/include -isystem/home/ludovic/dev/esp-idf-5.5.4/components/esp_phy/esp32s3/include -isystem/home/ludovic/dev/esp-idf-5.5.4/components/esp_netif/include -isystem/home/ludovic/dev/esp-idf-5.5.4/components/mbedtls/port/include -isystem/home/ludovic/dev/esp-idf-5.5.4/components/mbedtls/mbedtls/include -isystem/home/ludovic/dev/esp-idf-5.5.4/components/mbedtls/mbedtls/library -isystem/home/ludovic/dev/esp-idf-5.5.4/components/mbedtls/esp_crt_bundle/include -isystem/home/ludovic/dev/esp-idf-5.5.4/components/mbedtls/mbedtls/3rdparty/everest/include -isystem/home/ludovic/dev/esp-idf-5.5.4/components/mbedtls/mbedtls/3rdparty/p256-m -isystem/home/ludovic/dev/esp-idf-5.5.4/components/mbedtls/mbedtls/3rdparty/p256-m/p256-m -isystem/home/ludovic/dev/esp-idf-5.5.4/components/fatfs/diskio -isystem/home/ludovic/dev/esp-idf-5.5.4/components/fatfs/src -isystem/home/ludovic/dev/esp-idf-5.5.4/components/fatfs/vfs -isystem/home/ludovic/dev/esp-idf-5.5.4/components/wear_levelling/include -isystem/home/ludovic/dev/esp-idf-5.5.4/components/esp_partition/include -isystem/home/ludovic/dev/esp-idf-5.5.4/components/sdmmc/include -isystem/home/ludovic/dev/esp-idf-5.5.4/components/esp_driver_sdmmc/include -isystem/home/ludovic/dev/esp-idf-5.5.4/components/esp_driver_gpio/include -isystem/home/ludovic/dev/esp-idf-5.5.4/components/esp_driver_sdspi/include -isystem/home/ludovic/dev/esp-idf-5.5.4/components/app_update/include -isystem/home/ludovic/dev/esp-idf-5.5.4/components/bootloader_support/include -isystem/home/ludovic/dev/esp-idf-5.5.4/components/bootloader_support/bootloader_flash/include -isystem/home/ludovic/dev/esp-idf-5.5.4/components/esp_app_format/include -isystem/home/ludovic/dev/esp-idf-5.5.4/components/esp_bootloader_format/include -isystem/home/ludovic/dev/esp-idf-5.5.4/components/console -isystem/home/ludovic/dev/esp-idf-5.5.4/components/vfs/include -isystem/home/ludovic/dev/esp-idf-5.5.4/components/esp_vfs_console/include -isystem/home/ludovic/dev/esp-idf-5.5.4/components/esp_driver_uart/include -isystem/home/ludovic/dev/esp-idf-5.5.4/components/driver/deprecated -isystem/home/ludovic/dev/esp-idf-5.5.4/components/driver/i2c/include -isystem/home/ludovic/dev/esp-idf-5.5.4/components/driver/touch_sensor/include -isystem/home/ludovic/dev/esp-idf-5.5.4/components/driver/twai/include -isystem/home/ludovic/dev/esp-idf-5.5.4/components/driver/touch_sensor/esp32s3/include -isystem/home/ludovic/dev/esp-idf-5.5.4/components/esp_ringbuf/include -isystem/home/ludovic/dev/esp-idf-5.5.4/components/esp_driver_pcnt/include -isystem/home/ludovic/dev/esp-idf-5.5.4/components/esp_driver_gptimer/include -isystem/home/ludovic/dev/esp-idf-5.5.4/components/esp_driver_mcpwm/include -isystem/home/ludovic/dev/esp-idf-5.5.4/components/esp_driver_ana_cmpr/include -isystem/home/ludovic/dev/esp-idf-5.5.4/components/esp_driver_i2s/include -isystem/home/ludovic/dev/esp-idf-5.5.4/components/esp_driver_sdio/include -isystem/home/ludovic/dev/esp-idf-5.5.4/components/esp_driver_dac/include -isystem/home/ludovic/dev/esp-idf-5.5.4/components/esp_driver_rmt/include -isystem/home/ludovic/dev/esp-idf-5.5.4/components/esp_driver_tsens/include -isystem/home/ludovic/dev/esp-idf-5.5.4/components/esp_driver_sdm/include -isystem/home/ludovic/dev/esp-idf-5.5.4/components/esp_driver_i2c/include -isystem/home/ludovic/dev/esp-idf-5.5.4/components/esp_driver_ledc/include -isystem/home/ludovic/dev/esp-idf-5.5.4/components/esp_driver_parlio/include -isystem/home/ludovic/dev/esp-idf-5.5.4/components/esp_driver_usb_serial_jtag/include -isystem/home/ludovic/dev/esp-idf-5.5.4/components/esp_driver_twai/include -isystem/home/ludovic/dev/esp-idf-5.5.4/components/nvs_flash/include -isystem/home/ludovic/dev/esp-idf-5.5.4/components/spi_flash/include -I/home/ludovic/dev/matter-esp32-home-energy-manager/firmware/managed_components/espressif__mdns/include -I/home/ludovic/dev/matter-esp32-home-energy-manager/firmware/managed_components/espressif__esp_secure_cert_mgr/include -mlongcalls -fno-builtin-memcpy -fno-builtin-memset -fno-builtin-bzero -mdisable-hardware-atomics -fno-rtti -fdiagnostics-color=always -fdiagnostics-color=always -ffunction-sections -fdata-sections -Wall -Werror=all -Wno-error=unused-function -Wno-error=unused-variable -Wno-error=unused-but-set-variable -Wno-error=deprecated-declarations -Wextra -Wno-error=extra -Wno-unused-parameter -Wno-sign-compare -Wno-enum-conversion -gdwarf-4 -ggdb -Og -fno-shrink-wrap -fmacro-prefix-map=/home/ludovic/dev/matter-esp32-home-energy-manager/firmware=. -fmacro-prefix-map=/home/ludovic/dev/esp-idf-5.5.4=/IDF -fstrict-volatile-bitfields -fno-jump-tables -fno-tree-switch-conversion -Wno-error=uninitialized -Wno-error=maybe-uninitialized -Wno-missing-field-initializers -Wno-error=array-bounds -Wno-write-strings -Wno-format-nonliteral -Wno-format-security -Wformat=0 -std=gnu++2b -fno-exceptions -fuse-cxa-atexit -std=gnu++17 -Os -DCHIP_HAVE_CONFIG_H -Wno-overloaded-virtual -Wno-error=unused-result -I/home/ludovic/dev/matter-esp32-home-energy-manager/firmware/build/config -DCHIP_HAVE_CONFIG_H=1 -I../../../../../esp-matter/connectedhomeip/connectedhomeip/config/esp32/third_party/connectedhomeip/zzz_generated/app-common -I../../../../../esp-matter/connectedhomeip/connectedhomeip/config/esp32/third_party/connectedhomeip/src/include -I../../../../../esp-matter/connectedhomeip/connectedhomeip/config/esp32/third_party/connectedhomeip/src -Igen/include -I../../../../../esp-matter/connectedhomeip/connectedhomeip/config/esp32/third_party/connectedhomeip/third_party/nlio/repo/include -c ../../../../../esp-matter/connectedhomeip/connectedhomeip/config/esp32/third_party/connectedhomeip/src/app/clusters/tls-certificate-management-server/CertificateTableImpl.cpp -o obj/third_party/connectedhomeip/src/app/clusters/tls-certificate-management-server/certificate-table.CertificateTableImpl.cpp.o
../../../../../esp-matter/connectedhomeip/connectedhomeip/config/esp32/third_party/connectedhomeip/src/app/clusters/tls-certificate-management-server/CertificateTableImpl.cpp:599:1: fatal error: opening dependency file obj/third_party/connectedhomeip/src/app/clusters/tls-certificate-management-server/certificate-table.CertificateTableImpl.cpp.o.d: No such file or directory
  599 | }
      | ^
compilation terminated.
[317/1549] c++ obj/third_party/connectedhomeip/src/app/clusters/water-heater-management-server/water-heater-management-server.WaterHeaterManagementCluster.cpp.o
FAILED: obj/third_party/connectedhomeip/src/app/clusters/water-heater-management-server/water-heater-management-server.WaterHeaterManagementCluster.cpp.o 
/home/ludovic/.espressif/tools/xtensa-esp-elf/esp-14.2.0_20260121/xtensa-esp-elf/bin/xtensa-esp32s3-elf-g++ -MMD -MF obj/third_party/connectedhomeip/src/app/clusters/water-heater-management-server/water-heater-management-server.WaterHeaterManagementCluster.cpp.o.d -Og -g2 -fno-common -ffunction-sections -fdata-sections -fno-exceptions -fno-unwind-tables -fno-asynchronous-unwind-tables -Wall -Werror -Wstack-usage=8192 -Wextra -Wshadow -Wunreachable-code -Wvla -Wformat -Wformat-nonliteral -Wformat-security -Wno-deprecated-declarations -Wno-missing-field-initializers -Wno-unknown-warning-option -Wno-unused-parameter -Wno-cast-function-type -Wno-psabi -Wno-maybe-uninitialized -fdiagnostics-color -fno-strict-aliasing -fmacro-prefix-map=../../../../../esp-matter/connectedhomeip/connectedhomeip/config/esp32/third_party/connectedhomeip/= -std=gnu++17 -fno-rtti -Wnon-virtual-dtor -DESP_MDNS_VERSION_NUMBER=\"1.13.1\" -DESP_PLATFORM -DMBEDTLS_CONFIG_FILE=\"mbedtls/esp_config.h\" -DSOC_MMU_PAGE_SIZE=CONFIG_MMU_PAGE_SIZE -DSOC_XTAL_FREQ_MHZ=CONFIG_XTAL_FREQ -D_GLIBCXX_HAVE_POSIX_SEMAPHORE -D_GLIBCXX_USE_POSIX_SEMAPHORE -D_GNU_SOURCE -D_POSIX_READER_WRITER_LOCKS -I/home/ludovic/dev/matter-esp32-home-energy-manager/firmware/build/config -isystem/home/ludovic/dev/esp-idf-5.5.4/components/freertos/include/freertos -isystem/home/ludovic/dev/esp-idf-5.5.4/components/freertos/FreeRTOS-Kernel/include/freertos -isystem/home/ludovic/dev/esp-idf-5.5.4/components/newlib/platform_include -isystem/home/ludovic/dev/esp-idf-5.5.4/components/freertos/config/include -isystem/home/ludovic/dev/esp-idf-5.5.4/components/freertos/config/include/freertos -isystem/home/ludovic/dev/esp-idf-5.5.4/components/freertos/config/xtensa/include -isystem/home/ludovic/dev/esp-idf-5.5.4/components/freertos/FreeRTOS-Kernel/include -isystem/home/ludovic/dev/esp-idf-5.5.4/components/freertos/FreeRTOS-Kernel/portable/xtensa/include -isystem/home/ludovic/dev/esp-idf-5.5.4/components/freertos/FreeRTOS-Kernel/portable/xtensa/include/freertos -isystem/home/ludovic/dev/esp-idf-5.5.4/components/freertos/esp_additions/include -isystem/home/ludovic/dev/esp-idf-5.5.4/components/esp_hw_support/include -isystem/home/ludovic/dev/esp-idf-5.5.4/components/esp_hw_support/include/soc -isystem/home/ludovic/dev/esp-idf-5.5.4/components/esp_hw_support/include/soc/esp32s3 -isystem/home/ludovic/dev/esp-idf-5.5.4/components/esp_hw_support/dma/include -isystem/home/ludovic/dev/esp-idf-5.5.4/components/esp_hw_support/ldo/include -isystem/home/ludovic/dev/esp-idf-5.5.4/components/esp_hw_support/debug_probe/include -isystem/home/ludovic/dev/esp-idf-5.5.4/components/esp_hw_support/mspi_timing_tuning/include -isystem/home/ludovic/dev/esp-idf-5.5.4/components/esp_hw_support/mspi_timing_tuning/tuning_scheme_impl/include -isystem/home/ludovic/dev/esp-idf-5.5.4/components/esp_hw_support/power_supply/include -isystem/home/ludovic/dev/esp-idf-5.5.4/components/esp_hw_support/port/esp32s3/. -isystem/home/ludovic/dev/esp-idf-5.5.4/components/esp_hw_support/port/esp32s3/include -isystem/home/ludovic/dev/esp-idf-5.5.4/components/esp_hw_support/mspi_timing_tuning/port/esp32s3/. -isystem/home/ludovic/dev/esp-idf-5.5.4/components/esp_hw_support/mspi_timing_tuning/port/esp32s3/include -isystem/home/ludovic/dev/esp-idf-5.5.4/components/heap/include -isystem/home/ludovic/dev/esp-idf-5.5.4/components/heap/tlsf -isystem/home/ludovic/dev/esp-idf-5.5.4/components/log/include -isystem/home/ludovic/dev/esp-idf-5.5.4/components/soc/include -isystem/home/ludovic/dev/esp-idf-5.5.4/components/soc/esp32s3 -isystem/home/ludovic/dev/esp-idf-5.5.4/components/soc/esp32s3/include -isystem/home/ludovic/dev/esp-idf-5.5.4/components/soc/esp32s3/register -isystem/home/ludovic/dev/esp-idf-5.5.4/components/hal/platform_port/include -isystem/home/ludovic/dev/esp-idf-5.5.4/components/hal/esp32s3/include -isystem/home/ludovic/dev/esp-idf-5.5.4/components/hal/include -isystem/home/ludovic/dev/esp-idf-5.5.4/components/esp_rom/include -isystem/home/ludovic/dev/esp-idf-5.5.4/components/esp_rom/esp32s3/include -isystem/home/ludovic/dev/esp-idf-5.5.4/components/esp_rom/esp32s3/include/esp32s3 -isystem/home/ludovic/dev/esp-idf-5.5.4/components/esp_rom/esp32s3 -isystem/home/ludovic/dev/esp-idf-5.5.4/components/esp_common/include -isystem/home/ludovic/dev/esp-idf-5.5.4/components/esp_system/include -isystem/home/ludovic/dev/esp-idf-5.5.4/components/esp_system/port/soc -isystem/home/ludovic/dev/esp-idf-5.5.4/components/esp_system/port/include/private -isystem/home/ludovic/dev/esp-idf-5.5.4/components/xtensa/esp32s3/include -isystem/home/ludovic/dev/esp-idf-5.5.4/components/xtensa/include -isystem/home/ludovic/dev/esp-idf-5.5.4/components/xtensa/deprecated_include -isystem/home/ludovic/dev/esp-idf-5.5.4/components/lwip/include -isystem/home/ludovic/dev/esp-idf-5.5.4/components/lwip/include/apps -isystem/home/ludovic/dev/esp-idf-5.5.4/components/lwip/include/apps/sntp -isystem/home/ludovic/dev/esp-idf-5.5.4/components/lwip/lwip/src/include -isystem/home/ludovic/dev/esp-idf-5.5.4/components/lwip/port/include -isystem/home/ludovic/dev/esp-idf-5.5.4/components/lwip/port/freertos/include -isystem/home/ludovic/dev/esp-idf-5.5.4/components/lwip/port/esp32xx/include -isystem/home/ludovic/dev/esp-idf-5.5.4/components/lwip/port/esp32xx/include/arch -isystem/home/ludovic/dev/esp-idf-5.5.4/components/lwip/port/esp32xx/include/sys -I/home/ludovic/dev/matter-esp32-home-energy-manager/firmware/managed_components/espressif__esp_delta_ota/include -I/home/ludovic/dev/matter-esp32-home-energy-manager/firmware/managed_components/espressif__esp_encrypted_img/include -isystem/home/ludovic/dev/esp-idf-5.5.4/components/esp_eth/include -isystem/home/ludovic/dev/esp-idf-5.5.4/components/esp_event/include -isystem/home/ludovic/dev/esp-idf-5.5.4/components/esp_driver_spi/include -isystem/home/ludovic/dev/esp-idf-5.5.4/components/esp_pm/include -isystem/home/ludovic/dev/esp-idf-5.5.4/components/esp_timer/include -isystem/home/ludovic/dev/esp-idf-5.5.4/components/esp_wifi/include -isystem/home/ludovic/dev/esp-idf-5.5.4/components/esp_wifi/include/local -isystem/home/ludovic/dev/esp-idf-5.5.4/components/esp_wifi/wifi_apps/include -isystem/home/ludovic/dev/esp-idf-5.5.4/components/esp_wifi/wifi_apps/nan_app/include -isystem/home/ludovic/dev/esp-idf-5.5.4/components/esp_phy/include -isystem/home/ludovic/dev/esp-idf-5.5.4/components/esp_phy/esp32s3/include -isystem/home/ludovic/dev/esp-idf-5.5.4/components/esp_netif/include -isystem/home/ludovic/dev/esp-idf-5.5.4/components/mbedtls/port/include -isystem/home/ludovic/dev/esp-idf-5.5.4/components/mbedtls/mbedtls/include -isystem/home/ludovic/dev/esp-idf-5.5.4/components/mbedtls/mbedtls/library -isystem/home/ludovic/dev/esp-idf-5.5.4/components/mbedtls/esp_crt_bundle/include -isystem/home/ludovic/dev/esp-idf-5.5.4/components/mbedtls/mbedtls/3rdparty/everest/include -isystem/home/ludovic/dev/esp-idf-5.5.4/components/mbedtls/mbedtls/3rdparty/p256-m -isystem/home/ludovic/dev/esp-idf-5.5.4/components/mbedtls/mbedtls/3rdparty/p256-m/p256-m -isystem/home/ludovic/dev/esp-idf-5.5.4/components/fatfs/diskio -isystem/home/ludovic/dev/esp-idf-5.5.4/components/fatfs/src -isystem/home/ludovic/dev/esp-idf-5.5.4/components/fatfs/vfs -isystem/home/ludovic/dev/esp-idf-5.5.4/components/wear_levelling/include -isystem/home/ludovic/dev/esp-idf-5.5.4/components/esp_partition/include -isystem/home/ludovic/dev/esp-idf-5.5.4/components/sdmmc/include -isystem/home/ludovic/dev/esp-idf-5.5.4/components/esp_driver_sdmmc/include -isystem/home/ludovic/dev/esp-idf-5.5.4/components/esp_driver_gpio/include -isystem/home/ludovic/dev/esp-idf-5.5.4/components/esp_driver_sdspi/include -isystem/home/ludovic/dev/esp-idf-5.5.4/components/app_update/include -isystem/home/ludovic/dev/esp-idf-5.5.4/components/bootloader_support/include -isystem/home/ludovic/dev/esp-idf-5.5.4/components/bootloader_support/bootloader_flash/include -isystem/home/ludovic/dev/esp-idf-5.5.4/components/esp_app_format/include -isystem/home/ludovic/dev/esp-idf-5.5.4/components/esp_bootloader_format/include -isystem/home/ludovic/dev/esp-idf-5.5.4/components/console -isystem/home/ludovic/dev/esp-idf-5.5.4/components/vfs/include -isystem/home/ludovic/dev/esp-idf-5.5.4/components/esp_vfs_console/include -isystem/home/ludovic/dev/esp-idf-5.5.4/components/esp_driver_uart/include -isystem/home/ludovic/dev/esp-idf-5.5.4/components/driver/deprecated -isystem/home/ludovic/dev/esp-idf-5.5.4/components/driver/i2c/include -isystem/home/ludovic/dev/esp-idf-5.5.4/components/driver/touch_sensor/include -isystem/home/ludovic/dev/esp-idf-5.5.4/components/driver/twai/include -isystem/home/ludovic/dev/esp-idf-5.5.4/components/driver/touch_sensor/esp32s3/include -isystem/home/ludovic/dev/esp-idf-5.5.4/components/esp_ringbuf/include -isystem/home/ludovic/dev/esp-idf-5.5.4/components/esp_driver_pcnt/include -isystem/home/ludovic/dev/esp-idf-5.5.4/components/esp_driver_gptimer/include -isystem/home/ludovic/dev/esp-idf-5.5.4/components/esp_driver_mcpwm/include -isystem/home/ludovic/dev/esp-idf-5.5.4/components/esp_driver_ana_cmpr/include -isystem/home/ludovic/dev/esp-idf-5.5.4/components/esp_driver_i2s/include -isystem/home/ludovic/dev/esp-idf-5.5.4/components/esp_driver_sdio/include -isystem/home/ludovic/dev/esp-idf-5.5.4/components/esp_driver_dac/include -isystem/home/ludovic/dev/esp-idf-5.5.4/components/esp_driver_rmt/include -isystem/home/ludovic/dev/esp-idf-5.5.4/components/esp_driver_tsens/include -isystem/home/ludovic/dev/esp-idf-5.5.4/components/esp_driver_sdm/include -isystem/home/ludovic/dev/esp-idf-5.5.4/components/esp_driver_i2c/include -isystem/home/ludovic/dev/esp-idf-5.5.4/components/esp_driver_ledc/include -isystem/home/ludovic/dev/esp-idf-5.5.4/components/esp_driver_parlio/include -isystem/home/ludovic/dev/esp-idf-5.5.4/components/esp_driver_usb_serial_jtag/include -isystem/home/ludovic/dev/esp-idf-5.5.4/components/esp_driver_twai/include -isystem/home/ludovic/dev/esp-idf-5.5.4/components/nvs_flash/include -isystem/home/ludovic/dev/esp-idf-5.5.4/components/spi_flash/include -I/home/ludovic/dev/matter-esp32-home-energy-manager/firmware/managed_components/espressif__mdns/include -I/home/ludovic/dev/matter-esp32-home-energy-manager/firmware/managed_components/espressif__esp_secure_cert_mgr/include -mlongcalls -fno-builtin-memcpy -fno-builtin-memset -fno-builtin-bzero -mdisable-hardware-atomics -fno-rtti -fdiagnostics-color=always -fdiagnostics-color=always -ffunction-sections -fdata-sections -Wall -Werror=all -Wno-error=unused-function -Wno-error=unused-variable -Wno-error=unused-but-set-variable -Wno-error=deprecated-declarations -Wextra -Wno-error=extra -Wno-unused-parameter -Wno-sign-compare -Wno-enum-conversion -gdwarf-4 -ggdb -Og -fno-shrink-wrap -fmacro-prefix-map=/home/ludovic/dev/matter-esp32-home-energy-manager/firmware=. -fmacro-prefix-map=/home/ludovic/dev/esp-idf-5.5.4=/IDF -fstrict-volatile-bitfields -fno-jump-tables -fno-tree-switch-conversion -Wno-error=uninitialized -Wno-error=maybe-uninitialized -Wno-missing-field-initializers -Wno-error=array-bounds -Wno-write-strings -Wno-format-nonliteral -Wno-format-security -Wformat=0 -std=gnu++2b -fno-exceptions -fuse-cxa-atexit -std=gnu++17 -Os -DCHIP_HAVE_CONFIG_H -Wno-overloaded-virtual -Wno-error=unused-result -I/home/ludovic/dev/matter-esp32-home-energy-manager/firmware/build/config -DCHIP_HAVE_CONFIG_H=1 -I../../../../../esp-matter/connectedhomeip/connectedhomeip/config/esp32/third_party/connectedhomeip/src/include -I../../../../../esp-matter/connectedhomeip/connectedhomeip/config/esp32/third_party/connectedhomeip/src -Igen/include -I../../../../../esp-matter/connectedhomeip/connectedhomeip/config/esp32/third_party/connectedhomeip/zzz_generated/app-common -I../../../../../esp-matter/connectedhomeip/connectedhomeip/config/esp32/third_party/connectedhomeip/third_party/nlio/repo/include -c ../../../../../esp-matter/connectedhomeip/connectedhomeip/config/esp32/third_party/connectedhomeip/src/app/clusters/water-heater-management-server/WaterHeaterManagementCluster.cpp -o obj/third_party/connectedhomeip/src/app/clusters/water-heater-management-server/water-heater-management-server.WaterHeaterManagementCluster.cpp.o
../../../../../esp-matter/connectedhomeip/connectedhomeip/config/esp32/third_party/connectedhomeip/src/app/clusters/water-heater-management-server/WaterHeaterManagementCluster.cpp:237:1: fatal error: opening dependency file obj/third_party/connectedhomeip/src/app/clusters/water-heater-management-server/water-heater-management-server.WaterHeaterManagementCluster.cpp.o.d: No such file or directory
  237 | } // namespace chip
      | ^
compilation terminated.
[318/1549] c++ obj/third_party/connectedhomeip/src/app/clusters/wifi-network-diagnostics-server/wifi-network-diagnostics-server.WiFiNetworkDiagnosticsCluster.cpp.o
FAILED: obj/third_party/connectedhomeip/src/app/clusters/wifi-network-diagnostics-server/wifi-network-diagnostics-server.WiFiNetworkDiagnosticsCluster.cpp.o 
/home/ludovic/.espressif/tools/xtensa-esp-elf/esp-14.2.0_20260121/xtensa-esp-elf/bin/xtensa-esp32s3-elf-g++ -MMD -MF obj/third_party/connectedhomeip/src/app/clusters/wifi-network-diagnostics-server/wifi-network-diagnostics-server.WiFiNetworkDiagnosticsCluster.cpp.o.d -Og -g2 -fno-common -ffunction-sections -fdata-sections -fno-exceptions -fno-unwind-tables -fno-asynchronous-unwind-tables -Wall -Werror -Wstack-usage=8192 -Wextra -Wshadow -Wunreachable-code -Wvla -Wformat -Wformat-nonliteral -Wformat-security -Wno-deprecated-declarations -Wno-missing-field-initializers -Wno-unknown-warning-option -Wno-unused-parameter -Wno-cast-function-type -Wno-psabi -Wno-maybe-uninitialized -fdiagnostics-color -fno-strict-aliasing -fmacro-prefix-map=../../../../../esp-matter/connectedhomeip/connectedhomeip/config/esp32/third_party/connectedhomeip/= -std=gnu++17 -fno-rtti -Wnon-virtual-dtor -DESP_MDNS_VERSION_NUMBER=\"1.13.1\" -DESP_PLATFORM -DMBEDTLS_CONFIG_FILE=\"mbedtls/esp_config.h\" -DSOC_MMU_PAGE_SIZE=CONFIG_MMU_PAGE_SIZE -DSOC_XTAL_FREQ_MHZ=CONFIG_XTAL_FREQ -D_GLIBCXX_HAVE_POSIX_SEMAPHORE -D_GLIBCXX_USE_POSIX_SEMAPHORE -D_GNU_SOURCE -D_POSIX_READER_WRITER_LOCKS -I/home/ludovic/dev/matter-esp32-home-energy-manager/firmware/build/config -isystem/home/ludovic/dev/esp-idf-5.5.4/components/freertos/include/freertos -isystem/home/ludovic/dev/esp-idf-5.5.4/components/freertos/FreeRTOS-Kernel/include/freertos -isystem/home/ludovic/dev/esp-idf-5.5.4/components/newlib/platform_include -isystem/home/ludovic/dev/esp-idf-5.5.4/components/freertos/config/include -isystem/home/ludovic/dev/esp-idf-5.5.4/components/freertos/config/include/freertos -isystem/home/ludovic/dev/esp-idf-5.5.4/components/freertos/config/xtensa/include -isystem/home/ludovic/dev/esp-idf-5.5.4/components/freertos/FreeRTOS-Kernel/include -isystem/home/ludovic/dev/esp-idf-5.5.4/components/freertos/FreeRTOS-Kernel/portable/xtensa/include -isystem/home/ludovic/dev/esp-idf-5.5.4/components/freertos/FreeRTOS-Kernel/portable/xtensa/include/freertos -isystem/home/ludovic/dev/esp-idf-5.5.4/components/freertos/esp_additions/include -isystem/home/ludovic/dev/esp-idf-5.5.4/components/esp_hw_support/include -isystem/home/ludovic/dev/esp-idf-5.5.4/components/esp_hw_support/include/soc -isystem/home/ludovic/dev/esp-idf-5.5.4/components/esp_hw_support/include/soc/esp32s3 -isystem/home/ludovic/dev/esp-idf-5.5.4/components/esp_hw_support/dma/include -isystem/home/ludovic/dev/esp-idf-5.5.4/components/esp_hw_support/ldo/include -isystem/home/ludovic/dev/esp-idf-5.5.4/components/esp_hw_support/debug_probe/include -isystem/home/ludovic/dev/esp-idf-5.5.4/components/esp_hw_support/mspi_timing_tuning/include -isystem/home/ludovic/dev/esp-idf-5.5.4/components/esp_hw_support/mspi_timing_tuning/tuning_scheme_impl/include -isystem/home/ludovic/dev/esp-idf-5.5.4/components/esp_hw_support/power_supply/include -isystem/home/ludovic/dev/esp-idf-5.5.4/components/esp_hw_support/port/esp32s3/. -isystem/home/ludovic/dev/esp-idf-5.5.4/components/esp_hw_support/port/esp32s3/include -isystem/home/ludovic/dev/esp-idf-5.5.4/components/esp_hw_support/mspi_timing_tuning/port/esp32s3/. -isystem/home/ludovic/dev/esp-idf-5.5.4/components/esp_hw_support/mspi_timing_tuning/port/esp32s3/include -isystem/home/ludovic/dev/esp-idf-5.5.4/components/heap/include -isystem/home/ludovic/dev/esp-idf-5.5.4/components/heap/tlsf -isystem/home/ludovic/dev/esp-idf-5.5.4/components/log/include -isystem/home/ludovic/dev/esp-idf-5.5.4/components/soc/include -isystem/home/ludovic/dev/esp-idf-5.5.4/components/soc/esp32s3 -isystem/home/ludovic/dev/esp-idf-5.5.4/components/soc/esp32s3/include -isystem/home/ludovic/dev/esp-idf-5.5.4/components/soc/esp32s3/register -isystem/home/ludovic/dev/esp-idf-5.5.4/components/hal/platform_port/include -isystem/home/ludovic/dev/esp-idf-5.5.4/components/hal/esp32s3/include -isystem/home/ludovic/dev/esp-idf-5.5.4/components/hal/include -isystem/home/ludovic/dev/esp-idf-5.5.4/components/esp_rom/include -isystem/home/ludovic/dev/esp-idf-5.5.4/components/esp_rom/esp32s3/include -isystem/home/ludovic/dev/esp-idf-5.5.4/components/esp_rom/esp32s3/include/esp32s3 -isystem/home/ludovic/dev/esp-idf-5.5.4/components/esp_rom/esp32s3 -isystem/home/ludovic/dev/esp-idf-5.5.4/components/esp_common/include -isystem/home/ludovic/dev/esp-idf-5.5.4/components/esp_system/include -isystem/home/ludovic/dev/esp-idf-5.5.4/components/esp_system/port/soc -isystem/home/ludovic/dev/esp-idf-5.5.4/components/esp_system/port/include/private -isystem/home/ludovic/dev/esp-idf-5.5.4/components/xtensa/esp32s3/include -isystem/home/ludovic/dev/esp-idf-5.5.4/components/xtensa/include -isystem/home/ludovic/dev/esp-idf-5.5.4/components/xtensa/deprecated_include -isystem/home/ludovic/dev/esp-idf-5.5.4/components/lwip/include -isystem/home/ludovic/dev/esp-idf-5.5.4/components/lwip/include/apps -isystem/home/ludovic/dev/esp-idf-5.5.4/components/lwip/include/apps/sntp -isystem/home/ludovic/dev/esp-idf-5.5.4/components/lwip/lwip/src/include -isystem/home/ludovic/dev/esp-idf-5.5.4/components/lwip/port/include -isystem/home/ludovic/dev/esp-idf-5.5.4/components/lwip/port/freertos/include -isystem/home/ludovic/dev/esp-idf-5.5.4/components/lwip/port/esp32xx/include -isystem/home/ludovic/dev/esp-idf-5.5.4/components/lwip/port/esp32xx/include/arch -isystem/home/ludovic/dev/esp-idf-5.5.4/components/lwip/port/esp32xx/include/sys -I/home/ludovic/dev/matter-esp32-home-energy-manager/firmware/managed_components/espressif__esp_delta_ota/include -I/home/ludovic/dev/matter-esp32-home-energy-manager/firmware/managed_components/espressif__esp_encrypted_img/include -isystem/home/ludovic/dev/esp-idf-5.5.4/components/esp_eth/include -isystem/home/ludovic/dev/esp-idf-5.5.4/components/esp_event/include -isystem/home/ludovic/dev/esp-idf-5.5.4/components/esp_driver_spi/include -isystem/home/ludovic/dev/esp-idf-5.5.4/components/esp_pm/include -isystem/home/ludovic/dev/esp-idf-5.5.4/components/esp_timer/include -isystem/home/ludovic/dev/esp-idf-5.5.4/components/esp_wifi/include -isystem/home/ludovic/dev/esp-idf-5.5.4/components/esp_wifi/include/local -isystem/home/ludovic/dev/esp-idf-5.5.4/components/esp_wifi/wifi_apps/include -isystem/home/ludovic/dev/esp-idf-5.5.4/components/esp_wifi/wifi_apps/nan_app/include -isystem/home/ludovic/dev/esp-idf-5.5.4/components/esp_phy/include -isystem/home/ludovic/dev/esp-idf-5.5.4/components/esp_phy/esp32s3/include -isystem/home/ludovic/dev/esp-idf-5.5.4/components/esp_netif/include -isystem/home/ludovic/dev/esp-idf-5.5.4/components/mbedtls/port/include -isystem/home/ludovic/dev/esp-idf-5.5.4/components/mbedtls/mbedtls/include -isystem/home/ludovic/dev/esp-idf-5.5.4/components/mbedtls/mbedtls/library -isystem/home/ludovic/dev/esp-idf-5.5.4/components/mbedtls/esp_crt_bundle/include -isystem/home/ludovic/dev/esp-idf-5.5.4/components/mbedtls/mbedtls/3rdparty/everest/include -isystem/home/ludovic/dev/esp-idf-5.5.4/components/mbedtls/mbedtls/3rdparty/p256-m -isystem/home/ludovic/dev/esp-idf-5.5.4/components/mbedtls/mbedtls/3rdparty/p256-m/p256-m -isystem/home/ludovic/dev/esp-idf-5.5.4/components/fatfs/diskio -isystem/home/ludovic/dev/esp-idf-5.5.4/components/fatfs/src -isystem/home/ludovic/dev/esp-idf-5.5.4/components/fatfs/vfs -isystem/home/ludovic/dev/esp-idf-5.5.4/components/wear_levelling/include -isystem/home/ludovic/dev/esp-idf-5.5.4/components/esp_partition/include -isystem/home/ludovic/dev/esp-idf-5.5.4/components/sdmmc/include -isystem/home/ludovic/dev/esp-idf-5.5.4/components/esp_driver_sdmmc/include -isystem/home/ludovic/dev/esp-idf-5.5.4/components/esp_driver_gpio/include -isystem/home/ludovic/dev/esp-idf-5.5.4/components/esp_driver_sdspi/include -isystem/home/ludovic/dev/esp-idf-5.5.4/components/app_update/include -isystem/home/ludovic/dev/esp-idf-5.5.4/components/bootloader_support/include -isystem/home/ludovic/dev/esp-idf-5.5.4/components/bootloader_support/bootloader_flash/include -isystem/home/ludovic/dev/esp-idf-5.5.4/components/esp_app_format/include -isystem/home/ludovic/dev/esp-idf-5.5.4/components/esp_bootloader_format/include -isystem/home/ludovic/dev/esp-idf-5.5.4/components/console -isystem/home/ludovic/dev/esp-idf-5.5.4/components/vfs/include -isystem/home/ludovic/dev/esp-idf-5.5.4/components/esp_vfs_console/include -isystem/home/ludovic/dev/esp-idf-5.5.4/components/esp_driver_uart/include -isystem/home/ludovic/dev/esp-idf-5.5.4/components/driver/deprecated -isystem/home/ludovic/dev/esp-idf-5.5.4/components/driver/i2c/include -isystem/home/ludovic/dev/esp-idf-5.5.4/components/driver/touch_sensor/include -isystem/home/ludovic/dev/esp-idf-5.5.4/components/driver/twai/include -isystem/home/ludovic/dev/esp-idf-5.5.4/components/driver/touch_sensor/esp32s3/include -isystem/home/ludovic/dev/esp-idf-5.5.4/components/esp_ringbuf/include -isystem/home/ludovic/dev/esp-idf-5.5.4/components/esp_driver_pcnt/include -isystem/home/ludovic/dev/esp-idf-5.5.4/components/esp_driver_gptimer/include -isystem/home/ludovic/dev/esp-idf-5.5.4/components/esp_driver_mcpwm/include -isystem/home/ludovic/dev/esp-idf-5.5.4/components/esp_driver_ana_cmpr/include -isystem/home/ludovic/dev/esp-idf-5.5.4/components/esp_driver_i2s/include -isystem/home/ludovic/dev/esp-idf-5.5.4/components/esp_driver_sdio/include -isystem/home/ludovic/dev/esp-idf-5.5.4/components/esp_driver_dac/include -isystem/home/ludovic/dev/esp-idf-5.5.4/components/esp_driver_rmt/include -isystem/home/ludovic/dev/esp-idf-5.5.4/components/esp_driver_tsens/include -isystem/home/ludovic/dev/esp-idf-5.5.4/components/esp_driver_sdm/include -isystem/home/ludovic/dev/esp-idf-5.5.4/components/esp_driver_i2c/include -isystem/home/ludovic/dev/esp-idf-5.5.4/components/esp_driver_ledc/include -isystem/home/ludovic/dev/esp-idf-5.5.4/components/esp_driver_parlio/include -isystem/home/ludovic/dev/esp-idf-5.5.4/components/esp_driver_usb_serial_jtag/include -isystem/home/ludovic/dev/esp-idf-5.5.4/components/esp_driver_twai/include -isystem/home/ludovic/dev/esp-idf-5.5.4/components/nvs_flash/include -isystem/home/ludovic/dev/esp-idf-5.5.4/components/spi_flash/include -I/home/ludovic/dev/matter-esp32-home-energy-manager/firmware/managed_components/espressif__mdns/include -I/home/ludovic/dev/matter-esp32-home-energy-manager/firmware/managed_components/espressif__esp_secure_cert_mgr/include -mlongcalls -fno-builtin-memcpy -fno-builtin-memset -fno-builtin-bzero -mdisable-hardware-atomics -fno-rtti -fdiagnostics-color=always -fdiagnostics-color=always -ffunction-sections -fdata-sections -Wall -Werror=all -Wno-error=unused-function -Wno-error=unused-variable -Wno-error=unused-but-set-variable -Wno-error=deprecated-declarations -Wextra -Wno-error=extra -Wno-unused-parameter -Wno-sign-compare -Wno-enum-conversion -gdwarf-4 -ggdb -Og -fno-shrink-wrap -fmacro-prefix-map=/home/ludovic/dev/matter-esp32-home-energy-manager/firmware=. -fmacro-prefix-map=/home/ludovic/dev/esp-idf-5.5.4=/IDF -fstrict-volatile-bitfields -fno-jump-tables -fno-tree-switch-conversion -Wno-error=uninitialized -Wno-error=maybe-uninitialized -Wno-missing-field-initializers -Wno-error=array-bounds -Wno-write-strings -Wno-format-nonliteral -Wno-format-security -Wformat=0 -std=gnu++2b -fno-exceptions -fuse-cxa-atexit -std=gnu++17 -Os -DCHIP_HAVE_CONFIG_H -Wno-overloaded-virtual -Wno-error=unused-result -I/home/ludovic/dev/matter-esp32-home-energy-manager/firmware/build/config -DCHIP_HAVE_CONFIG_H=1 -I../../../../../esp-matter/connectedhomeip/connectedhomeip/config/esp32/third_party/connectedhomeip/src/include -I../../../../../esp-matter/connectedhomeip/connectedhomeip/config/esp32/third_party/connectedhomeip/src -Igen/include -I../../../../../esp-matter/connectedhomeip/connectedhomeip/config/esp32/third_party/connectedhomeip/zzz_generated/app-common -I../../../../../esp-matter/connectedhomeip/connectedhomeip/config/esp32/third_party/connectedhomeip/third_party/nlio/repo/include -c ../../../../../esp-matter/connectedhomeip/connectedhomeip/config/esp32/third_party/connectedhomeip/src/app/clusters/wifi-network-diagnostics-server/WiFiNetworkDiagnosticsCluster.cpp -o obj/third_party/connectedhomeip/src/app/clusters/wifi-network-diagnostics-server/wifi-network-diagnostics-server.WiFiNetworkDiagnosticsCluster.cpp.o
../../../../../esp-matter/connectedhomeip/connectedhomeip/config/esp32/third_party/connectedhomeip/src/app/clusters/wifi-network-diagnostics-server/WiFiNetworkDiagnosticsCluster.cpp:256:1: fatal error: opening dependency file obj/third_party/connectedhomeip/src/app/clusters/wifi-network-diagnostics-server/wifi-network-diagnostics-server.WiFiNetworkDiagnosticsCluster.cpp.o.d: No such file or directory
  256 | } // namespace chip
      | ^
compilation terminated.
[319/1549] c++ obj/third_party/connectedhomeip/src/app/clusters/webrtc-transport-provider-server/webrtc-transport-provider-server.WebRTCTransportProviderCluster.cpp.o
FAILED: obj/third_party/connectedhomeip/src/app/clusters/webrtc-transport-provider-server/webrtc-transport-provider-server.WebRTCTransportProviderCluster.cpp.o 
/home/ludovic/.espressif/tools/xtensa-esp-elf/esp-14.2.0_20260121/xtensa-esp-elf/bin/xtensa-esp32s3-elf-g++ -MMD -MF obj/third_party/connectedhomeip/src/app/clusters/webrtc-transport-provider-server/webrtc-transport-provider-server.WebRTCTransportProviderCluster.cpp.o.d -Og -g2 -fno-common -ffunction-sections -fdata-sections -fno-exceptions -fno-unwind-tables -fno-asynchronous-unwind-tables -Wall -Werror -Wstack-usage=8192 -Wextra -Wshadow -Wunreachable-code -Wvla -Wformat -Wformat-nonliteral -Wformat-security -Wno-deprecated-declarations -Wno-missing-field-initializers -Wno-unknown-warning-option -Wno-unused-parameter -Wno-cast-function-type -Wno-psabi -Wno-maybe-uninitialized -fdiagnostics-color -fno-strict-aliasing -fmacro-prefix-map=../../../../../esp-matter/connectedhomeip/connectedhomeip/config/esp32/third_party/connectedhomeip/= -std=gnu++17 -fno-rtti -Wnon-virtual-dtor -DESP_MDNS_VERSION_NUMBER=\"1.13.1\" -DESP_PLATFORM -DMBEDTLS_CONFIG_FILE=\"mbedtls/esp_config.h\" -DSOC_MMU_PAGE_SIZE=CONFIG_MMU_PAGE_SIZE -DSOC_XTAL_FREQ_MHZ=CONFIG_XTAL_FREQ -D_GLIBCXX_HAVE_POSIX_SEMAPHORE -D_GLIBCXX_USE_POSIX_SEMAPHORE -D_GNU_SOURCE -D_POSIX_READER_WRITER_LOCKS -I/home/ludovic/dev/matter-esp32-home-energy-manager/firmware/build/config -isystem/home/ludovic/dev/esp-idf-5.5.4/components/freertos/include/freertos -isystem/home/ludovic/dev/esp-idf-5.5.4/components/freertos/FreeRTOS-Kernel/include/freertos -isystem/home/ludovic/dev/esp-idf-5.5.4/components/newlib/platform_include -isystem/home/ludovic/dev/esp-idf-5.5.4/components/freertos/config/include -isystem/home/ludovic/dev/esp-idf-5.5.4/components/freertos/config/include/freertos -isystem/home/ludovic/dev/esp-idf-5.5.4/components/freertos/config/xtensa/include -isystem/home/ludovic/dev/esp-idf-5.5.4/components/freertos/FreeRTOS-Kernel/include -isystem/home/ludovic/dev/esp-idf-5.5.4/components/freertos/FreeRTOS-Kernel/portable/xtensa/include -isystem/home/ludovic/dev/esp-idf-5.5.4/components/freertos/FreeRTOS-Kernel/portable/xtensa/include/freertos -isystem/home/ludovic/dev/esp-idf-5.5.4/components/freertos/esp_additions/include -isystem/home/ludovic/dev/esp-idf-5.5.4/components/esp_hw_support/include -isystem/home/ludovic/dev/esp-idf-5.5.4/components/esp_hw_support/include/soc -isystem/home/ludovic/dev/esp-idf-5.5.4/components/esp_hw_support/include/soc/esp32s3 -isystem/home/ludovic/dev/esp-idf-5.5.4/components/esp_hw_support/dma/include -isystem/home/ludovic/dev/esp-idf-5.5.4/components/esp_hw_support/ldo/include -isystem/home/ludovic/dev/esp-idf-5.5.4/components/esp_hw_support/debug_probe/include -isystem/home/ludovic/dev/esp-idf-5.5.4/components/esp_hw_support/mspi_timing_tuning/include -isystem/home/ludovic/dev/esp-idf-5.5.4/components/esp_hw_support/mspi_timing_tuning/tuning_scheme_impl/include -isystem/home/ludovic/dev/esp-idf-5.5.4/components/esp_hw_support/power_supply/include -isystem/home/ludovic/dev/esp-idf-5.5.4/components/esp_hw_support/port/esp32s3/. -isystem/home/ludovic/dev/esp-idf-5.5.4/components/esp_hw_support/port/esp32s3/include -isystem/home/ludovic/dev/esp-idf-5.5.4/components/esp_hw_support/mspi_timing_tuning/port/esp32s3/. -isystem/home/ludovic/dev/esp-idf-5.5.4/components/esp_hw_support/mspi_timing_tuning/port/esp32s3/include -isystem/home/ludovic/dev/esp-idf-5.5.4/components/heap/include -isystem/home/ludovic/dev/esp-idf-5.5.4/components/heap/tlsf -isystem/home/ludovic/dev/esp-idf-5.5.4/components/log/include -isystem/home/ludovic/dev/esp-idf-5.5.4/components/soc/include -isystem/home/ludovic/dev/esp-idf-5.5.4/components/soc/esp32s3 -isystem/home/ludovic/dev/esp-idf-5.5.4/components/soc/esp32s3/include -isystem/home/ludovic/dev/esp-idf-5.5.4/components/soc/esp32s3/register -isystem/home/ludovic/dev/esp-idf-5.5.4/components/hal/platform_port/include -isystem/home/ludovic/dev/esp-idf-5.5.4/components/hal/esp32s3/include -isystem/home/ludovic/dev/esp-idf-5.5.4/components/hal/include -isystem/home/ludovic/dev/esp-idf-5.5.4/components/esp_rom/include -isystem/home/ludovic/dev/esp-idf-5.5.4/components/esp_rom/esp32s3/include -isystem/home/ludovic/dev/esp-idf-5.5.4/components/esp_rom/esp32s3/include/esp32s3 -isystem/home/ludovic/dev/esp-idf-5.5.4/components/esp_rom/esp32s3 -isystem/home/ludovic/dev/esp-idf-5.5.4/components/esp_common/include -isystem/home/ludovic/dev/esp-idf-5.5.4/components/esp_system/include -isystem/home/ludovic/dev/esp-idf-5.5.4/components/esp_system/port/soc -isystem/home/ludovic/dev/esp-idf-5.5.4/components/esp_system/port/include/private -isystem/home/ludovic/dev/esp-idf-5.5.4/components/xtensa/esp32s3/include -isystem/home/ludovic/dev/esp-idf-5.5.4/components/xtensa/include -isystem/home/ludovic/dev/esp-idf-5.5.4/components/xtensa/deprecated_include -isystem/home/ludovic/dev/esp-idf-5.5.4/components/lwip/include -isystem/home/ludovic/dev/esp-idf-5.5.4/components/lwip/include/apps -isystem/home/ludovic/dev/esp-idf-5.5.4/components/lwip/include/apps/sntp -isystem/home/ludovic/dev/esp-idf-5.5.4/components/lwip/lwip/src/include -isystem/home/ludovic/dev/esp-idf-5.5.4/components/lwip/port/include -isystem/home/ludovic/dev/esp-idf-5.5.4/components/lwip/port/freertos/include -isystem/home/ludovic/dev/esp-idf-5.5.4/components/lwip/port/esp32xx/include -isystem/home/ludovic/dev/esp-idf-5.5.4/components/lwip/port/esp32xx/include/arch -isystem/home/ludovic/dev/esp-idf-5.5.4/components/lwip/port/esp32xx/include/sys -I/home/ludovic/dev/matter-esp32-home-energy-manager/firmware/managed_components/espressif__esp_delta_ota/include -I/home/ludovic/dev/matter-esp32-home-energy-manager/firmware/managed_components/espressif__esp_encrypted_img/include -isystem/home/ludovic/dev/esp-idf-5.5.4/components/esp_eth/include -isystem/home/ludovic/dev/esp-idf-5.5.4/components/esp_event/include -isystem/home/ludovic/dev/esp-idf-5.5.4/components/esp_driver_spi/include -isystem/home/ludovic/dev/esp-idf-5.5.4/components/esp_pm/include -isystem/home/ludovic/dev/esp-idf-5.5.4/components/esp_timer/include -isystem/home/ludovic/dev/esp-idf-5.5.4/components/esp_wifi/include -isystem/home/ludovic/dev/esp-idf-5.5.4/components/esp_wifi/include/local -isystem/home/ludovic/dev/esp-idf-5.5.4/components/esp_wifi/wifi_apps/include -isystem/home/ludovic/dev/esp-idf-5.5.4/components/esp_wifi/wifi_apps/nan_app/include -isystem/home/ludovic/dev/esp-idf-5.5.4/components/esp_phy/include -isystem/home/ludovic/dev/esp-idf-5.5.4/components/esp_phy/esp32s3/include -isystem/home/ludovic/dev/esp-idf-5.5.4/components/esp_netif/include -isystem/home/ludovic/dev/esp-idf-5.5.4/components/mbedtls/port/include -isystem/home/ludovic/dev/esp-idf-5.5.4/components/mbedtls/mbedtls/include -isystem/home/ludovic/dev/esp-idf-5.5.4/components/mbedtls/mbedtls/library -isystem/home/ludovic/dev/esp-idf-5.5.4/components/mbedtls/esp_crt_bundle/include -isystem/home/ludovic/dev/esp-idf-5.5.4/components/mbedtls/mbedtls/3rdparty/everest/include -isystem/home/ludovic/dev/esp-idf-5.5.4/components/mbedtls/mbedtls/3rdparty/p256-m -isystem/home/ludovic/dev/esp-idf-5.5.4/components/mbedtls/mbedtls/3rdparty/p256-m/p256-m -isystem/home/ludovic/dev/esp-idf-5.5.4/components/fatfs/diskio -isystem/home/ludovic/dev/esp-idf-5.5.4/components/fatfs/src -isystem/home/ludovic/dev/esp-idf-5.5.4/components/fatfs/vfs -isystem/home/ludovic/dev/esp-idf-5.5.4/components/wear_levelling/include -isystem/home/ludovic/dev/esp-idf-5.5.4/components/esp_partition/include -isystem/home/ludovic/dev/esp-idf-5.5.4/components/sdmmc/include -isystem/home/ludovic/dev/esp-idf-5.5.4/components/esp_driver_sdmmc/include -isystem/home/ludovic/dev/esp-idf-5.5.4/components/esp_driver_gpio/include -isystem/home/ludovic/dev/esp-idf-5.5.4/components/esp_driver_sdspi/include -isystem/home/ludovic/dev/esp-idf-5.5.4/components/app_update/include -isystem/home/ludovic/dev/esp-idf-5.5.4/components/bootloader_support/include -isystem/home/ludovic/dev/esp-idf-5.5.4/components/bootloader_support/bootloader_flash/include -isystem/home/ludovic/dev/esp-idf-5.5.4/components/esp_app_format/include -isystem/home/ludovic/dev/esp-idf-5.5.4/components/esp_bootloader_format/include -isystem/home/ludovic/dev/esp-idf-5.5.4/components/console -isystem/home/ludovic/dev/esp-idf-5.5.4/components/vfs/include -isystem/home/ludovic/dev/esp-idf-5.5.4/components/esp_vfs_console/include -isystem/home/ludovic/dev/esp-idf-5.5.4/components/esp_driver_uart/include -isystem/home/ludovic/dev/esp-idf-5.5.4/components/driver/deprecated -isystem/home/ludovic/dev/esp-idf-5.5.4/components/driver/i2c/include -isystem/home/ludovic/dev/esp-idf-5.5.4/components/driver/touch_sensor/include -isystem/home/ludovic/dev/esp-idf-5.5.4/components/driver/twai/include -isystem/home/ludovic/dev/esp-idf-5.5.4/components/driver/touch_sensor/esp32s3/include -isystem/home/ludovic/dev/esp-idf-5.5.4/components/esp_ringbuf/include -isystem/home/ludovic/dev/esp-idf-5.5.4/components/esp_driver_pcnt/include -isystem/home/ludovic/dev/esp-idf-5.5.4/components/esp_driver_gptimer/include -isystem/home/ludovic/dev/esp-idf-5.5.4/components/esp_driver_mcpwm/include -isystem/home/ludovic/dev/esp-idf-5.5.4/components/esp_driver_ana_cmpr/include -isystem/home/ludovic/dev/esp-idf-5.5.4/components/esp_driver_i2s/include -isystem/home/ludovic/dev/esp-idf-5.5.4/components/esp_driver_sdio/include -isystem/home/ludovic/dev/esp-idf-5.5.4/components/esp_driver_dac/include -isystem/home/ludovic/dev/esp-idf-5.5.4/components/esp_driver_rmt/include -isystem/home/ludovic/dev/esp-idf-5.5.4/components/esp_driver_tsens/include -isystem/home/ludovic/dev/esp-idf-5.5.4/components/esp_driver_sdm/include -isystem/home/ludovic/dev/esp-idf-5.5.4/components/esp_driver_i2c/include -isystem/home/ludovic/dev/esp-idf-5.5.4/components/esp_driver_ledc/include -isystem/home/ludovic/dev/esp-idf-5.5.4/components/esp_driver_parlio/include -isystem/home/ludovic/dev/esp-idf-5.5.4/components/esp_driver_usb_serial_jtag/include -isystem/home/ludovic/dev/esp-idf-5.5.4/components/esp_driver_twai/include -isystem/home/ludovic/dev/esp-idf-5.5.4/components/nvs_flash/include -isystem/home/ludovic/dev/esp-idf-5.5.4/components/spi_flash/include -I/home/ludovic/dev/matter-esp32-home-energy-manager/firmware/managed_components/espressif__mdns/include -I/home/ludovic/dev/matter-esp32-home-energy-manager/firmware/managed_components/espressif__esp_secure_cert_mgr/include -mlongcalls -fno-builtin-memcpy -fno-builtin-memset -fno-builtin-bzero -mdisable-hardware-atomics -fno-rtti -fdiagnostics-color=always -fdiagnostics-color=always -ffunction-sections -fdata-sections -Wall -Werror=all -Wno-error=unused-function -Wno-error=unused-variable -Wno-error=unused-but-set-variable -Wno-error=deprecated-declarations -Wextra -Wno-error=extra -Wno-unused-parameter -Wno-sign-compare -Wno-enum-conversion -gdwarf-4 -ggdb -Og -fno-shrink-wrap -fmacro-prefix-map=/home/ludovic/dev/matter-esp32-home-energy-manager/firmware=. -fmacro-prefix-map=/home/ludovic/dev/esp-idf-5.5.4=/IDF -fstrict-volatile-bitfields -fno-jump-tables -fno-tree-switch-conversion -Wno-error=uninitialized -Wno-error=maybe-uninitialized -Wno-missing-field-initializers -Wno-error=array-bounds -Wno-write-strings -Wno-format-nonliteral -Wno-format-security -Wformat=0 -std=gnu++2b -fno-exceptions -fuse-cxa-atexit -std=gnu++17 -Os -DCHIP_HAVE_CONFIG_H -Wno-overloaded-virtual -Wno-error=unused-result -I/home/ludovic/dev/matter-esp32-home-energy-manager/firmware/build/config -DCHIP_HAVE_CONFIG_H=1 -I../../../../../esp-matter/connectedhomeip/connectedhomeip/config/esp32/third_party/connectedhomeip/src/include -I../../../../../esp-matter/connectedhomeip/connectedhomeip/config/esp32/third_party/connectedhomeip/src -Igen/include -I../../../../../esp-matter/connectedhomeip/connectedhomeip/config/esp32/third_party/connectedhomeip/zzz_generated/app-common -I../../../../../esp-matter/connectedhomeip/connectedhomeip/config/esp32/third_party/connectedhomeip/third_party/nlio/repo/include -c ../../../../../esp-matter/connectedhomeip/connectedhomeip/config/esp32/third_party/connectedhomeip/src/app/clusters/webrtc-transport-provider-server/WebRTCTransportProviderCluster.cpp -o obj/third_party/connectedhomeip/src/app/clusters/webrtc-transport-provider-server/webrtc-transport-provider-server.WebRTCTransportProviderCluster.cpp.o
../../../../../esp-matter/connectedhomeip/connectedhomeip/config/esp32/third_party/connectedhomeip/src/app/clusters/webrtc-transport-provider-server/WebRTCTransportProviderCluster.cpp:1226:1: fatal error: opening dependency file obj/third_party/connectedhomeip/src/app/clusters/webrtc-transport-provider-server/webrtc-transport-provider-server.WebRTCTransportProviderCluster.cpp.o.d: No such file or directory
 1226 | } // namespace chip
      | ^
compilation terminated.
[320/1549] c++ obj/third_party/connectedhomeip/zzz_generated/app-common/app-common/zap-generated/libClusterObjects.cluster-objects.cpp.o
FAILED: obj/third_party/connectedhomeip/zzz_generated/app-common/app-common/zap-generated/libClusterObjects.cluster-objects.cpp.o 
/home/ludovic/.espressif/tools/xtensa-esp-elf/esp-14.2.0_20260121/xtensa-esp-elf/bin/xtensa-esp32s3-elf-g++ -MMD -MF obj/third_party/connectedhomeip/zzz_generated/app-common/app-common/zap-generated/libClusterObjects.cluster-objects.cpp.o.d -Og -g2 -fno-common -ffunction-sections -fdata-sections -fno-exceptions -fno-unwind-tables -fno-asynchronous-unwind-tables -Wall -Werror -Wstack-usage=8192 -Wextra -Wshadow -Wunreachable-code -Wvla -Wformat -Wformat-nonliteral -Wformat-security -Wno-deprecated-declarations -Wno-missing-field-initializers -Wno-unknown-warning-option -Wno-unused-parameter -Wno-cast-function-type -Wno-psabi -Wno-maybe-uninitialized -fdiagnostics-color -fno-strict-aliasing -fmacro-prefix-map=../../../../../esp-matter/connectedhomeip/connectedhomeip/config/esp32/third_party/connectedhomeip/= -std=gnu++17 -fno-rtti -Wnon-virtual-dtor -DESP_MDNS_VERSION_NUMBER=\"1.13.1\" -DESP_PLATFORM -DMBEDTLS_CONFIG_FILE=\"mbedtls/esp_config.h\" -DSOC_MMU_PAGE_SIZE=CONFIG_MMU_PAGE_SIZE -DSOC_XTAL_FREQ_MHZ=CONFIG_XTAL_FREQ -D_GLIBCXX_HAVE_POSIX_SEMAPHORE -D_GLIBCXX_USE_POSIX_SEMAPHORE -D_GNU_SOURCE -D_POSIX_READER_WRITER_LOCKS -I/home/ludovic/dev/matter-esp32-home-energy-manager/firmware/build/config -isystem/home/ludovic/dev/esp-idf-5.5.4/components/freertos/include/freertos -isystem/home/ludovic/dev/esp-idf-5.5.4/components/freertos/FreeRTOS-Kernel/include/freertos -isystem/home/ludovic/dev/esp-idf-5.5.4/components/newlib/platform_include -isystem/home/ludovic/dev/esp-idf-5.5.4/components/freertos/config/include -isystem/home/ludovic/dev/esp-idf-5.5.4/components/freertos/config/include/freertos -isystem/home/ludovic/dev/esp-idf-5.5.4/components/freertos/config/xtensa/include -isystem/home/ludovic/dev/esp-idf-5.5.4/components/freertos/FreeRTOS-Kernel/include -isystem/home/ludovic/dev/esp-idf-5.5.4/components/freertos/FreeRTOS-Kernel/portable/xtensa/include -isystem/home/ludovic/dev/esp-idf-5.5.4/components/freertos/FreeRTOS-Kernel/portable/xtensa/include/freertos -isystem/home/ludovic/dev/esp-idf-5.5.4/components/freertos/esp_additions/include -isystem/home/ludovic/dev/esp-idf-5.5.4/components/esp_hw_support/include -isystem/home/ludovic/dev/esp-idf-5.5.4/components/esp_hw_support/include/soc -isystem/home/ludovic/dev/esp-idf-5.5.4/components/esp_hw_support/include/soc/esp32s3 -isystem/home/ludovic/dev/esp-idf-5.5.4/components/esp_hw_support/dma/include -isystem/home/ludovic/dev/esp-idf-5.5.4/components/esp_hw_support/ldo/include -isystem/home/ludovic/dev/esp-idf-5.5.4/components/esp_hw_support/debug_probe/include -isystem/home/ludovic/dev/esp-idf-5.5.4/components/esp_hw_support/mspi_timing_tuning/include -isystem/home/ludovic/dev/esp-idf-5.5.4/components/esp_hw_support/mspi_timing_tuning/tuning_scheme_impl/include -isystem/home/ludovic/dev/esp-idf-5.5.4/components/esp_hw_support/power_supply/include -isystem/home/ludovic/dev/esp-idf-5.5.4/components/esp_hw_support/port/esp32s3/. -isystem/home/ludovic/dev/esp-idf-5.5.4/components/esp_hw_support/port/esp32s3/include -isystem/home/ludovic/dev/esp-idf-5.5.4/components/esp_hw_support/mspi_timing_tuning/port/esp32s3/. -isystem/home/ludovic/dev/esp-idf-5.5.4/components/esp_hw_support/mspi_timing_tuning/port/esp32s3/include -isystem/home/ludovic/dev/esp-idf-5.5.4/components/heap/include -isystem/home/ludovic/dev/esp-idf-5.5.4/components/heap/tlsf -isystem/home/ludovic/dev/esp-idf-5.5.4/components/log/include -isystem/home/ludovic/dev/esp-idf-5.5.4/components/soc/include -isystem/home/ludovic/dev/esp-idf-5.5.4/components/soc/esp32s3 -isystem/home/ludovic/dev/esp-idf-5.5.4/components/soc/esp32s3/include -isystem/home/ludovic/dev/esp-idf-5.5.4/components/soc/esp32s3/register -isystem/home/ludovic/dev/esp-idf-5.5.4/components/hal/platform_port/include -isystem/home/ludovic/dev/esp-idf-5.5.4/components/hal/esp32s3/include -isystem/home/ludovic/dev/esp-idf-5.5.4/components/hal/include -isystem/home/ludovic/dev/esp-idf-5.5.4/components/esp_rom/include -isystem/home/ludovic/dev/esp-idf-5.5.4/components/esp_rom/esp32s3/include -isystem/home/ludovic/dev/esp-idf-5.5.4/components/esp_rom/esp32s3/include/esp32s3 -isystem/home/ludovic/dev/esp-idf-5.5.4/components/esp_rom/esp32s3 -isystem/home/ludovic/dev/esp-idf-5.5.4/components/esp_common/include -isystem/home/ludovic/dev/esp-idf-5.5.4/components/esp_system/include -isystem/home/ludovic/dev/esp-idf-5.5.4/components/esp_system/port/soc -isystem/home/ludovic/dev/esp-idf-5.5.4/components/esp_system/port/include/private -isystem/home/ludovic/dev/esp-idf-5.5.4/components/xtensa/esp32s3/include -isystem/home/ludovic/dev/esp-idf-5.5.4/components/xtensa/include -isystem/home/ludovic/dev/esp-idf-5.5.4/components/xtensa/deprecated_include -isystem/home/ludovic/dev/esp-idf-5.5.4/components/lwip/include -isystem/home/ludovic/dev/esp-idf-5.5.4/components/lwip/include/apps -isystem/home/ludovic/dev/esp-idf-5.5.4/components/lwip/include/apps/sntp -isystem/home/ludovic/dev/esp-idf-5.5.4/components/lwip/lwip/src/include -isystem/home/ludovic/dev/esp-idf-5.5.4/components/lwip/port/include -isystem/home/ludovic/dev/esp-idf-5.5.4/components/lwip/port/freertos/include -isystem/home/ludovic/dev/esp-idf-5.5.4/components/lwip/port/esp32xx/include -isystem/home/ludovic/dev/esp-idf-5.5.4/components/lwip/port/esp32xx/include/arch -isystem/home/ludovic/dev/esp-idf-5.5.4/components/lwip/port/esp32xx/include/sys -I/home/ludovic/dev/matter-esp32-home-energy-manager/firmware/managed_components/espressif__esp_delta_ota/include -I/home/ludovic/dev/matter-esp32-home-energy-manager/firmware/managed_components/espressif__esp_encrypted_img/include -isystem/home/ludovic/dev/esp-idf-5.5.4/components/esp_eth/include -isystem/home/ludovic/dev/esp-idf-5.5.4/components/esp_event/include -isystem/home/ludovic/dev/esp-idf-5.5.4/components/esp_driver_spi/include -isystem/home/ludovic/dev/esp-idf-5.5.4/components/esp_pm/include -isystem/home/ludovic/dev/esp-idf-5.5.4/components/esp_timer/include -isystem/home/ludovic/dev/esp-idf-5.5.4/components/esp_wifi/include -isystem/home/ludovic/dev/esp-idf-5.5.4/components/esp_wifi/include/local -isystem/home/ludovic/dev/esp-idf-5.5.4/components/esp_wifi/wifi_apps/include -isystem/home/ludovic/dev/esp-idf-5.5.4/components/esp_wifi/wifi_apps/nan_app/include -isystem/home/ludovic/dev/esp-idf-5.5.4/components/esp_phy/include -isystem/home/ludovic/dev/esp-idf-5.5.4/components/esp_phy/esp32s3/include -isystem/home/ludovic/dev/esp-idf-5.5.4/components/esp_netif/include -isystem/home/ludovic/dev/esp-idf-5.5.4/components/mbedtls/port/include -isystem/home/ludovic/dev/esp-idf-5.5.4/components/mbedtls/mbedtls/include -isystem/home/ludovic/dev/esp-idf-5.5.4/components/mbedtls/mbedtls/library -isystem/home/ludovic/dev/esp-idf-5.5.4/components/mbedtls/esp_crt_bundle/include -isystem/home/ludovic/dev/esp-idf-5.5.4/components/mbedtls/mbedtls/3rdparty/everest/include -isystem/home/ludovic/dev/esp-idf-5.5.4/components/mbedtls/mbedtls/3rdparty/p256-m -isystem/home/ludovic/dev/esp-idf-5.5.4/components/mbedtls/mbedtls/3rdparty/p256-m/p256-m -isystem/home/ludovic/dev/esp-idf-5.5.4/components/fatfs/diskio -isystem/home/ludovic/dev/esp-idf-5.5.4/components/fatfs/src -isystem/home/ludovic/dev/esp-idf-5.5.4/components/fatfs/vfs -isystem/home/ludovic/dev/esp-idf-5.5.4/components/wear_levelling/include -isystem/home/ludovic/dev/esp-idf-5.5.4/components/esp_partition/include -isystem/home/ludovic/dev/esp-idf-5.5.4/components/sdmmc/include -isystem/home/ludovic/dev/esp-idf-5.5.4/components/esp_driver_sdmmc/include -isystem/home/ludovic/dev/esp-idf-5.5.4/components/esp_driver_gpio/include -isystem/home/ludovic/dev/esp-idf-5.5.4/components/esp_driver_sdspi/include -isystem/home/ludovic/dev/esp-idf-5.5.4/components/app_update/include -isystem/home/ludovic/dev/esp-idf-5.5.4/components/bootloader_support/include -isystem/home/ludovic/dev/esp-idf-5.5.4/components/bootloader_support/bootloader_flash/include -isystem/home/ludovic/dev/esp-idf-5.5.4/components/esp_app_format/include -isystem/home/ludovic/dev/esp-idf-5.5.4/components/esp_bootloader_format/include -isystem/home/ludovic/dev/esp-idf-5.5.4/components/console -isystem/home/ludovic/dev/esp-idf-5.5.4/components/vfs/include -isystem/home/ludovic/dev/esp-idf-5.5.4/components/esp_vfs_console/include -isystem/home/ludovic/dev/esp-idf-5.5.4/components/esp_driver_uart/include -isystem/home/ludovic/dev/esp-idf-5.5.4/components/driver/deprecated -isystem/home/ludovic/dev/esp-idf-5.5.4/components/driver/i2c/include -isystem/home/ludovic/dev/esp-idf-5.5.4/components/driver/touch_sensor/include -isystem/home/ludovic/dev/esp-idf-5.5.4/components/driver/twai/include -isystem/home/ludovic/dev/esp-idf-5.5.4/components/driver/touch_sensor/esp32s3/include -isystem/home/ludovic/dev/esp-idf-5.5.4/components/esp_ringbuf/include -isystem/home/ludovic/dev/esp-idf-5.5.4/components/esp_driver_pcnt/include -isystem/home/ludovic/dev/esp-idf-5.5.4/components/esp_driver_gptimer/include -isystem/home/ludovic/dev/esp-idf-5.5.4/components/esp_driver_mcpwm/include -isystem/home/ludovic/dev/esp-idf-5.5.4/components/esp_driver_ana_cmpr/include -isystem/home/ludovic/dev/esp-idf-5.5.4/components/esp_driver_i2s/include -isystem/home/ludovic/dev/esp-idf-5.5.4/components/esp_driver_sdio/include -isystem/home/ludovic/dev/esp-idf-5.5.4/components/esp_driver_dac/include -isystem/home/ludovic/dev/esp-idf-5.5.4/components/esp_driver_rmt/include -isystem/home/ludovic/dev/esp-idf-5.5.4/components/esp_driver_tsens/include -isystem/home/ludovic/dev/esp-idf-5.5.4/components/esp_driver_sdm/include -isystem/home/ludovic/dev/esp-idf-5.5.4/components/esp_driver_i2c/include -isystem/home/ludovic/dev/esp-idf-5.5.4/components/esp_driver_ledc/include -isystem/home/ludovic/dev/esp-idf-5.5.4/components/esp_driver_parlio/include -isystem/home/ludovic/dev/esp-idf-5.5.4/components/esp_driver_usb_serial_jtag/include -isystem/home/ludovic/dev/esp-idf-5.5.4/components/esp_driver_twai/include -isystem/home/ludovic/dev/esp-idf-5.5.4/components/nvs_flash/include -isystem/home/ludovic/dev/esp-idf-5.5.4/components/spi_flash/include -I/home/ludovic/dev/matter-esp32-home-energy-manager/firmware/managed_components/espressif__mdns/include -I/home/ludovic/dev/matter-esp32-home-energy-manager/firmware/managed_components/espressif__esp_secure_cert_mgr/include -mlongcalls -fno-builtin-memcpy -fno-builtin-memset -fno-builtin-bzero -mdisable-hardware-atomics -fno-rtti -fdiagnostics-color=always -fdiagnostics-color=always -ffunction-sections -fdata-sections -Wall -Werror=all -Wno-error=unused-function -Wno-error=unused-variable -Wno-error=unused-but-set-variable -Wno-error=deprecated-declarations -Wextra -Wno-error=extra -Wno-unused-parameter -Wno-sign-compare -Wno-enum-conversion -gdwarf-4 -ggdb -Og -fno-shrink-wrap -fmacro-prefix-map=/home/ludovic/dev/matter-esp32-home-energy-manager/firmware=. -fmacro-prefix-map=/home/ludovic/dev/esp-idf-5.5.4=/IDF -fstrict-volatile-bitfields -fno-jump-tables -fno-tree-switch-conversion -Wno-error=uninitialized -Wno-error=maybe-uninitialized -Wno-missing-field-initializers -Wno-error=array-bounds -Wno-write-strings -Wno-format-nonliteral -Wno-format-security -Wformat=0 -std=gnu++2b -fno-exceptions -fuse-cxa-atexit -std=gnu++17 -Os -DCHIP_HAVE_CONFIG_H -Wno-overloaded-virtual -Wno-error=unused-result -I/home/ludovic/dev/matter-esp32-home-energy-manager/firmware/build/config -DCHIP_HAVE_CONFIG_H=1 -I../../../../../esp-matter/connectedhomeip/connectedhomeip/config/esp32/third_party/connectedhomeip/zzz_generated/app-common -I../../../../../esp-matter/connectedhomeip/connectedhomeip/config/esp32/third_party/connectedhomeip/src/include -I../../../../../esp-matter/connectedhomeip/connectedhomeip/config/esp32/third_party/connectedhomeip/src -Igen/include -I../../../../../esp-matter/connectedhomeip/connectedhomeip/config/esp32/third_party/connectedhomeip/third_party/nlio/repo/include -c ../../../../../esp-matter/connectedhomeip/connectedhomeip/config/esp32/third_party/connectedhomeip/zzz_generated/app-common/app-common/zap-generated/cluster-objects.cpp -o obj/third_party/connectedhomeip/zzz_generated/app-common/app-common/zap-generated/libClusterObjects.cluster-objects.cpp.o
../../../../../esp-matter/connectedhomeip/connectedhomeip/config/esp32/third_party/connectedhomeip/zzz_generated/app-common/app-common/zap-generated/cluster-objects.cpp:1807:1: fatal error: opening dependency file obj/third_party/connectedhomeip/zzz_generated/app-common/app-common/zap-generated/libClusterObjects.cluster-objects.cpp.o.d: No such file or directory
 1807 | } // namespace chip
      | ^
compilation terminated.
ninja: build stopped: subcommand failed.
ninja: build stopped: subcommand failed.
Traceback (most recent call last):
  File "/home/ludovic/dev/esp-idf-5.5.4/tools/idf.py", line 934, in <module>
    main()
  File "/home/ludovic/dev/esp-idf-5.5.4/tools/idf.py", line 813, in main
    cli(argv, prog_name=PROG, complete_var=SHELL_COMPLETE_VAR)
  File "/home/ludovic/.espressif/python_env/idf5.5_py3.12_env/lib/python3.12/site-packages/click/core.py", line 1161, in __call__
    return self.main(*args, **kwargs)
           ^^^^^^^^^^^^^^^^^^^^^^^^^^
  File "/home/ludovic/.espressif/python_env/idf5.5_py3.12_env/lib/python3.12/site-packages/click/core.py", line 1082, in main
    rv = self.invoke(ctx)
         ^^^^^^^^^^^^^^^^
  File "/home/ludovic/.espressif/python_env/idf5.5_py3.12_env/lib/python3.12/site-packages/click/core.py", line 1729, in invoke
    return _process_result(rv)
           ^^^^^^^^^^^^^^^^^^^
  File "/home/ludovic/.espressif/python_env/idf5.5_py3.12_env/lib/python3.12/site-packages/click/core.py", line 1666, in _process_result
    value = ctx.invoke(self._result_callback, value, **ctx.params)
            ^^^^^^^^^^^^^^^^^^^^^^^^^^^^^^^^^^^^^^^^^^^^^^^^^^^^^^
  File "/home/ludovic/.espressif/python_env/idf5.5_py3.12_env/lib/python3.12/site-packages/click/core.py", line 788, in invoke
    return __callback(*args, **kwargs)
           ^^^^^^^^^^^^^^^^^^^^^^^^^^^
  File "/home/ludovic/dev/esp-idf-5.5.4/tools/idf.py", line 709, in execute_tasks
    task(ctx, global_args, task.action_args)
  File "/home/ludovic/dev/esp-idf-5.5.4/tools/idf.py", line 239, in __call__
    self.callback(self.name, context, global_args, **action_args)
  File "/home/ludovic/dev/esp-idf-5.5.4/tools/idf_py_actions/core_ext.py", line 51, in build_target
    run_target(target_name, args, force_progression=GENERATORS[args.generator].get('force_progression', False))
  File "/home/ludovic/dev/esp-idf-5.5.4/tools/idf_py_actions/tools.py", line 548, in run_target
    RunTool(
  File "/home/ludovic/dev/esp-idf-5.5.4/tools/idf_py_actions/tools.py", line 354, in __call__
    for hint in generate_hints(stderr_output_file, stdout_output_file):
  File "/home/ludovic/dev/esp-idf-5.5.4/tools/idf_py_actions/tools.py", line 273, in generate_hints
    with open(file_name, 'r', encoding='utf-8') as file:
         ^^^^^^^^^^^^^^^^^^^^^^^^^^^^^^^^^^^^^^
FileNotFoundError: [Errno 2] No such file or directory: '/home/ludovic/dev/matter-esp32-home-energy-manager/firmware/build/log/idf_py_stderr_output_53031'
